-- MySQL dump 10.13  Distrib 8.0.44, for Linux (x86_64)
--
-- Host: fm-prod-db.cdie8iima00l.ap-southeast-2.rds.amazonaws.com    Database: fm_prod_db
-- ------------------------------------------------------
-- Server version	8.4.5

/*!40101 SET @OLD_CHARACTER_SET_CLIENT=@@CHARACTER_SET_CLIENT */;
/*!40101 SET @OLD_CHARACTER_SET_RESULTS=@@CHARACTER_SET_RESULTS */;
/*!40101 SET @OLD_COLLATION_CONNECTION=@@COLLATION_CONNECTION */;
/*!50503 SET NAMES utf8mb4 */;
/*!40103 SET @OLD_TIME_ZONE=@@TIME_ZONE */;
/*!40103 SET TIME_ZONE='+00:00' */;
/*!40014 SET @OLD_UNIQUE_CHECKS=@@UNIQUE_CHECKS, UNIQUE_CHECKS=0 */;
/*!40014 SET @OLD_FOREIGN_KEY_CHECKS=@@FOREIGN_KEY_CHECKS, FOREIGN_KEY_CHECKS=0 */;
/*!40101 SET @OLD_SQL_MODE=@@SQL_MODE, SQL_MODE='NO_AUTO_VALUE_ON_ZERO' */;
/*!40111 SET @OLD_SQL_NOTES=@@SQL_NOTES, SQL_NOTES=0 */;
SET @MYSQLDUMP_TEMP_LOG_BIN = @@SESSION.SQL_LOG_BIN;
SET @@SESSION.SQL_LOG_BIN= 0;

--
-- GTID state at the beginning of the backup 
--

SET @@GLOBAL.GTID_PURGED=/*!80000 '+'*/ '';

--
-- Table structure for table `Boat`
--

DROP TABLE IF EXISTS `Boat`;
/*!40101 SET @saved_cs_client     = @@character_set_client */;
/*!50503 SET character_set_client = utf8mb4 */;
CREATE TABLE `Boat` (
  `id` int NOT NULL AUTO_INCREMENT,
  `name` varchar(191) CHARACTER SET utf8mb4 COLLATE utf8mb4_unicode_ci NOT NULL,
  `owners_name` varchar(191) CHARACTER SET utf8mb4 COLLATE utf8mb4_unicode_ci NOT NULL,
  `fileKey` varchar(191) CHARACTER SET utf8mb4 COLLATE utf8mb4_unicode_ci DEFAULT NULL,
  `avatar_url` varchar(191) CHARACTER SET utf8mb4 COLLATE utf8mb4_unicode_ci DEFAULT NULL,
  `rego` varchar(191) CHARACTER SET utf8mb4 COLLATE utf8mb4_unicode_ci NOT NULL,
  `vin` varchar(191) CHARACTER SET utf8mb4 COLLATE utf8mb4_unicode_ci NOT NULL,
  `make` varchar(191) CHARACTER SET utf8mb4 COLLATE utf8mb4_unicode_ci NOT NULL,
  `model` varchar(191) CHARACTER SET utf8mb4 COLLATE utf8mb4_unicode_ci NOT NULL,
  `engine_no` varchar(191) CHARACTER SET utf8mb4 COLLATE utf8mb4_unicode_ci NOT NULL,
  `engine_make` varchar(191) CHARACTER SET utf8mb4 COLLATE utf8mb4_unicode_ci NOT NULL,
  `engine_model` varchar(191) CHARACTER SET utf8mb4 COLLATE utf8mb4_unicode_ci DEFAULT NULL,
  `length` varchar(191) CHARACTER SET utf8mb4 COLLATE utf8mb4_unicode_ci NOT NULL,
  `app_date` datetime(3) DEFAULT NULL,
  `book_from` datetime(3) DEFAULT NULL,
  `book_to` datetime(3) DEFAULT NULL,
  `email` varchar(191) CHARACTER SET utf8mb4 COLLATE utf8mb4_unicode_ci NOT NULL,
  `phone_no` varchar(191) CHARACTER SET utf8mb4 COLLATE utf8mb4_unicode_ci NOT NULL,
  `docking_date` datetime(3) DEFAULT NULL,
  `boat_type` varchar(191) CHARACTER SET utf8mb4 COLLATE utf8mb4_unicode_ci DEFAULT NULL,
  `userId` int NOT NULL,
  `createdAt` datetime(3) NOT NULL DEFAULT CURRENT_TIMESTAMP(3),
  `updatedAt` datetime(3) DEFAULT NULL,
  `inviteStatus` varchar(191) CHARACTER SET utf8mb4 COLLATE utf8mb4_unicode_ci DEFAULT NULL,
  `isBoathubRego` tinyint(1) NOT NULL DEFAULT '0',
  PRIMARY KEY (`id`),
  KEY `Boat_userId_fkey` (`userId`),
  CONSTRAINT `Boat_userId_fkey` FOREIGN KEY (`userId`) REFERENCES `User` (`id`) ON DELETE CASCADE ON UPDATE CASCADE
) ENGINE=InnoDB AUTO_INCREMENT=77 DEFAULT CHARSET=utf8mb4 COLLATE=utf8mb4_unicode_ci;
/*!40101 SET character_set_client = @saved_cs_client */;

--
-- Dumping data for table `Boat`
--

LOCK TABLES `Boat` WRITE;
/*!40000 ALTER TABLE `Boat` DISABLE KEYS */;
INSERT INTO `Boat` VALUES (1,'ankit4 - ServiceHub - TrailerBoat','Ankit 4',NULL,'1740761206455-1.jpg','ankit4','123','Boston Whaler','130 Super Sport','2','40hp','Hyundai','23','2025-02-28 00:00:00.000','2025-02-28 00:00:00.000','2025-02-28 00:00:00.000','nik6@yopmail.com','9327489849','2025-02-28 00:00:00.000','Trailer Boat',1,'2025-02-28 16:46:46.468','2025-03-10 11:47:27.358','invited',0),(2,'SH Boat - ankit5','Nik vessel 33',NULL,'1740761446643-2.jpg','ankit5','123','Mastercraft','Xstar S','34','SUPERCHARGED 6.2L','GHJ','34','2025-02-28 00:00:00.000','2025-02-28 00:00:00.000','2025-02-28 00:00:00.000','nik6@yopmail.com','9979067627','2025-02-28 00:00:00.000','Yacht',1,'2025-02-28 16:50:46.647','2025-03-24 04:05:21.246','invited',0),(3,'Boat 1','Anka',NULL,'1740761916075-1.jpg','ankit6','12345','Boston Whaler','130 Super Sport','3','40hp','Hyundai','34','2025-02-28 00:00:00.000','2025-02-28 00:00:00.000','2025-02-28 00:00:00.000','nik6@yopmail.com','9327489849','2025-02-28 00:00:00.000','Jetski',1,'2025-02-28 16:58:36.087','2025-02-28 16:58:36.087',NULL,0),(4,'ankit7 - Trailer Boat - SH 2','Nik vessel 334',NULL,'1740764646837-2.jpg','ankit7','3','Mastercraft','Xstar S','23','SUPERCHARGED 6.2L','Hyundai','1234','2025-02-28 00:00:00.000','2025-02-28 00:00:00.000','2025-02-28 00:00:00.000','poojan1@yopmail.com','9327489844','2025-02-28 00:00:00.000','Trailer Boat',1,'2025-02-28 17:44:06.845','2025-03-02 21:59:46.071',NULL,0),(7,'anks boat','new boat my',NULL,'1740953660765-ic_invitation.png','anks0012','12312','21321','21312','2','23','12','12','2025-03-02 00:00:00.000','2025-03-05 00:00:00.000','2025-03-08 00:00:00.000','nik6@yopmail.com','9324353452','2025-03-04 00:00:00.000','Jetski',1,'2025-03-02 22:14:20.770','2025-03-02 22:14:20.770',NULL,0),(8,'Anks Vessel','ankit V',NULL,'1740975106967-ic_invitation.png','anksdev01','ab324qavba3','Hundai','Jazz','2','Make','Model','25','2025-03-03 00:00:00.000','2025-03-03 00:00:00.000','2025-03-07 00:00:00.000','anks.dev.01@yopmail.com','9408688115','2025-03-03 00:00:00.000','Jetski',1,'2025-03-03 04:11:46.973','2025-03-03 04:18:02.716',NULL,0),(9,'Poojan Vessel','Poojan Patel',NULL,'1740976484711-ic_invitation.png','anksdev002','1234','Kia','Model','6','E Make','E Model','25','2025-03-03 00:00:00.000','2025-03-05 00:00:00.000','2025-03-10 00:00:00.000','anks.dev.01@yopmail.com','9999292','2025-03-03 00:00:00.000','Jetski',1,'2025-03-03 04:34:44.721','2025-03-03 04:42:25.719',NULL,0),(10,'Nik Vessel 33','Nik vessel 33',NULL,'1741001924794-3.jpg','sndl22','123','Mastercraft','Xstar S','3','SUPERCHARGED 6.2L','AAA','22','2025-03-03 00:00:00.000','2025-03-03 00:00:00.000','2025-03-03 00:00:00.000','n222@yopmail.com','9979067627','2025-03-03 00:00:00.000','Jetski',1,'2025-03-03 11:38:44.924','2025-03-03 11:38:44.924',NULL,0),(11,'Ankit\'s Boat 12345','Nikunj Patel',NULL,'1741582361755-1.jpg','ankit1234','1234GHT','Hyunday','2020','2','2345','ABC123','340','2025-03-10 00:00:00.000','2025-03-10 00:00:00.000','2025-03-10 00:00:00.000','nik6@yopmail.com','9999999999','2025-03-10 00:00:00.000','Trailer Boat',1,'2025-03-10 04:52:41.772','2025-03-10 11:27:03.267','accepted',0),(12,'Sb-5','Anks nes005005',NULL,'1742750580235-Screenshot 2025-03-23 154629.png','sb_5','55','Clipper','Cordova 50','5','Twin Cummins (480 hp) or D8 Volvo (500 hp)','jjj','5','2025-03-23 00:00:00.000','2025-03-23 00:00:00.000','2025-03-24 00:00:00.000','anks.stag.01@yopmail.com','9408688115','2025-03-23 00:00:00.000','Trailer Boat',1,'2025-03-23 17:23:00.335','2025-03-23 17:29:36.135',NULL,0),(13,'Test Boat MVP1','Ankit',NULL,'1742751422255-success-chk.png','WSEDQA','GHJG786','Hyundai','CIVIC','3','2021','TGRF56','34','2025-03-23 00:00:00.000','2025-03-23 00:00:00.000','2025-03-23 00:00:00.000','nik+anks+poojan@yopmail.com','9999999999','2025-03-23 00:00:00.000','Yacht',1,'2025-03-23 17:37:02.260','2025-03-23 17:37:02.260',NULL,0),(14,'testmboat004','testm',NULL,'1742817919603-Screenshot 2025-02-05 174003.png','testm001','r','r','r','7','r','r','8','2025-03-24 00:00:00.000','2025-03-24 00:00:00.000','2025-03-27 00:00:00.000','testm@yopmail.com','9825771801','2025-03-24 00:00:00.000','Trailer Boat',1,'2025-03-24 12:05:19.609','2025-03-24 12:56:19.971','accepted',0),(15,'F','Af',NULL,'1742819003075-Screenshot 2025-02-05 174003.png','r','55','Grand Banks','GB54','8','Volvo D11 Shafts @ 725HP','5','6','2025-03-24 00:00:00.000','2025-03-24 00:00:00.000','2025-03-24 00:00:00.000','testm@yopmail.com','8153844410','2025-03-24 00:00:00.000','Jetski',1,'2025-03-24 12:23:23.080','2025-03-24 12:23:24.046','invited',0),(16,'Big boi','Rob',NULL,'1742858578357-First Mate - Service Hub Logo (2).png','rdb123','QRL3745TGQ','Boston Whaler','aged','2','Volvo','Penta','12','2025-03-24 00:00:00.000','2025-03-31 00:00:00.000','2025-04-06 00:00:00.000','rob@firstmate.com.au','0483076722','2025-03-29 00:00:00.000','Jetski',1,'2025-03-24 23:22:58.361','2025-04-07 01:01:35.906','invited',0),(17,'Robert Bell','Rob Bell',NULL,'1742858672800-First Mate - Service Hub Logo (1).png','234QLD','12325345647','Riviera','36 flybridge','2','Volvo','Penta','12','2025-03-24 00:00:00.000','2025-03-25 00:00:00.000','2025-03-30 00:00:00.000','robkbell@live.com.au','403716758','2025-03-25 00:00:00.000','Yacht',1,'2025-03-24 23:24:32.804','2025-03-24 23:24:33.272','invited',0),(18,'Anks stag 03 - 2','Anks 03 - 2',NULL,'1742906371781-newLogo.png','anks003stag','ASD','Clipper','Cordova 55','23','D8 Volvo (600 hp) or Twin Cummins (500 hp)','123','24','2025-03-25 00:00:00.000','2025-03-25 00:00:00.000','2025-03-25 00:00:00.000','anks.stag.03@yopmail.com','9408688115','2025-03-25 00:00:00.000','Trailer Boat',1,'2025-03-25 12:39:31.793','2025-03-25 12:51:11.083','invited',0),(19,'Poojan Boat','Poojan 123',NULL,'1743568595575-newLogo.png','ankit543','GHJ78','Hyundai','123','22','2023','20E','250','2025-04-02 00:00:00.000','2025-04-02 00:00:00.000','2025-04-02 00:00:00.000','anks.stag.01@yopmail.com','9327489849','2025-04-02 00:00:00.000','Jetski',1,'2025-04-02 04:36:35.582','2025-04-02 05:09:21.427','accepted',0),(20,'Ankit New Boat 123','Ankit',NULL,'1743569475416-newLogo.png','rdb123','GFG675','123','456','2','ABCD','1234','345','2025-04-02 00:00:00.000','2025-04-02 00:00:00.000','2025-04-02 00:00:00.000','ankitmvp1@yopmail.com','999999999999','2025-04-02 00:00:00.000','Trailer Boat',1,'2025-04-02 04:51:15.429','2025-04-02 04:51:16.193','invited',0),(21,'Nikunj - Min Fields - 2','Nikunj 222 - 2',NULL,'1743739939420-newLogo.png','sndl','','Clipper2','Cordova 552','','',NULL,'','2025-04-04 00:00:00.000',NULL,NULL,'n222@yopmail.com','48008945122',NULL,'Trailer Boat',1,'2025-04-04 04:02:43.472','2025-04-04 04:12:19.473',NULL,1),(22,'Pooja New - Boat 12','Poojan 2',NULL,'1743741541651-success-chk.png','poojan1234','HIN','Hyundai2','SLK1233','3','EMAKE','EMODEL','123','2025-04-04 00:00:00.000','2025-04-04 00:00:00.000','2025-04-04 00:00:00.000','poojannewmvp@yopmail.com','48008945123','2025-04-04 00:00:00.000','Jetski',1,'2025-04-04 04:39:01.665','2025-04-04 08:13:06.059','accepted',1),(23,'New poojan boat','anks',NULL,'1743768985324-layout-2.png','boat0009','','Emake','EModel','','',NULL,'','2025-04-04 00:00:00.000',NULL,NULL,'poojannewmvp@yopmail.com','9408688115',NULL,'Yacht',1,'2025-04-04 12:16:25.423','2025-04-04 12:16:26.366','invited',1),(24,'My boat','anks vadher',NULL,'1743769416424-layout.png','anksstag05','123456','Cmake','Amodel','4','Make','Pmodel','50','2025-04-04 00:00:00.000','2025-04-04 00:00:00.000','2025-04-04 00:00:00.000','anks.stag.05@yopmail.com','9408688115','2025-04-04 00:00:00.000','Yacht',1,'2025-04-04 12:23:36.428','2025-04-04 12:29:05.458','accepted',1),(25,'MVP 1 Boat 5','MVP1 Boat 5',NULL,'1743772122869-success-chk.png','1234','','Boston Whaler','160 Super Sport','','90hp',NULL,'','2025-04-04 00:00:00.000',NULL,NULL,'n222@yopmail.com','480089451',NULL,'Jetski',1,'2025-04-04 13:08:42.879','2025-04-04 13:08:42.879',NULL,1),(26,'Falcon 1','Falcon',NULL,'1743772264263-success-chk.png','FALCON123','','Make 1','Model 1','','',NULL,'','2025-04-04 00:00:00.000',NULL,NULL,'falcon-mvp1@yopmail.com','324324342',NULL,'Jetski',1,'2025-04-04 13:11:04.267','2025-04-04 13:12:09.526','invited',1),(27,'MVP 1 Boat 5','MVP1 Boat 5',NULL,'1743772848279-success-chk.png','123465','','Boston Whaler','160 Super Sport','','90hp',NULL,'','2025-04-04 00:00:00.000',NULL,NULL,'n222@yopmail.com','480089451',NULL,'Jetski',1,'2025-04-04 13:20:48.284','2025-04-04 13:20:49.064','invited',1),(28,'Palav Boat','Palav',NULL,'1743774600235-success-chk.png','PALAV123','','Make 1','Model 1','','',NULL,'','2025-04-04 00:00:00.000',NULL,NULL,'palav-mvp1@yopmail.com','78678687687',NULL,'Yacht',1,'2025-04-04 13:50:00.262','2025-04-04 13:50:00.262',NULL,1),(29,'QQQ','QQQ',NULL,'1743774762766-success-chk.png','QQQ123','','1','2','','',NULL,'','2025-04-04 00:00:00.000',NULL,NULL,'nikunjposhiya7@gmail.com','768678678',NULL,'Yacht',1,'2025-04-04 13:52:42.769','2025-04-04 13:52:42.769',NULL,1),(30,'BBB','BBB',NULL,'1743774868387-success-chk.png','BBB123','','1','2','','',NULL,'','2025-04-04 00:00:00.000',NULL,NULL,'nikunjposhiya7@gmail.com','6787868767',NULL,'Trailer Boat',1,'2025-04-04 13:54:28.390','2025-04-04 13:54:29.201','invited',1),(31,'Robert Bell','Rob Bell',NULL,'1743987862064-engine hours.png','first84','145grf34','Riviera','36 flybridge','2','Volvo','Penta','','2025-04-07 00:00:00.000',NULL,NULL,'rob@firstmate.com.au','483076722',NULL,'Trailer Boat',1,'2025-04-07 01:04:22.070','2025-04-07 01:04:56.506','accepted',1),(32,'Killer','Rob Bell',NULL,'1743987974120-App Highlights (003).png','STud12','','Axopar','fly','','',NULL,'','2025-04-07 00:00:00.000',NULL,NULL,'robkbell@live.com.au','0483076722',NULL,'Trailer Boat',1,'2025-04-07 01:06:14.124','2025-04-07 01:06:57.779',NULL,1),(33,'Test Pip1','Test Pip',NULL,'1744004682469-BCF.jpg','xyz123','123456','no idea','guessing','3','volvo','unknown','43','2025-04-07 00:00:00.000','2025-04-15 00:00:00.000','2025-04-22 00:00:00.000','pipandjez@gmail.com','409766691','2025-04-14 00:00:00.000','Yacht',1,'2025-04-07 05:44:42.475','2025-04-08 06:33:39.085','invited',1),(34,'Pippa Batten','Test Pip2',NULL,'1744242656099-Mug Club 9th April 25.pdf.png','xyz124','654321','Maserati','1','2','sdf','sdf','','2025-04-09 00:00:00.000',NULL,NULL,'pipandjez@gmail.com','409766691',NULL,'Jetski',1,'2025-04-09 23:50:56.105','2025-04-09 23:57:18.243','accepted',1),(35,'MVP Boat 1 55555','MVP Boat 1 555555',NULL,'1744892754618-newLogo.png','djd','aa','Horizon','E100','2','Twin CAT C32A 1,600hp','ASD','34','2025-04-17 00:00:00.000','2025-04-17 00:00:00.000','2025-04-17 00:00:00.000','n22@yopmail.com','9327489849','2025-04-17 00:00:00.000','Jetski',1,'2025-04-17 12:25:54.623','2025-04-17 12:27:35.179',NULL,1),(36,'Flyer','John Doe',NULL,'1745382358501-BCF.jpg','qldhir','','Boston Whaler','130 Super Sport','','40hp',NULL,'','2025-04-23 00:00:00.000',NULL,NULL,'rob@firstmate.com.au','0483076722',NULL,'Yacht',1,'2025-04-23 04:25:58.527','2025-04-23 04:25:58.527',NULL,1),(37,'Flyer','John Doe',NULL,'1745903088968-BCF.jpg','qldhir','','Boston Whaler','130 Super Sport','2','40hp','Penta','45','2025-04-29 00:00:00.000','2025-05-16 00:00:00.000','2025-05-30 00:00:00.000','rob@firstmate.com.au','483076722',NULL,'Yacht',7,'2025-04-29 05:04:48.974','2025-05-13 01:51:36.421',NULL,1),(38,'Testing Code','Testing Code',NULL,NULL,'67','','Hyundai','K10','','',NULL,'123','2025-04-29 00:00:00.000','2025-04-29 00:00:00.000','2025-04-29 00:00:00.000','nikunjposhiya7@yopmail.com','9999999999','2025-04-29 00:00:00.000','Trailer Boat',1,'2025-04-29 05:32:47.379','2025-04-29 05:32:47.379',NULL,0),(39,'Texyboy','Texyboy',NULL,'1746680112044-BCF.jpg','RTY123','ert4572Q','Boston Whaler','130 Super Sport','','40hp',NULL,'','2025-05-08 00:00:00.000','2025-05-13 00:00:00.000','2025-05-17 00:00:00.000','rosiee132@yahoo.co.uk','451079001',NULL,'Trailer Boat',7,'2025-05-08 04:55:12.058','2025-05-13 01:50:23.986','accepted',1),(40,'Slights','John Doe',NULL,'1747092209628-First Mate.png','QLD45Q','12325345647','Riviera','36 flybridge','2','Volvo','Penta','40','2025-05-12 00:00:00.000','2025-05-13 00:00:00.000','2025-05-24 00:00:00.000','rob@firstmate.com.au','483076722','2025-05-13 00:00:00.000','Yacht',7,'2025-05-12 23:23:29.631','2025-05-15 00:50:01.716','invited',1),(41,'Smash','John Doe',NULL,'1747100993254-Sch.png','QLD34Q','','Riviera','395 SUV','','Volvo Penta D6 IPS 600',NULL,'','2025-05-13 00:00:00.000',NULL,NULL,'rob@firstmate.com.au','0483076722',NULL,'Yacht',7,'2025-05-13 01:49:53.258','2025-06-24 04:06:18.665',NULL,1),(42,'MVP1 Boat - 1','MVP1 Ventures',NULL,'1747119456065-11.png','poojanmvpboat1','','Hyundai','GH56','','',NULL,'','2025-05-13 00:00:00.000',NULL,NULL,'mvp1ventures-ankit@yopmail.com','480089451',NULL,'Jetski',1,'2025-05-13 06:57:36.112','2025-05-13 06:57:36.886','invited',1),(43,'MVP1 Boat - 2','Ankit MVP1',NULL,'1747119945788-11.png','123457','','Hyundai','AB12','','',NULL,'','2025-05-13 00:00:00.000',NULL,NULL,'poojan.patel@mvp1.com.au','480089451',NULL,'Yacht',1,'2025-05-13 07:05:45.796','2025-05-13 08:25:20.768','accepted',1),(44,'poojan boat new service','poojan boat',NULL,'1747137908023-ic_Check.png','poojan@babs','','asd','rtg','2','',NULL,'','2025-05-13 00:00:00.000',NULL,NULL,'poojan.patel@mvp1.com.au','959429565',NULL,'Trailer Boat',1,'2025-05-13 12:05:08.027','2025-05-13 12:06:21.137','accepted',1),(45,'Lara','Ben Croft',NULL,'1747269718550-image_2025-05-15_104156176.png','aze34q','','Sportsmancraft','4.9','','',NULL,'','2025-05-15 00:00:00.000',NULL,NULL,'skooda@hotmail.com','0455284323',NULL,'Trailer Boat',9,'2025-05-15 00:41:58.554','2025-05-15 00:41:58.554',NULL,1),(46,'Boston Whaler','Tony Downie',NULL,'1747271050100-image_2025-05-15_110406894.png','Outrage 250','','Boston Whaler','Outrage 250','','',NULL,'25','2025-05-15 00:00:00.000',NULL,NULL,'skooda@hotmail.com','455284323',NULL,'Trailer Boat',9,'2025-05-15 01:04:10.104','2025-05-15 01:39:32.043','accepted',1),(47,'Aylish','Colin',NULL,'1747273472914-Wagstaffe Wharf 3.jpg','elfin','','Beneteau','Antares 13.8','','Cummins','QSB 420','45','2025-05-15 00:00:00.000',NULL,NULL,'croftech@outlook.com','0455284323',NULL,'Yacht',9,'2025-05-15 01:44:32.922','2025-05-15 01:45:11.723',NULL,1),(48,'M430','Nick Lory',NULL,'1747273742844-265945459_115011861013429_2087003889109522671_n (1).jpg','M430','','Riviera','M430','2','Volvo Penta','KAD300','43','2025-05-15 00:00:00.000',NULL,NULL,'skooda@hotmail.com','455284323',NULL,'Yacht',9,'2025-05-15 01:49:02.847','2025-05-15 01:49:03.742','invited',1),(49,'MVP User Boat 3','MVP User Boat 3',NULL,'1747315008379-success-chk.png','RCB12','','Honda','CV15','','',NULL,'','2025-05-15 00:00:00.000',NULL,NULL,'mvpuser1@yopmail.com','480089451',NULL,'Yacht',1,'2025-05-15 13:16:48.382','2025-05-15 13:18:50.949','accepted',1),(50,'MVP User Boat 22','MVP1 Boat AA',NULL,'1747668569217-success-chk.png','MVPUser1','','Horizon','V72','','',NULL,'','2025-05-19 00:00:00.000',NULL,NULL,'mvpuser1@yopmail.com','8888888888',NULL,'Yacht',1,'2025-05-19 15:29:29.221','2025-05-19 15:30:07.541','accepted',1),(51,'Footloose','Nathan',NULL,'1747876636359-IMG_0014.png','Ytwq','Tyhuhjgfd','Yamaha','Tyg','1','',NULL,'','2025-05-22 00:00:00.000',NULL,NULL,'nglysons@hotmail.com','431768716',NULL,'Jetski',7,'2025-05-22 01:17:16.369','2025-05-22 01:17:17.048','invited',1),(52,'Pohang','Rob',NULL,'1748998291816-Firstmate-servicehub-logo-500x500.png','Poojan','','Grand Banks','GB85','','Volvo IPS 1350s @ 1,000 HP',NULL,'','2025-06-04 00:00:00.000',NULL,NULL,'rob@firstmate.com.au','0483076722',NULL,'Yacht',7,'2025-06-04 00:51:31.820','2025-06-04 00:51:31.820',NULL,1),(53,'Domnic - Test Boat','Domnic',NULL,'1749530379076-success-chk.png','Nik345','HIN123','Hyundai','Motor 1','2','E Make 1','E Model 1','11','2025-06-10 00:00:00.000','2025-06-10 00:00:00.000','2025-06-10 00:00:00.000','nikpatelmvp1@yopmail.com','9327489849','2025-06-10 00:00:00.000','Yacht',1,'2025-06-10 04:39:39.082','2025-06-10 05:40:39.190','accepted',1),(54,'Ocean Pearl Dock','Blake Norman',NULL,NULL,'12345678','1235689','Engine','Marine','99','Honda','Boat','51','2025-06-10 00:00:00.000','2025-06-11 00:00:00.000','2025-06-18 00:00:00.000','david@yopmail.com','4','2025-06-20 00:00:00.000','Yacht',6,'2025-06-10 08:12:30.825','2025-06-10 09:29:34.192','invited',1),(55,'Britanney Walls','Tucker Guthrie',NULL,NULL,'Id et duis voluptate','Facere velit irure a','Minim fugit saepe a','Consectetur facere s','35','Mollitia nisi unde e','Modi aute id sit te','95','2025-07-02 00:00:00.000','2025-07-02 00:00:00.000','2025-07-05 00:00:00.000','nariqin@mailinator.com','4585458548','2025-07-02 00:00:00.000','Yacht',6,'2025-07-02 07:17:50.024','2025-07-02 07:18:06.775','invited',1),(56,'Britanney Walls','Tucker Guthrie',NULL,NULL,'Id et duis voluptate','Facere velit irure a','Minim fugit saepe a','Consectetur facere s','35','Mollitia nisi unde e','Modi aute id sit te','95','2025-07-02 00:00:00.000','2025-07-02 00:00:00.000','2025-07-05 00:00:00.000','nariqin@mailinator.com','8454854854','2025-07-02 00:00:00.000','Yacht',6,'2025-07-02 07:17:50.427','2025-07-02 07:18:17.675','invited',1),(57,'Jaquelyn Ellison','Abel Lucas',NULL,NULL,'Facilis enim sunt d','Voluptas ut cumque p','Totam eos Nam vero','Obcaecati aspernatur','93','Reprehenderit odit d','Quis ducimus exerci','35','2025-07-02 00:00:00.000','2025-07-04 00:00:00.000','2025-07-12 00:00:00.000','qefodyfor@mailinator.com','79','2025-07-02 00:00:00.000','Yacht',6,'2025-07-02 07:18:28.769','2025-07-02 07:18:29.552','invited',1),(58,'Jaquelyn Ellison','Abel Lucas',NULL,NULL,'Facilis enim sunt d','Voluptas ut cumque p','Totam eos Nam vero','Obcaecati aspernatur','93','Reprehenderit odit d','Quis ducimus exerci','35','2025-07-02 00:00:00.000','2025-07-04 00:00:00.000','2025-07-12 00:00:00.000','qefodyfor@mailinator.com','79','2025-07-02 00:00:00.000','Yacht',6,'2025-07-02 07:18:29.317','2025-07-02 07:18:29.963','invited',1),(59,'Reuben Britt','Abraham Espinoza',NULL,NULL,'12345678','Eu dolores aliquam d','Perferendis et labor','Est in nostrum quod','19','Adipisci autem ullam','Ipsum cupidatat del','82','2025-07-07 00:00:00.000','2025-07-07 00:00:00.000','2025-07-16 00:00:00.000','luheg@mailinator.com','58','2025-07-07 00:00:00.000','Jetski',6,'2025-07-07 12:27:05.527','2025-07-07 12:28:40.398','invited',1),(60,'Sea Venture','Sunney Hayes',NULL,NULL,'1234567890','','New','F1','4','',NULL,'','2025-07-09 00:00:00.000','2025-07-09 00:00:00.000','2025-07-17 00:00:00.000','sunny@yopmail.com','12345689','2025-07-09 00:00:00.000','Trailer Boat',6,'2025-07-09 10:14:32.219','2025-07-09 10:14:44.407','invited',1),(61,'MVP Boat 1','MVP User',NULL,NULL,'REG123','HIN','Horizon','E75','2','Twin CAT C18A 1,136bhp','EModel','23','2025-07-23 00:00:00.000','2025-07-23 00:00:00.000','2025-07-23 00:00:00.000','mvpuser1@yopmail.com','480089451','2025-07-23 00:00:00.000','Yacht',1,'2025-07-23 17:28:35.096','2025-07-23 17:28:35.096',NULL,1),(62,'MVP1 ServiceHub Boat','MVP1 Ventures Boat',NULL,NULL,'MVP1BOAT2','HIN','Horizon','E100','2','EMake','EModel','12','2025-07-23 00:00:00.000','2025-07-23 00:00:00.000','2025-07-23 00:00:00.000','mvp1ventures@yopmail.com','480089451','2025-07-23 00:00:00.000','Jetski',1,'2025-07-23 17:40:53.009','2025-07-23 17:47:38.623',NULL,1),(63,'MVP1 Ventures Boat','MVP Boat',NULL,NULL,'asdfg','HIN','Make','Model','3','EMake','EModel','23','2025-07-23 00:00:00.000','2025-07-23 00:00:00.000','2025-07-23 00:00:00.000','mvpventures@yopmail.com','12345678','2025-07-23 00:00:00.000','Trailer Boat',1,'2025-07-23 17:59:30.822','2025-07-23 17:59:30.822',NULL,1),(64,'Poojan SH Test Boat','Poojan',NULL,NULL,'poojan345','HIN','Horizon','E100','2','EMAKe','EModel','23','2025-07-29 00:00:00.000','2025-07-29 00:00:00.000','2025-07-29 00:00:00.000','poojantest@yopmail.com','3456789','2025-07-29 00:00:00.000','Trailer Boat',1,'2025-07-29 05:57:22.504','2025-07-29 06:45:55.337','accepted',1),(65,'New Poojan MVP User Boat','New Poojan MVP User Boat',NULL,NULL,'indianmvp1','','Horizon','E100','2','',NULL,'','2025-08-04 00:00:00.000','2025-08-04 00:00:00.000','2025-08-04 00:00:00.000','indianmvp1@yopmail.com','11111111','2025-08-04 00:00:00.000','Yacht',1,'2025-08-04 14:21:37.977','2025-08-04 14:22:00.682','accepted',1),(66,'MANA','Jez Batten',NULL,NULL,'JPB39Q','','Riviera','395 SUV','','Volvo Penta D6 IPS 600',NULL,'','2025-08-25 00:00:00.000',NULL,NULL,'Mana@battensgroup.com.au','0404277788',NULL,'Yacht',17,'2025-08-25 04:54:15.217','2025-08-25 04:54:15.217',NULL,1),(67,'Pohang','Rob',NULL,NULL,'Poojan','','Grand Banks','GB85','','Volvo IPS 1350s @ 1,000 HP',NULL,'','2025-08-25 00:00:00.000',NULL,NULL,'rob@firstmate.com.au','0483076722',NULL,'Yacht',12,'2025-08-25 05:05:35.787','2025-08-25 05:05:35.787',NULL,1),(68,'MVP 1 Boat - Test Rob','MVP 1 Boat - Test Rob',NULL,NULL,'HKO24','RIY39047K122','Horizon','FD75','2','Twin CAT C18A 1,136bhp','500HP','45','2025-08-26 00:00:00.000','2025-09-01 00:00:00.000','2025-09-07 00:00:00.000','rob@firstmate.com.au','0483076722',NULL,'Trailer Boat',12,'2025-08-26 02:47:23.300','2025-08-28 03:33:13.274',NULL,1),(69,'MANA','Jez Batten',NULL,NULL,'JPB39Q','AU-RIY39047K122','Riviera','395 SUV','2','Volvo Penta D6 IPS 600','D6 IPS 600','43.6','2025-09-02 00:00:00.000',NULL,NULL,'Mana@battensgroup.com.au','0404277788',NULL,'Yacht',20,'2025-09-02 05:29:09.593','2025-09-02 22:48:43.199',NULL,1),(70,'Yashraj Singh','Yoko Little',NULL,NULL,'Libero natus consequ','Aliqua Distinctio','Illum commodi cum h','Commodi rerum esse c','67','Ipsa rerum repudian','Labore ratione nulla','39','2025-09-10 00:00:00.000','1975-05-02 00:00:00.000','1985-08-05 00:00:00.000','yashraj.ctinfotech@gmail.com','+91123456789','2025-09-10 00:00:00.000','Trailer Boat',6,'2025-09-10 11:47:47.402','2025-09-10 11:47:48.246','invited',1),(71,'Mayank Tomar','Lewis Hayes',NULL,NULL,'Vitae qui autem solu','Odio culpa fuga Sun','Est dolor in et odi','Et lorem earum itaqu','82','Ipsum eius dolor ei','Laborum Dolore veri','9','2025-09-10 00:00:00.000','2025-09-10 00:00:00.000','2025-09-10 00:00:00.000','mayank@yopmail.com','+61455550298','2025-09-10 00:00:00.000','Trailer Boat',6,'2025-09-10 12:01:22.931','2025-09-10 13:18:35.819','invited',1),(72,'MANA','Jeremy Batten',NULL,NULL,'JPB39Q','','Riveria','395SUV','','',NULL,'','2025-09-18 00:00:00.000',NULL,NULL,'jeremy@battensgroup.com.au','+61428442288',NULL,'Yacht',20,'2025-09-18 02:39:18.323','2025-09-18 02:39:18.323',NULL,1),(73,'MANA','Jez Batten',NULL,NULL,'JPB39Q','','Riviera','395 SUV','','Volvo Penta D6 IPS 600',NULL,'','2025-09-18 00:00:00.000',NULL,NULL,'Mana@battensgroup.com.au','+61428442288',NULL,'Yacht',9,'2025-09-18 23:51:54.944','2025-09-18 23:51:54.944',NULL,1),(74,'MVP Crew 1 Boat','MVP1',NULL,NULL,'mvpcrew1','','Horizon','E100','2','',NULL,'','2025-10-17 00:00:00.000','2025-10-17 00:00:00.000','2025-10-17 00:00:00.000','mvp1crew@yopmail.com','+919979067627','2025-10-17 00:00:00.000','Trailer Boat',1,'2025-10-17 16:00:35.520','2025-10-17 16:01:13.819','accepted',1),(75,'MVP Nik Vessel','MVP Nik Vessel',NULL,NULL,'mvptest','','Horizon','FD75','','Twin CAT C18A 1,136bhp',NULL,'','2025-10-17 00:00:00.000','2025-10-17 00:00:00.000','2025-10-17 00:00:00.000','nikunj.poshiya@mvp1ventures.com','+919327489849','2025-10-17 00:00:00.000','Trailer Boat',1,'2025-10-17 16:03:30.358','2025-10-17 16:05:17.598',NULL,1),(76,'Elysium','UCruise PTY Ltd',NULL,NULL,'1','','Seawind','1160','2','',NULL,'38','2025-11-11 00:00:00.000',NULL,NULL,'justin@ucruisesydney.com.au','+61404622946',NULL,'Yacht',21,'2025-11-11 06:35:43.416','2025-11-11 06:35:43.416',NULL,1);
/*!40000 ALTER TABLE `Boat` ENABLE KEYS */;
UNLOCK TABLES;

--
-- Table structure for table `Dock`
--

DROP TABLE IF EXISTS `Dock`;
/*!40101 SET @saved_cs_client     = @@character_set_client */;
/*!50503 SET character_set_client = utf8mb4 */;
CREATE TABLE `Dock` (
  `id` int NOT NULL AUTO_INCREMENT,
  `name` varchar(191) CHARACTER SET utf8mb4 COLLATE utf8mb4_unicode_ci NOT NULL,
  `email` varchar(191) COLLATE utf8mb4_unicode_ci DEFAULT NULL,
  `phone_no` varchar(191) COLLATE utf8mb4_unicode_ci DEFAULT NULL,
  `userId` int NOT NULL,
  `booking_cost` varchar(191) COLLATE utf8mb4_unicode_ci DEFAULT NULL,
  `booking_cost_per_day` varchar(191) COLLATE utf8mb4_unicode_ci DEFAULT NULL,
  `address` varchar(191) CHARACTER SET utf8mb4 COLLATE utf8mb4_unicode_ci NOT NULL,
  PRIMARY KEY (`id`),
  KEY `Dock_userId_fkey` (`userId`),
  CONSTRAINT `Dock_userId_fkey` FOREIGN KEY (`userId`) REFERENCES `User` (`id`) ON DELETE CASCADE ON UPDATE CASCADE
) ENGINE=InnoDB AUTO_INCREMENT=13 DEFAULT CHARSET=utf8mb4 COLLATE=utf8mb4_unicode_ci;
/*!40101 SET character_set_client = @saved_cs_client */;

--
-- Dumping data for table `Dock`
--

LOCK TABLES `Dock` WRITE;
/*!40000 ALTER TABLE `Dock` DISABLE KEYS */;
INSERT INTO `Dock` VALUES (1,'Yashraj Singh','abhay.ctinfotech@gmail.com','123456789',6,'51','24','India'),(2,'RW Dock','nikpatelmvp1@yopmail.com','9999999999',1,'20','25','TEst Address 1'),(3,'Coral Bay Marina','coral@yopmail.com','12345689',6,'300','25','7 Harbour Road, Fremantle, WA 6160'),(4,'A35','jeremy@battensgroup.com.au','0428442288',17,'1','10','Sanctuary Cove Marina (A - ARM)'),(5,'A36','ahoy@firstmate.com.au','0428442288',17,'10','1','Sanctuary Cove Marina (A - Arm)'),(6,'A34','jeremy@battensgroup.com.au','0428442288',17,'10','1','Sanctuary Cove Marina (A - ARM)'),(7,'A33','jeremy@battensgroup.com.au','0428442288',17,'10','1','Sanctuary Cove Marina (A - ARM)'),(8,'Dock 1','dock1@mailinator.com','09754858585',18,'20','100','519, Palacia'),(9,'Sloga cove','rob@firstmate.com.au','0483076722',12,'12','1','4E/1 Masthead way Hope Isand QLD 4212'),(10,'Odette Benton','','',6,'','','Sit cupidatat liber'),(11,'Tenacious','','+919754932059',6,'10','20','Lionel'),(12,'Mana','','',7,'','','4E/1 Masthead way Hope Isand QLD 4212');
/*!40000 ALTER TABLE `Dock` ENABLE KEYS */;
UNLOCK TABLES;

--
-- Table structure for table `DockBooking`
--

DROP TABLE IF EXISTS `DockBooking`;
/*!40101 SET @saved_cs_client     = @@character_set_client */;
/*!50503 SET character_set_client = utf8mb4 */;
CREATE TABLE `DockBooking` (
  `id` int NOT NULL AUTO_INCREMENT,
  `dockId` int NOT NULL,
  `boatId` int DEFAULT NULL,
  `book_from` datetime(3) NOT NULL,
  `book_to` datetime(3) NOT NULL,
  `createdAt` datetime(3) NOT NULL DEFAULT CURRENT_TIMESTAMP(3),
  `userId` int NOT NULL,
  PRIMARY KEY (`id`),
  KEY `DockBooking_userId_fkey` (`userId`),
  KEY `DockBooking_dockId_fkey` (`dockId`),
  KEY `DockBooking_boatId_fkey` (`boatId`),
  CONSTRAINT `DockBooking_boatId_fkey` FOREIGN KEY (`boatId`) REFERENCES `Boat` (`id`) ON DELETE CASCADE ON UPDATE CASCADE,
  CONSTRAINT `DockBooking_dockId_fkey` FOREIGN KEY (`dockId`) REFERENCES `Dock` (`id`) ON DELETE CASCADE ON UPDATE CASCADE,
  CONSTRAINT `DockBooking_userId_fkey` FOREIGN KEY (`userId`) REFERENCES `User` (`id`) ON DELETE CASCADE ON UPDATE CASCADE
) ENGINE=InnoDB AUTO_INCREMENT=6 DEFAULT CHARSET=utf8mb4 COLLATE=utf8mb4_unicode_ci;
/*!40101 SET character_set_client = @saved_cs_client */;

--
-- Dumping data for table `DockBooking`
--

LOCK TABLES `DockBooking` WRITE;
/*!40000 ALTER TABLE `DockBooking` DISABLE KEYS */;
INSERT INTO `DockBooking` VALUES (4,4,66,'2025-12-17 04:56:26.414','2026-12-17 04:56:26.414','2025-08-25 04:56:52.376',17);
/*!40000 ALTER TABLE `DockBooking` ENABLE KEYS */;
UNLOCK TABLES;

--
-- Table structure for table `InsuranceFile`
--

DROP TABLE IF EXISTS `InsuranceFile`;
/*!40101 SET @saved_cs_client     = @@character_set_client */;
/*!50503 SET character_set_client = utf8mb4 */;
CREATE TABLE `InsuranceFile` (
  `id` int NOT NULL AUTO_INCREMENT,
  `filename` varchar(191) CHARACTER SET utf8mb4 COLLATE utf8mb4_unicode_ci DEFAULT NULL,
  `userId` int NOT NULL,
  PRIMARY KEY (`id`),
  KEY `InsuranceFile_userId_fkey` (`userId`),
  CONSTRAINT `InsuranceFile_userId_fkey` FOREIGN KEY (`userId`) REFERENCES `User` (`id`) ON DELETE CASCADE ON UPDATE CASCADE
) ENGINE=InnoDB AUTO_INCREMENT=2 DEFAULT CHARSET=utf8mb4 COLLATE=utf8mb4_unicode_ci;
/*!40101 SET character_set_client = @saved_cs_client */;

--
-- Dumping data for table `InsuranceFile`
--

LOCK TABLES `InsuranceFile` WRITE;
/*!40000 ALTER TABLE `InsuranceFile` DISABLE KEYS */;
INSERT INTO `InsuranceFile` VALUES (1,'1747268938335-LIAMT02547 CofC.pdf',9);
/*!40000 ALTER TABLE `InsuranceFile` ENABLE KEYS */;
UNLOCK TABLES;

--
-- Table structure for table `Invoice`
--

DROP TABLE IF EXISTS `Invoice`;
/*!40101 SET @saved_cs_client     = @@character_set_client */;
/*!50503 SET character_set_client = utf8mb4 */;
CREATE TABLE `Invoice` (
  `id` int NOT NULL AUTO_INCREMENT,
  `invoiceNumber` varchar(191) CHARACTER SET utf8mb4 COLLATE utf8mb4_unicode_ci DEFAULT NULL,
  `boatId` int NOT NULL,
  `userId` int NOT NULL,
  `pleasePayByDate` datetime(3) NOT NULL,
  `status` int NOT NULL DEFAULT '0',
  `totalAmount` double NOT NULL DEFAULT '0',
  `totalAmountAfterTax` double NOT NULL DEFAULT '0',
  `createdAt` datetime(3) NOT NULL DEFAULT CURRENT_TIMESTAMP(3),
  `updatedAt` datetime(3) NOT NULL,
  `documentLink` varchar(191) CHARACTER SET utf8mb4 COLLATE utf8mb4_unicode_ci DEFAULT NULL,
  PRIMARY KEY (`id`),
  UNIQUE KEY `Invoice_invoiceNumber_key` (`invoiceNumber`),
  UNIQUE KEY `Invoice_documentLink_key` (`documentLink`),
  KEY `Invoice_boatId_fkey` (`boatId`),
  KEY `Invoice_userId_fkey` (`userId`),
  CONSTRAINT `Invoice_boatId_fkey` FOREIGN KEY (`boatId`) REFERENCES `Boat` (`id`) ON DELETE CASCADE ON UPDATE CASCADE,
  CONSTRAINT `Invoice_userId_fkey` FOREIGN KEY (`userId`) REFERENCES `User` (`id`) ON DELETE CASCADE ON UPDATE CASCADE
) ENGINE=InnoDB AUTO_INCREMENT=46 DEFAULT CHARSET=utf8mb4 COLLATE=utf8mb4_unicode_ci;
/*!40101 SET character_set_client = @saved_cs_client */;

--
-- Dumping data for table `Invoice`
--

LOCK TABLES `Invoice` WRITE;
/*!40000 ALTER TABLE `Invoice` DISABLE KEYS */;
INSERT INTO `Invoice` VALUES (1,'13696396',16,1,'2025-04-08 00:00:00.000',0,3220,3542,'2025-04-01 02:40:13.014','2025-04-01 02:40:13.014',NULL),(2,'19905869',18,1,'2025-04-01 00:00:00.000',0,2,2.2,'2025-04-01 12:01:11.755','2025-04-02 11:22:18.401','invoice/1-18-2-BoatInvoice.pdf'),(3,'22784867',10,1,'2025-04-22 00:00:00.000',0,3,3.3,'2025-04-03 18:24:21.523','2025-04-03 18:51:51.478','invoice/1-10-3-BoatInvoice.pdf'),(4,'60833752',22,1,'2025-04-04 00:00:00.000',0,3,3.3,'2025-04-04 04:49:58.266','2025-04-04 04:51:01.590','invoice/1-22-4-BoatInvoice.pdf'),(5,'50114484',18,1,'2025-04-04 00:00:00.000',0,3,3.3,'2025-04-04 10:30:07.286','2025-04-04 10:30:27.879','invoice/1-18-5-BoatInvoice.pdf'),(6,'91338784',21,1,'2025-04-04 00:00:00.000',0,3,3.3,'2025-04-04 12:39:57.032','2025-04-16 04:30:20.358','invoice/1-21-6-BoatInvoice.pdf'),(7,'38625464',21,1,'2025-04-04 00:00:00.000',0,3,3.3,'2025-04-04 13:02:39.099','2025-04-04 13:03:36.423','invoice/1-21-7-BoatInvoice.pdf'),(8,'19377253',24,1,'2025-04-12 00:00:00.000',0,214,235.4,'2025-04-04 14:23:25.770','2025-04-04 14:23:47.182','invoice/1-24-8-BoatInvoice.pdf'),(9,'13154898',33,1,'2025-04-15 00:00:00.000',0,101,111.1,'2025-04-08 06:05:57.306','2025-04-08 06:06:19.340','invoice/1-33-9-BoatInvoice.pdf'),(10,'27950596',33,1,'2025-04-15 00:00:00.000',0,1100,1210,'2025-04-08 06:17:34.182','2025-04-16 04:25:19.289','invoice/1-33-10-BoatInvoice.pdf'),(11,'39520302',1,1,'2025-04-16 00:00:00.000',0,13,14.3,'2025-04-15 18:32:31.487','2025-04-16 04:26:11.396','invoice/1-1-11-BoatInvoice.pdf'),(12,'88657029',35,1,'2025-04-17 00:00:00.000',0,10,11,'2025-04-17 12:34:43.045','2025-04-17 12:36:19.688','invoice/1-35-12-BoatInvoice.pdf'),(13,'14517747',36,1,'2025-04-27 00:00:00.000',0,1030,1133,'2025-04-23 04:29:15.026','2025-04-23 04:29:29.556','invoice/1-36-13-BoatInvoice.pdf'),(14,'63418855',37,7,'2025-05-06 00:00:00.000',0,2918,3209.8,'2025-04-29 05:16:41.922','2025-04-29 05:16:41.922',NULL),(15,'35116879',38,1,'2025-04-30 00:00:00.000',0,340,374.0000000000001,'2025-04-30 12:13:58.248','2025-04-30 12:14:38.031','invoice/undefined-38-15-BoatInvoice.pdf'),(16,'90724022',40,7,'2025-05-20 00:00:00.000',0,2990,3289,'2025-05-13 02:39:11.129','2025-05-13 02:42:08.024','invoice/7-40-16-BoatInvoice.pdf'),(17,'31388526',40,7,'2025-05-22 00:00:00.000',0,690,759.0000000000001,'2025-05-15 01:28:49.427','2025-05-15 01:28:58.176','invoice/7-40-17-BoatInvoice.pdf'),(18,'95710565',46,9,'2025-05-22 00:00:00.000',0,30,33,'2025-05-15 07:49:13.199','2025-05-15 07:50:17.933','invoice/9-46-18-BoatInvoice.pdf'),(19,'43811456',53,1,'2025-06-10 00:00:00.000',0,1,1.1,'2025-06-10 04:54:43.620','2025-06-10 04:55:14.402','invoice/1-53-19-BoatInvoice.pdf'),(20,'61605195',54,6,'2025-06-25 00:00:00.000',0,300,330,'2025-06-10 08:20:22.454','2025-06-10 08:20:22.454',NULL),(21,'58826479',54,6,'2025-06-25 00:00:00.000',0,100,110,'2025-06-10 09:18:53.459','2025-06-10 09:18:53.459',NULL),(22,'18315055',54,6,'2025-06-25 00:00:00.000',0,100,110,'2025-06-10 09:21:52.197','2025-06-10 09:21:52.197',NULL),(23,'40162645',54,6,'2025-06-11 00:00:00.000',0,1221,1343.1,'2025-06-10 09:27:47.200','2025-06-10 09:27:47.200',NULL),(24,'54208346',54,6,'2025-06-13 00:00:00.000',0,2573.62,2830.982,'2025-06-10 13:24:11.646','2025-06-10 13:24:11.646',NULL),(25,'92042111',40,7,'2025-06-19 00:00:00.000',0,952,1047.2,'2025-06-11 22:34:13.695','2025-06-11 22:34:13.695',NULL),(26,'44203536',54,6,'2025-07-20 00:00:00.000',0,340,374.0000000000001,'2025-07-09 09:40:01.581','2025-07-09 09:40:01.581',NULL),(27,'83136063',60,6,'2025-07-17 00:00:00.000',0,900,990.0000000000001,'2025-07-09 10:31:30.756','2025-07-09 10:31:30.756',NULL),(28,'69945512',61,1,'2025-07-23 00:00:00.000',0,1,1.1,'2025-07-23 17:32:40.582','2025-07-23 17:37:05.851','invoice/undefined-61-28-BoatInvoice.pdf'),(29,'30368602',63,1,'2025-07-24 00:00:00.000',0,1,1.1,'2025-07-24 05:38:52.619','2025-07-24 05:38:52.619',NULL),(30,'16344959',63,1,'2025-07-29 00:00:00.000',0,1,1.1,'2025-07-29 04:55:05.841','2025-07-29 04:55:05.841',NULL),(31,'57572230',63,1,'2025-07-29 00:00:00.000',0,1,1.1,'2025-07-29 07:03:46.200','2025-07-29 07:03:46.200',NULL),(32,'48183769',64,1,'2025-07-29 00:00:00.000',0,1,1.1,'2025-07-29 07:13:20.318','2025-07-29 07:13:20.318',NULL),(33,'56182247',64,1,'2025-07-29 00:00:00.000',0,1,1.1,'2025-07-29 07:17:39.668','2025-07-29 07:17:39.668',NULL),(34,'97598183',64,1,'2025-07-29 00:00:00.000',0,1,1.1,'2025-07-29 07:29:48.411','2025-07-29 07:29:48.411',NULL),(35,'50444323',54,6,'2025-07-30 00:00:00.000',0,10,11,'2025-07-29 07:41:05.127','2025-07-29 07:41:05.127',NULL),(36,'14253319',55,6,'2025-07-30 00:00:00.000',0,1,1.1,'2025-07-29 08:32:02.157','2025-07-29 08:32:08.924','invoice/undefined-55-36-BoatInvoice.pdf'),(37,'95265863',54,6,'2025-08-11 00:00:00.000',0,132,145.2,'2025-08-11 09:15:53.184','2025-08-11 09:15:59.298','invoice/undefined-54-37-BoatInvoice.pdf'),(38,'46796321',66,17,'2025-08-29 00:00:00.000',0,180,198,'2025-08-26 00:36:41.438','2025-08-26 00:36:55.949','invoice/undefined-66-38-BoatInvoice.pdf'),(39,'18933022',55,6,'2025-09-12 00:00:00.000',0,320,352,'2025-09-10 12:07:31.154','2025-09-10 12:07:37.852','invoice/undefined-55-39-BoatInvoice.pdf'),(40,'51853560',59,6,'2025-09-10 00:00:00.000',0,16605,18265.5,'2025-09-10 12:24:59.448','2025-09-10 12:25:05.431','invoice/undefined-59-40-BoatInvoice.pdf'),(41,'19558329',60,6,'2025-09-10 00:00:00.000',0,1722,1894.2,'2025-09-10 13:11:49.266','2025-09-10 13:11:49.266',NULL),(42,'62709949',59,6,'2025-09-17 00:00:00.000',0,1500,1650,'2025-09-10 13:36:59.526','2025-09-10 14:07:07.794','invoice/undefined-59-42-BoatInvoice.pdf'),(43,'11879623',70,6,'2025-09-10 00:00:00.000',0,1,1.1,'2025-09-10 13:45:33.980','2025-09-10 14:05:26.143','invoice/undefined-70-43-BoatInvoice.pdf'),(44,'66882966',41,7,'2025-09-11 00:00:00.000',0,2549.45,2804.395,'2025-09-10 23:16:10.618','2025-09-10 23:16:29.379','invoice/undefined-41-44-BoatInvoice.pdf'),(45,'90163221',73,9,'2025-09-27 00:00:00.000',0,1,1.1,'2025-09-19 00:00:13.392','2025-09-19 00:01:01.645','invoice/9-73-45-BoatInvoice.pdf');
/*!40000 ALTER TABLE `Invoice` ENABLE KEYS */;
UNLOCK TABLES;

--
-- Table structure for table `JobServiceSheet`
--

DROP TABLE IF EXISTS `JobServiceSheet`;
/*!40101 SET @saved_cs_client     = @@character_set_client */;
/*!50503 SET character_set_client = utf8mb4 */;
CREATE TABLE `JobServiceSheet` (
  `id` int NOT NULL AUTO_INCREMENT,
  `date` datetime(3) NOT NULL,
  `jobNumber` varchar(191) CHARACTER SET utf8mb4 COLLATE utf8mb4_unicode_ci DEFAULT NULL,
  `personAttending` varchar(191) CHARACTER SET utf8mb4 COLLATE utf8mb4_unicode_ci DEFAULT NULL,
  `customerName` varchar(191) CHARACTER SET utf8mb4 COLLATE utf8mb4_unicode_ci DEFAULT NULL,
  `mobile` varchar(191) CHARACTER SET utf8mb4 COLLATE utf8mb4_unicode_ci DEFAULT NULL,
  `workToBeCarriedOut` longtext CHARACTER SET utf8mb4 COLLATE utf8mb4_unicode_ci,
  `workCarriedOut` longtext CHARACTER SET utf8mb4 COLLATE utf8mb4_unicode_ci,
  `cdsSignature` longtext CHARACTER SET utf8mb4 COLLATE utf8mb4_unicode_ci,
  `createdAt` datetime(3) NOT NULL DEFAULT CURRENT_TIMESTAMP(3),
  `updatedAt` datetime(3) NOT NULL,
  `taskId` int DEFAULT NULL,
  `staffId` int DEFAULT NULL,
  `supplierId` int DEFAULT NULL,
  `boatId` int NOT NULL DEFAULT '1',
  `documentLink` varchar(191) CHARACTER SET utf8mb4 COLLATE utf8mb4_unicode_ci DEFAULT NULL,
  `userId` int NOT NULL DEFAULT '1',
  PRIMARY KEY (`id`),
  UNIQUE KEY `JobServiceSheet_documentLink_key` (`documentLink`),
  KEY `JobServiceSheet_taskId_fkey` (`taskId`),
  KEY `JobServiceSheet_staffId_fkey` (`staffId`),
  KEY `JobServiceSheet_supplierId_fkey` (`supplierId`),
  KEY `JobServiceSheet_boatId_fkey` (`boatId`),
  KEY `JobServiceSheet_userId_fkey` (`userId`),
  CONSTRAINT `JobServiceSheet_boatId_fkey` FOREIGN KEY (`boatId`) REFERENCES `Boat` (`id`) ON DELETE CASCADE ON UPDATE CASCADE,
  CONSTRAINT `JobServiceSheet_staffId_fkey` FOREIGN KEY (`staffId`) REFERENCES `Staff_Member` (`id`) ON DELETE CASCADE ON UPDATE CASCADE,
  CONSTRAINT `JobServiceSheet_supplierId_fkey` FOREIGN KEY (`supplierId`) REFERENCES `Supplier` (`id`) ON DELETE CASCADE ON UPDATE CASCADE,
  CONSTRAINT `JobServiceSheet_taskId_fkey` FOREIGN KEY (`taskId`) REFERENCES `Task` (`id`) ON DELETE CASCADE ON UPDATE CASCADE,
  CONSTRAINT `JobServiceSheet_userId_fkey` FOREIGN KEY (`userId`) REFERENCES `User` (`id`) ON DELETE CASCADE ON UPDATE CASCADE
) ENGINE=InnoDB AUTO_INCREMENT=50 DEFAULT CHARSET=utf8mb4 COLLATE=utf8mb4_unicode_ci;
/*!40101 SET character_set_client = @saved_cs_client */;

--
-- Dumping data for table `JobServiceSheet`
--

LOCK TABLES `JobServiceSheet` WRITE;
/*!40000 ALTER TABLE `JobServiceSheet` DISABLE KEYS */;
INSERT INTO `JobServiceSheet` VALUES (1,'2025-04-01 00:00:00.000','45057297','Staff 1','Rob','111111','Hull Clean','Hull Clean','data:image/png;base64,iVBORw0KGgoAAAANSUhEUgAAAMQAAAA3CAYAAABToOXcAAAAAXNSR0IArs4c6QAADqRJREFUeF7t3XWsLEkVB+CzuLv74u4uiy9OcA2ugSAJFkjQv3CH4BrcLWhwFndf3N1lcejv5RTp19s9d6Zn7nTf9+okk7nSXVV9qo79zqnqQ6JS5cDBx4HzRsQh+TlWRJwyIs4QEa/3x0qb5cDZIuLfEXHciDh2RJwiIi7WmoAyEe3vY0bEf/L6/+a1vv0dfT4i/hAR/vaviDCJvj+12aFP1to5I+IY+XyeEf0z+Xj6iDh3/u34EfH7iPhd8tci/nLy7TwRcZyIOF5EXDIivpF8PEdEXDYi/pj/O11EnGrgSY+sAhFxrmSUhYzxJ83FiZE0hwmyWE2CBWpSfp6TcPJGq1ww/+8+QuCebdJfcjH9IxcQ4fltDoBgIuP3seg+nH/7a0S4F3mOP0fET/O58OKL+fMFIuKHEfH3iDhN8sfPyLOfOhdieeaypvBNf/h10Yg4YQqy64zLdUXg9T9E32lpctcb5y+zLeN8V/ZBcD6Y/79ERHw9In6W46Y8KJQTRcQJIuJ72ZkxXTki7pjPcdQcBKJI/5G7vIruGRFnz0m8SE4shoyhXyUDLahfR8RvIuJPnYY8jwU2RBYwDW+yukTLXToX1ND9FtnJdhi8BYwsTBoUEQQCY1H/rbVQPcv3I+KoFBCCYwFdPCI8i/usFxbPz8WqaZuGL+SZ/H+ICMMRKRRD1xSLOGZuFt1DyV2tEZyrRMR18jnL9eb0sKkF4vwR8dUcEcZjxCbIgr9is+Cum5+xbZpYY2K+v5AT+aOI+MTYBut9W+UAgT4sPxQiK94mVuxtEfHqiHgNKzq1QHymGRDzhu7dmORnj2TXDfOhmT/+46rEDH80Fz9tSFNyE767akP1+kk5cM1mHq8RERStuKEvVvhSRHwsXcc3paX8/6CnFIhHNf75I3MkfL+rrsDKszRm/74Rcb1GuiEGq9L7kims09vTTVi1jXr99BwQQ9wpIq6ewIX4oI/eHRFPzjkvcVPvhVMJxM0bKX5ta0SXigjWoo9YEEHPaSPijBFx+RXnAbogQHxP9rnbscqKw6uXr8ABGp/itH6sCzFhH32ucZkpvY83Af2bV2h/X5C0bRLQEAboBHpdRNyiMwgPzPQdHhG0wKr03ojw4R+C3yrtTQ4I3G+QChGKBGgYIkLwwnR9QbEFvl3pyfsEwoJFoC2QG7pSwom0NBQCFuybiYKIWLSHtqA07UIffHfNWMHRy0A/2Zi8jyR0x+/T5yroD4RHkFv8Qt+V9i4HrBvuMEFgDRYpbfHA+5tY4ZkRAZ5dm0pn128W/DNGauO1B7FCA9AeOQBBMIzZzxgI/y84PLzdc4H/JLAQTVOe1d9Af5Jm3CdtFIy+fH+6xhUrzMp6l5qb2zXuzbVS8XKLhwg0+o50hYAgX1uv66PfbZGcOLN4m257N9oDgw4FTrvRX7tNmgh2T/B+EBHfTrNMuEzMjxPXJ7Ssa6VhDsgog0HvkHmORbzCa5YA8MLVxuddIwIB6YH4IBNbJhP0aDDINZI43KNFxPWhZdtEI5dM5bIPwu/XlvHA/2lySSbafBGqBGeWGV0GeZL3OMmCAUlAXWjZAbeuk6DzofkIMBeOZuNuvjKtm/G9M7OnxoyvB3qwTwggQrdNS7CItZQNC//SjAVHxQMj5m6fGyHbCZYqAQuf/iGN//ahMQ323HOjiID3LkPPS1TAYpkriZf6An2mXhkIksOwACQIKRITSiAIiNKOy6Wy8XPJ8soel2y3+ymkEovJhlMS2oGYKUMgRMoTxHJzJuUd92gUgxxByZb3jdczc4esARahq1i38oztgOXxTW3Lg7JXJQc/aSbwwQ3Wz59eiN3uMNK7RMQLFlwDGgO50gaf3cpTz6sTORWL2wK4TA6NYMmyliQj63i+gWEDFcwPRWY+CZ05Y1kJkt8ttm0Td+iJCwrprLG3pidAEAj55NSN4MUTt24WqCBblI+YeQGsBQvOWpVYINqNhixk4dOGtMGrVm2wXr+vLIUrav4gc0AFbphKTnC2TG2bzJ9rFbV9KzPwUBlWiVsKmFg3K89VlSDjZt4/64QAF23iBvm8Yq7lL0OQFqaCX++VDOYOWNi0kITHG0bUHT0w3QSMPxgtwRRyzDUjLOIUJegSW1wYik/8xGUrlaZctA9kQSKX8EUJInBzzDkrpC2uICBBTZd2Kc8bN8rypj0PCA0UCHOZJUYBErOmZRJzmMN08wN9lwpLmkWcgVlMX1/V5qwfvg5uHwfMLwsh/yOrT1AkRikurpoFb25Z+ILwiVvERtZC3xri/kCFnpI1Q1sLited02UEotvH7dOtkjShMQphwMvSHM5eE6zLuIPwftaAQrxflk6XHA9WWPBcIWga90xJP7eNpwGGVkr+nKwbI0izpTECUR7mrFlaQYNcu7NJhOkVKAnMC7w4WybUge3IAQH9E7KYsn2xcgnegTiwDzYW3zy8VYIvliQc2gKtzo7WEYj2wwioBOFQEn6rb2a4kNIKO5tevoHgbXZMPEAHJFYQQwJZ2jVE0DAC8JgVcifW2SOyrQK9KvVX8j8r2pRAdB9K0GZHErMpmCMkzKdgzFZMFoSQsB6w9Erz4sDds1y6XVMmQH5S7lkZm4nnSt2mVfb/6OaxS1J4FhzYLYHoezgJKMxQ6k1A4OcYBCtnegmGpJPM7oGetZ3F5PcMQnyopIISK1UJwJPH5q4y8cCmCAQsoJ+VUGxTILqMVBoBuWJFZHTbZRKsiOItwTlrAu61mWfuWdlNLZZttsOaiwG5R6XSWf9iQFWkUMTdQBDLnhgJRACNCurJaUqB6D68IJ3FkHSyD1bJeTmVoVyruI6bxd2SJKS94OeVxnPgWSkMWlArJkjeVtDLG7Dh6665l2H8U2zozjkJxJCbpQiPFRGo2zTUhvvcAztnfiV+1GTxb7lfu6HVNsT2WTTT3sJrQKoGbKiypXZbJFZ5biJOpQ5sW3339jN3gegbtNofzCMgZ0pIj3VpE1eLy2WCabx1yxImnaQNd84tUqMG9CjEdSUQ2ybbQMvW4VvlyRfbHsN+/e1FgRhimDjEmTtcLTBh2WhSDqmyn+ErWb/z/O5pC5POwvY657fbbE+RINt3HzZxTqAE12JEZSWT0oEkEF1G2oNrHwbhKMgW9wqy4VtFKHRLHMKXVfR2oNJNmorXO7cSa79oUL77pEBM/cxAE1Zr1ZNXdmXcB7JA9DFMLuRuqYm4DO2T7yBbsqgmRvGi4rW9ThaazV1t9IhrxEWaC0G5uE6lAnrScR1sAtFlttwIN0vtvjKDdnadQMiuvzj38E46USt0bnFB6exDKYdEuJ2gyw5zkyoNcOBgF4g2WxQq0qQ2u6vPaqMeXCxHWsqHSFKxJlOSM0rFSHzucn6r8Rh3OQmxjA+oIH562pQD3it9V4EYnikbbtRnwclZD5tvCn0z63lAvQL17kHHq8y/hCT8H1JmQbfJ3+xrd0QnIrCEcdFp2eX+p+c+BJah0pIcqAKxHKO4UlyrWzYCcLOeU7cJhNwHmFcc4nqoCTRHmUrR4hY4SNiGmnJQ23Ij2PkqCUr9vzHdo53vqFccjQNVIFZfFLLnkCv5kMelZl+9lfF3vCQioEQEyskkBKFagfH83O/OKhDrMZI1kPdYhyxwbhGXjOtUqCxy3wWWXKefeu8SHKgCsQSTFlxir8ADegJZpdIl8JYY9Oonpe9lC6a/iUN8lKLIg9D2TqIoZ2GtN7J69ygOVIEYxbb9biqHMcgCD5HT5hQkwtwdLyOmGKrdITg+4gEl8naW+V1Ro0MBFDXO4siW9Vk3vxaqQGxuTlgLxWrtJNii1h3vY3+xnWn2Igu+oVnLkPtYEtl1pQ9cN9szWRuoVy1sXIaLPddUgRjJuIHbLG4n1HmRi81Q3Vc4LepNcKwgsdRbOVyMkGhTEM86KEXZibhr9rITEBuuCJuyeS5ZfTXADtyrArHT8hr/fyiUd9w9NBGpMS2BcrlKhKOdWLOjjbDJRNtDAvmSz1CzZX+7nW3dQ8JK/wSknDfrhAzWRl2X0ompE45jeLTRe6pAbJSdg40pNLSng8a3TXOd2n+ok4I4L4RxDGiXZLD1J+PuDTtcuKE37XTvlZFX8MgdU7JS3rDaRr+2w7GJeqkCMQ3jZZq5QQREJvwKaxzzz3o4Gc8+dJqfm9Ql7hbBYEUkC/W3zAnppR0ul7btXWBJCM0sj5FZdzqrQKzLwc3db2egvcUy4gSGsIwlbpaKXZrd3ugh0ueZ81AB+0nAw4teW9VtBxJGMFgWmXnumKw9IfXznqMqEPOdMkfA2PxPqzsxjyu0TFDd90TQKIcFgGzBv4veB+7whwtnf5KOdiaO7Zd7p7qWayfnsuiF7rOYiSoQs5iGlQZRDi3mapk/v1vEDmdYlsQghEKscESWgjiADDo1RKqB9UVYoGiC+nJc5TL9Sjpy61QLc8FmWW5SBWKZqdx716iONbfyGs5XgkapfVJ0aEGjPkhYIlCs4DpntYJqIVa0uwC7j5zEp03tS05Ct/TZLUPv3gvd0oeqXO7dLKgKxCymYeuDUDdFSLhDvrljykrAtotIjoTQ0Pa23tofUuIH+Y82lQQlWJhwLKrwFXcQCnvdWazJqArEZKyfZceSgIRELoOVEdizFhY1KHcREQgCI7fh26sSWBZtOvWkvBHJ/m4CIqDve2chS/TUFDbWaquH01WBmOW6nOWgirBIApYXVhKS4jINbVoqp568pfUqZRurWBpCJ/bRnvik+xLM8pYpcceQy7ZRZlWB2Cg7a2N5LKnYhbBAyrhhtrpyrQ5tcUiBImGxvVVeg4C4HvR7eLbTZqg97k4U9Gajdd55uHCSqkDUNbxNDpRXe4Fx7QsHKXPR2q4TwXHeq7NeuUuuKy+fNFZImMJIwrHxXEcViG0uh9rXEAfUfYFwWRaJQQLTF7MQEPENsmuwvc99I9ytArERNtZGdoEDYha5FjGGDL4kYbtg0R6R7jm/aw+jCsTaLKwNbJEDJYhXm+Xl7hs/bfF/RePOVBIHy7gAAAAASUVORK5CYII=','2025-04-01 02:30:10.060','2025-04-01 02:30:10.060',1,1,NULL,1,NULL,1),(2,'2025-04-01 00:00:00.000','11160311','Staff 1','Anks 03 - 2','111111','AA','AA','data:image/png;base64,iVBORw0KGgoAAAANSUhEUgAAARIAAABKCAYAAAB3ndsNAAAAAXNSR0IArs4c6QAAD+pJREFUeF7tnQWwNmUVx/8gYqIi2KJidzKKqBiAMQqKOaKEMQYqdusoOg4KYiA2JnZjISjmGIjYga2jomIggoGF+/M7j55v3fd9d+/uPhvvOTN3Prh394n/s3v29NlC46RrSrqwpN0kbSXpepIuJ+mfks6xf/8miZ/fF9d9xraxpaRzSfqrpL9I2lbSVySdKmlr+zmvpH/Zf3M9P2fYdYwdFAgEAg0R2KLh9V1fzku8s6RbStpV0h6STpN0qZYTwSgYuwmdLuk7xlS+L+lNkk5qMkBcGwisKwK5Gcm5JV1b0k6S7i3p1g2A/7xJIMtu+aGk7UxqQRqpIiScS5tEAsPZYcmASDXHSfqkpE+b1NJgyXFpILAeCORgJDeVdBdJB0i6+ApYTy6u/aqkn0mCcfxW0pczHAXM5WamRt24YBy3srVevzT3lyQdXjDAT0n6ZYZ1xRSBwCQQ6IORbGOMY09Jd5B0wQoksGH8StK3JX3BbBwwjrNHhhp2mlsU67ynSVAwHOwy4HaWpKNMWvm42WVGtvxYTiCQB4EuGQl2jb0LA+eL7cte3sGPJX2uMJq+1pjHn/NssdNZriNp/0LNuY2kG7iR/yjpLZIOLf7OPoMCgbVCoCtGgr3jOZJ2LKGH8fJoSW8tVJufzAxZjMS7S3qMeYfYHirZ+wqp5Skmscxsy7GdQKAagbaMhPs/Ukgaty0Nf4ykIwu14AQzfM4df9zTT5R0NzPininpCEmHSPrT3Dcf+wsE2jASbAcfLtlA8G7wQn1xTaHFHvRcSQ819zP2n30l/WBN8YhtrwkCG2Ek2EIeURhGn+ww+oX9P3YCgsbWnW4k6Z2m6mFQRvX7+rqDEvufLwJNGcmDzBayvYME9eXBxZeXGI6g/yFwUUnHFlIb7uSfmj0lJJN4QmaJQBNG8g5J93Ao4Kp9ZBHQ9RpJ/5glOu03dX5zESORQBhnYbxBgcCsEKjDSJBCXlna9RuLHJeDLJx8VoD0tJlXS3qgjb2febJ6miqGDQTyI7CKkbxQ0qNKyyI4C/0/qD4C4PwGM7xyF3Eon6h/e1wZCIwbgWWM5JmF6/YZbvkwj/Qz7l2Nc3VkJRNaTyg+xL8E6AUFApNHYBEjubIkMmATEUyGp+aDk9/xsBsgxJ6SBwSzkSZwVzPIDruqmD0QaInAIkaC2E3iWqJQZ1oC7W6/gAXx3dySEslHIhkwKBCYLAJVjIR8kce7HZHqT6BZUHcIUEoB6e7ykojBITL2d90NHyMFAnkRKDOSvSS9tHBZXtaWAQNpUjMk7+qnPRuFnMCXM8Ar9pBpbydWv84IeEZCxCrGvysYINhFbifpe+sMUM97J52AZEeigTG+5lRxqA1DUadLFpnLV7U1nOIiln9ThPtTlpKyEDwLJF5SQoH6MGQ7BwUC/0XAM5LXWfGh9Mf7FUzl9YFVrwhcyJjHVYoyk5+VhN2kD7pS8UHYR9INrULdFTdQijKtCyZC7RjyiPDsBQUC/xGrISIvyZNJxINyJyusHDD1iwAenOPty09Ftq91NB21U8hGJhqZYtrL6O+SfmTr4D4IKYT8INRdpFIkpmuVBvm53cdHCEboPX0dbSOGmQICiZG8yx66tObw0uQ9PVzCSCO8kPdvOTXBbs+zurjloZAmYFRU1kdFIQeIKvzfqFnu4Wr20UHlhQGWCZsPsTLYfKIUZcuDnNLtMBLcvOUoy1URr1Pa4xTWel+LfKXYNG03eLmbEHYM8p5u7wLe0v1IFXjiYBZdZiDz3Fy3KOb0gIJxnU8S6lki1s/HiWTOoDVAAIZRzqV5maSHrcHex7RFasOiJlDP5FmliOJl6yQp8FWFSnGf0kUwJM4RG9c3M2wU5ockRaHvcpEr7CgHZ1hDTDEgAjCSFxTJd492awgj6zAH8rSiudezrQiS/7pXrYbI46eaBILXJREV+F9uPXmGqomLpILNjQ9UolCVh3mmss2aYhji0LNBvnAimMe3CncwvX9oGEYfnTLhfeHrzst6GfsjvXmwdeBGpj4uLtoxEEZeSk8ken4p0HEMa4w1dIQAjISq5yl2hGGx8FO0OSg/AhgrYSLUvKUXkKdyEiV/g6nAfMaajc1zha2EinHQmwuJC3tQ0MwQgJFgycdYB6FPJ/ffzLY6ie0QRUyPHIjoYsLnbyLpsaWiUjAc2n5QsX7sBDMh0DG1YYX5RfzJ2E+t4fpgJL92HfCCkTQEsOPLz2MSBioMvYepPsdXnBajEAZZDOHv73jevoeDmXy02BO2HQgDcXh0+kY94/gwEphHCjRCRMYwFjQcAvTEwd5xhiS8OYkoMkUPnakSEsmpbvGh5kz1JCvWXWYk4fod/nCRSuh57FudzuULjpEYA+zFDOY7T1C6Gv4JGeEKYCRk+x5oayPuAPdv0LAIEDiWbFWUusQeMhfyRmNUNRIHgyaOQDmyNcoGDH+g5bgeCh/RzXBO5Atn0UzsFXPanNvLlhb9S8eFS5jbHq9cIvKZTrPETbKtx1z35yKS+NlO0snmiaOGDqkQZ8NICGgifJpeNSTr7TLTQ53CtvzXmj7CfK0/ZAmUU1h/3TX6Up5zeOZITSCql/wjWrPQYH5re+nqYuKvI/cKxvI2+2UuJkOi7k7mYeO/iUkiehqGSLwSpSfKRM7WgSmnhuZWpJZD2xaV4/+wkd3HPa0QQPKgBSpEJi4RqiTfpQM8vdXo47sZNXp/WxYV4rrMA+p7t2Rps/YDjGHwslURkggfBD7UfLmxDdF50RNV8rAdUVKCpmqLiFAAJBiyrGmJ++4ONokBfG+LRGZP3i7XZPiDEyPxtUjgSIguQfkQoLAQLxZfNQhmTmo/hY6uXgQI3qsUJZpvZf3NRJ8f+v1AL7E+Sf3N1m5kJAy8mbz0ZGlX2XVgGEiPhFNQq4Xi3nRWxA5Uh4jlInAPprKbeexQHXzt5PI4qIT0mEKqa0LEKIE/oQS+a2aTMdK1m0kkPpyZwfHeBOVDgLiQPW06n+tELAkJeV2UF8i3m/ozkQ9E5vBZLiiy/t39XskLRqwLkmJqIZJmZN3YrSjJgBpCOkNfPa956VEF+diQw1TFWJo4SXjXaXSfNJAqFFGl3mvSFsyQtA0+aoSKLLSRMBBGlCQ6h2rT7wNaHt3bRcpf5idJOkQSJRCvkXdZWWbzex/LB4yXlZcNkd/TmYU08jGrtYJRFLVlCKJw+OOcWujXQJwR8UZVhNpEnBj1aqoItRojOP+W1a+V+4y6Iysh6v2CFBCICIwHw/cOSnYT7CRY/YkvmRMRwZsaq5MzxEuSm1Ap6Jqwh3lYvL0D3LFFEDxHwaax2Q6pQfOiEmAnSXpChQfIS73+FpgLGkgrj1EwktyP7ebzEb9DHA9E8SGKQXviIU+FlqnzQZj53MhHVuP1ODHTBkkepIZKuUsCtVzIpiY9gTariPljJtIPYIQpFoy1ol0QHX24LRxVpvxs8eGioDdMpzUFI2kNYasBKElICQcqiqF7VhEenB1NnE0PRqtJR3azZ6bYJIji7YsoEXl3SXd0SYRpLgykx5ltoKu6uX3to2pcjK77uj8g4dFyl8BG33qXS5A+eJY665wZjCTnUf//XOfYr5blnbzH9HUs9Kg+cyPKVvDQpwe86z5K9FymCDb2mLKdCWkP1QXRHk9lOo8pYoxtc/ca3r1ePGTBSIZ7ZDj0pKrgsVn0dcDYitEVHX2ZK3C4nbSf2as3SF/ES3RBGBZRT1LDtzQmRkWMknhecLPPiSggRdmJKsJNTA/vzsM7gpEM9wihs6K7ooNTnX1RwNl+9jJgaE3JbsOtup+Zu/be4IWkrgvxH4kwnGL3QLIj9mGuhM2EcIHyRwejKpnlybjd6f6DkXQKZ6PBaAlBNOGq/CYv+nf5tW602J4v9p0M2hY+OkjSYRYDwbJx0x5pUcJjN5x2BTOuXjx+/GBURfJq5ZVZtbBgJKsQ6u/vhDxTsKhOMBHGP1o/zJWReGa50ZIJRAVj70iV2Dg5XKEYsymKHdQjAsFIegR3ydDeU1Gnan+qq0usA0FRc6SUEdy0dSlqDIFYT3egEK5OVX4ig1FpgnpGIBhJzwAvGB5dPXXUqyNlUAyIaMu+3aPDoLFpVgzPGKBJ3iOJrw7RRoV6LfTVSUT+Du7O6PRXB8GOrglG0hGQDYfxbsY6Z5CSKtvaDxouM+vlKWgKjwKJo8sI4yzZt777AXU9YLbkvkzZjZsV9K4mq/MQdzVXjLMJATI8SYCC6oaFJ69GHXvKVHH26t4yKa1c+In9fsCanU9175NfdzCS/EfoW6TWZQzpno0aIvPvsvmM2DhoVwpVJfDhgcAbkwqVpxnmLKU1R3GgO4KR5Afelxms+xKke1a5ivPvprsZUVMwKkPlFp8EUR1Rmoq4iPTT3SpipA0hEIxkQ7C1usnr73UMrUyWxPk5twsh2O67VtTJG5XLrT/BY0oNwlo9LFO5ORhJ3pMqvxSI6XVqP6TkvrqqUN5ddTdbYrJpn9iGsJ34iF6MsdTj6DXAqrstrcdIwUjynrO3j9AsKjUCX7WKFJBGzg11XOdKaZ+ofEdZCUGfJzNniWzSZxqMJO/xefsIM9fFPyW1kXdzdN4lZ50tBd7BSGieRQpBoroerqwLjsk2IVD3QQ68ukFgI4zEGyHrRMF2s9JhRkmqDdJa6nfMSsiRwQAb6sww57Jy1mAkKyHq9IIUocqgpMpjbF1F5NikQjtTa9uwam/+755hlu8re3GajBvXZkAgGEkGkN0U3kbCr2k4tCoj1WfGzvm8fKCeP5WHu3KUeU8rZquNwJwfzNogZLyQhkqEuyeq00MoFUBaVbck4zZ6mcpHtqYJImK1F6i7HzQYSfeYLhuxLL7XEdlTeHxdVSjvjrqbrRx0FsbV7rDtfaRgJL1DvNkENDki6CpRnWxe3L1U+p47I6H4EKHxieow2bynF7MtRCAYSf6Hw7dHpXJ5atO5aCXJJdq0Tkf+nbWbkRoiKWbk+CKGhIrvQRNBIBhJ/oPyX95VrSq9oXXOeTacAkWYt7LjqCOp5T+5mDEkkhE9A4jsb3fr2WVJE2gaH9E4C6IXC+0U50i+1CL7oyVFxIxM6KRDIhnmsLwYT7U0OsNXUQrQov/KDq7r3jCr7m9WKpphVE4Uz2V/WPcychxYL7CuHJQ2nb7FYpVh0Sf4IYkgkcyVqHSe8o5wcxNfEzQhBIKRDHNYexU9V45xU+PqJPDKi/OpVSeX0SHulGGWmmVWsn0pnQhRd4Tm2EETQiAYyXCHVVWsh2Q1pJWUPs/q5m5kZY/0YdnHmoQda72QhzuZmLkxAsFIGkPW2Q3bWOc3VBhPdNTb3v0iDI+dQR4D9YVAMJK+kK03Lt4KPDOEzlcRwWjUIAkKBEaNQDCScRwPUgm9gElcS3Ri0Wpx53EsL1YRCCxHIBjJeJ6Q1K91V0knSKLkQFAgMAkE/g2uBrFXDwv/PwAAAABJRU5ErkJggg==','2025-04-01 11:59:10.590','2025-04-02 11:07:36.101',2,1,NULL,18,'jobsheet/1-18-2-BoatInvoice.pdf',1),(3,'2025-04-01 00:00:00.000','79248953','Staff 1','Anks 03 - 2','111111','AA','A','data:image/png;base64,iVBORw0KGgoAAAANSUhEUgAAAK4AAABtCAYAAAA4cFr0AAAAAXNSR0IArs4c6QAAEHBJREFUeF7tnQf49uUUx78VkqSSVZJsGjYlWaFxFWkQSUZWRheFKEUSkZEIISuzoYTsPbJDVtPIKAklqyH353rPebvfx/P8f7/neX77Oee6unrr/Y37Pvf3uX/nPuN7VlI7srGk1SRtI2kVSVfZP1fbcK4r6c+S1pR0pqS/Sjpb0qXtDDfe2jUNrNTggNaT9ChJu0l64IzvBdj/SKB/jaQTJJ0z43Pitp5roAngsqMeLmlXSRuO6Ovfkr4vyXda/vq/ku4kCaAXCbvwien6D6fn/7To4vj74WigbuDuKen1km5iKrtC0hckfVTSx6f49G8qaR1JG0m6haTNJT1YEiYFcpm950j783BWKGYyVgN1ABe79CBJ+4288c2SDpB0eUVrsYmkZyRz4fGS1rZnsuvuI+nLFb0jHtNRDVQN3MdJeo+kVbOd8I2SjjDbtA41rJ8OeIemw9vukq5npgbgPbqOl8Uzu6GBqoC7raQXSXpINq232uf7/Iamet9kShyffji3tvcdJwlTJWSAGpgXuBtIOlnSPU03uLU4MD3W3FhNqwybd3/bgd32fZoBuumxxPtq1MA8wMUlxS7r8jNJe0v6eo3jLftoDm+ftAMd9+B1eFKysTkchgxAA7MA9x4GBFxWyCXJtnyVpGNqtGNnUfV1JH1a0laSVk7utXfYgbGqw+EsY4p7KtLAtMDFF4vjH2H3OlDSsRbZqmhIlT/m5ZJenB0YCX504atQ+UQX6YHTAHc7SR+StJYkzAJA/MueKOvhZouvLuk/ZoOf0pOxxzDHaKAscNmlTktuLRb+UwZaol59klum3IjT0xfiVjZozBu+GCE91EAZ4N5c0hnJhl1X0hclsXtd08O5MuTbSfpgsn03s/G/NEXfDuvpXBZ62GWA+05JT02n8l/bgv+p5xq7fkry+ZKk+9k8CFYQ1QvpkQaKgLuLJbH8S9L2Awql3ljSuyTtZGu1Y/JFn9qjdVv4oS4F3DVsZ7q3RcBeMDBtYfN+RdLtJZ2bbPf7SPrbwOY42OksBdyDJR1ii0o4lWTuoQng/Zqk21rA4hFDm+BQ5zMJuBzEfmcJKw+1xR2qDjCBPpF+pOgCl99nhjrRIc1rEnBxfbGIH0s5B9i5Q5eTJO0s6QdmMvTVazL0dVo+v3HAJUGbHejKFGFit8UVNnTBZPi5pBul+cZBrQerPQ6435B0f0mvtITwHkyjkiGSVUaJ0YVm8+JJCemoBkaByw5Lac3Flte6SItHSiR2/c3Mb00ORkhHNTAKXEpetrQsqqM6OuY6h8VBjXRIgi1bpNKgP9b5snj27BrIgYtL6DxJf7DE8Itmf2xv70QfeBW2tnKjPN+4t5Ma4sBz4BK3p3brtVZFMMT5lpkT+cZeMk94mHL5kI5pIAfutyx+T+L1olfJfsSIS95nlRMdW7YYjgOXgwnhTnYX+AsWvcSFGjp+vBCVLIpLsFe/BgfuXcyP+aNE1MGnMmQZkcm+CxSE6dWaO3B3sKADuap79GoG9Q0Wxhy8Cv+UdPfgKatP0bM82YELI8zbLamGGq2QZRqIXbejSHDgviyND8DCQUCeasgyDRCM+L3Z/nfrUY3d4NfPgfsWS6YhT+Gswc96ugk6f8S7Je013a1xdV0acODC9wVhBsnU+DBDrtUAJT6fTbkb8DTgcVmkMHhnceDAhTjjXuZR4NMYsqIGyN/ALQa1FBSpIS1rwIH7PQMtO0rQ1f//osCiDo0TeQyPbHnN4vWW9Y8iKMuh58IdQitjNXBTSVQ3wyUBSTV0/iEtaoAd94aWWPMbSTB/h4zXALRNZM5FonkHEAJwyf4nDxVqe5qLhIzXwEuM3A/e32eHktrVAMB9gBVDQq1EBC1kvAY4vOJxgS+NEHlIixoAuPRQ+IAFHghAhIzXALq6wKioIBSJQ2yLSGExniwJ53qQwBUvhFc/Y1JhWoW0pAGA6wnkz0vda97U0jj68tpnSnqbNQiEczekJQ0AXAjfnpPKdp5gJkNLQ+nFa+8oiSpo2lKRcB/SkgYALmTNtHnCsQ6fQshkDeA65HBGLzf+ibKeltACcKHcpM0TIU3+HLK0BoigPToxnJMtBjN7SAsaALjQDlGqAgkIdWchS2sA1koyxuAMJjkppAUNANxfSLpzqrF60MDJ7apSL4zsn7MuPiTgh7SgAYDLQWNjMxfgiw0p1gCFpTRBoc1ASAsaALhels5OQvpeSLEGTrQoI9G0sHOL9VX5Fc7cso2kJyayt/dX/oZhPvC5yatAc22IoMllDmlYAwCXjouEenGoc+gIKdaAkwPiSiRkHtKwBgCuF0pSJBm5CuUWAGqm35qd633Tyt0ZV1WiAYBL8IGdg14IeBZCymnA22jRO+38crfEVVVpAODSmOQ71kya7P6Qcho4wJr7kaT03nK3xFVVacArIP5uD6REhRKekGINPMxq0AAtyTchDWrAiyVxqOMOi7BveeVD0UTfCMwEesGFNKgBB667d/j8wY8bUk4DcIsBYJqe+Fer3J1x1VwacOASdz861Z9x4CDFMaScBk6wTvJxQCunr8qucuASgIBCnpoq2GxCymmAzkQHmo17TLlb4qoqNODAXT1V+MKNS19b/gy1ZkixBtyVSBQNLt2QhjTgwOV1xNxpYALxHe6xkGIN3DV1YP9x+kpFhXSxriq9IgcupM67J8aWZ1ldVaUvGujDVrND2a+CBajZFc6B+4ZUcv38lNl/svW1bXYk/X0b1ExrmIkVpTwNrWMO3D0l0WUGGs0bNPT+Ibzm2ylDbDNJcC3AwRbSgAZy4JIswgGNBaDnAbZbSLEG6DC/k7HbUEgZ0oAGcuDyZzL7caZTV0X/g5BiDdA7gxIeCk6jgqRYX5VckQOXB5IUva0tAAsRUqwBemeQGoprjMZ+XZP1rcRoXaNIhUqWvnZwIlOyhdC7eENb9178+EaBS+9aksk5ZGxgjTu6thBdG493LOJge2QHBkc50dPtn1mGA4ihl/pmAjaRwU7KKHABK+XqpDdCpQmlZsjSGoDtkh4RBCGIorUh+N7JpaaUCOBOkotTaJ8MQBqNkyBEhlu+447eB0EMFTIwsXdKRoHL4Mjs94NadJksXi4oRwnYHNcCby6AxUzh37mQmkr19ldtPZ3ohd10KQH05BeTAkAU1YVkIqi6Xl2sjmauGAfc/Y25cWVLMscWCpmsgfWS3/snZh/u2oCiCMnDFsluSackl8uMiYjPfBWJ7ZgbkFlj+7pAAE5rMX6ordrC44C7luWYrp2iQdEitRiJBB/wxvAD37z48pmv4CB1kLnerjfylBfajn/RzE+ffCMeJggRCW/nckj6j9a6kI4DLoM7yaJnV6agxG3ikFYIBwIPNDbh5F61YLdSSYyXh06XCO8i8MEZpKkDFGMg/TU3S3j3Y6qecJnnTQIuBw7a3q9iJ2VOzCGTNcDhjN2WQy0/9ioEM4AdlsQnF9hzICPB3mwrEQrCP9IDcLMhHOZ3Nlu6inmXesYk4HIznz5KUq62aBo2VMh4DXhnTmhI520lBQvk8anyGi5elyuMu/iwDlUUs7H57gvZNWA+tymALAVcPgHeRbFVe6YpZczxHnbBXewkft4cz+FTTBVKvsOyuxLFvHCO59ZxK4c23GQexPhhgSuu0jEsBVwSbWDfxiXGblvlZ7DSSXTgYcemT+VTkj+Xvr/YntMKtjGegK2zGz9vz+Qk31XZaIQ7rbHD/FLARVnwiblrhajaEV3VYMvjel3Ky90v2Z3bWQnUNMPhc8uuuondRJokdX9NHbqmGeu4a/FC5VlxjVSDFAGXvz/TPgdUsZI5dtW8Mx3g/U5jhR8Xj0xZYYflYOdC0GD7pg86ZQe7xHUcJHOS69rBWwRcxrpP1o2HMnYc0CEragDCQKJKZburk4EHFQDBHhfMDXTd13o/TzZiPoSW3XVXC1bKAJdPARy6hDbPMtr9viq3FiWmZt4cXg820kDIA5cS/LGnWPoo1+ExALAcyvpeQeEk4cwL84d5jRP3RswcfSsDXF6Mh4FYPBEbBsOgQq7VgJep72XNDsfpBp84XyzsYf6MkFOAz3woCegAEjcZAig9NXZV6+qED5hQNVFZhGIFekkDePIoaITOfYWALgtckm7OSZ9DBsDhISjkV4Tm4fbZn2Qq4Jsl4TwPCZP7jOOeKNiQ5JpsMmTL8eMk9ZMGOdMIh1Na9Z467qaywOVeZ23xHbgvp95plDXrtbSUJasKXy6lPLlQOQ3Tu++y/B2JMMT/h0jb9N2MVMbTKGfVK/eRWkkPvhVkGuA6CzcPIPS4TgVRonkm1KV7ASZAzMt30C0RsDxjjN2Inskk6w8RtFAbcFCdRHZNEAXGHzcFMA881ZLDHTnFoymarDM/APLDl2+W0wCXLCgCEp4lRLZ/5DAs+/lw2NrRqn3ZcXAbYgrAPZwLXoQhkgriw95hAuiY/xlmKuH6w44tEsDLLjuKr+V28zTA5WV+eubP+HOpBo6uM8t+0DQ4pF8cSdd0L8o52C5Pcfw9BtpxfdSHOwpKNjhs3Vk8UYSV8Q+P7sLrTQtcCu0ISHBIQ4hVk3a36EIi+aZ2aH2FHUZcJ3+xUC5ZVEMTqiQ4tC8lVVQ/443gALw8U25a4DJAQsCEgl04fNDfdpEFCiZ2B5jJ8R64EAolcWb0wDYUXXmo2+dDXgW6wMXnMgvGJukH+5jKDM3yUAZFoxMXDGfSH6lVW0ShxOlSo2Bid+XQ6rL3CJCHph+Srzj7uLC77pa1FsBPizlZpXDGumgW4DIIjOw8k4mivHGnwSoH3NVncRC7ZMzgYHDEPYYHZohCRhvVwi54BwguUNbufv7aKsVnBS4gJVc3j0cvMvsNJ2VK+11wdbF48LANWfJgA7xzUHiRYIPwg8Utxhe5cpkVuAwk9zDw3xQMcrKmXn/RJF9APAg0gpklL7dPesNnS/sFFwIwpGM6rwPJ72xmtcg8wCXeTPINLiAXwMsuXFXdVS2Trvih5B8cZc8EwOQtkHAzdMnzEpjraJRsltzk0jqbB7i8BBcQbh64qFxIstiq9Aj6fyG5G7DDIGebnXdB/6dVagb0DBnHnEOggK9Obbnb8wKX2eEOo2TDheJKIkSLwPY47nNZBRlHKdR04CLC15CG5MIhDSYcfsS1SRXAZXA5+w3/TaUrDa2H7t9d7le0FYKDoojmqLbFbOHB+K75wuZsN40U1lYFXEwFEqhhNXdpjSyioQXEPCDc7WZCHT7LhqYy92s8QaYxatqqgMvMKfajf0ROlpYnE8+tnY49IC9VYWhw48KRG9KABqoELsNd06ojSPFzOV3SFg3MpelXOAmIv7c2Z3vTE+vD+6oGrs85Zznh/w3RbMi9CcwRF9ihfVj0IYyxLuCim9GDC/+vEcO9oYXxxBp/3aIdzBpS8/jX1Alc3kg6GlUAuVB42feyn1HnO4EXLwBsdUEX5eV1Axc9EkE5bUShlK5Q4tFXGQXulpZc0tf59G7cTQDXlUIeZd5hHG5XDjR9lNG5VJEs3Uc9tDbmJoE7znToaxI6YW4vt4bQwytCWlvIRXtx08BFv/lnFiqiPla7UvAIfT0CdRJVDiENaqAN4DY4vdpeRfL4vsbsQy0UlQ8hDWrgf+aBrbo/OXoZAAAAAElFTkSuQmCC','2025-04-01 12:09:05.964','2025-04-01 12:09:05.964',3,1,NULL,1,NULL,1),(4,'2025-04-03 00:00:00.000','33344355','Staff 1','Nik vessel 33','111111','ds','sf','data:image/png;base64,iVBORw0KGgoAAAANSUhEUgAAAN4AAAAuCAYAAABH9aeuAAAAAXNSR0IArs4c6QAACJtJREFUeF7tnWeoJjUUht+1YAOx945ix469Y1tsYAG7q2LvXUFURFTsrqvYsKOoYEWxgIplsYsNxd57/aE/rHncREL87ldmMjOZuTlwuezdSebkJG9yctpMUHq0icfSE+mxlznKEigvgQnluyjVwxqSdpa0jiQfcK5TgLeopFskfWR/MhhLiTw3TkECTQDvUEkrSdpG0hIFhXCnpF0Lts3NsgQal0CdwLtD0i59RvytpCvs/29sf88vafk+bTj9dpL0Q+OSzAxkCYwggTqAd7ekHcfgiZPrLaNmAqBBKuS+kvbpoZJ+JukQSQ+MMO78aJZAoxKoEngrWDDNG4xwsqSnJAG6onSNpAOCxsdKurhoh7ldlkCdEqgKeGdIOt0bCKfSdebf/D0WYYy53AB4Ra/DxyVtFusFuZ8sgaokUAXwzpV0kscwKuSmFQ0A48wJkjDY+AQYUWEzZQkkKYGYwMNwcrikjbyRYnkso1IOK7SDJV0ZPFzXu4flMT+XJfCfBGIBD9Bx0i3lybaJU+d5SWt5PAD6kyV9kOc8SyAlCcQA3mWSjvAGdYOkSQ0OMrxfZp9fg5ORX91bAmWBd5GkY7yuU7EscgLjN/Sp7FjzGsoSiCaBMovxehPChW/N0XaJ+dKwemLldDRV0nrRJJc7yhIoIYGiwNtW0v3ee7FaDnKAl2CzcNOQz6x2FhZlbhhTAkWAhwHlBUlzWUaaMKKMIgPAh9PexYWeaRrH9CeOwst4enY+EwLIz3SSppe0nKRZJC0iaXX7N9bfTJJmsP/m9+eSnjUuqCclvdxVgRUBnh9z2RaTPVE0b3qTSIQL99FMcSSwtKQ9JK1sNCEyThYwVu6ZI3T9td3gn5H0sL06YLn+O0LfjXYxKvB8i2HT1ssigvMn7DZJuxfpJLf5VwJoOmy8GLL6BbLz7O8mG+U5G9Qwo6S/TMgf0UwhceKtb7WTsTJX3ra2BAD4iqT32jgfowDvWkn720FyepDa0zZiN77HqjvwTjbEYW0bRIP8zm0NariPFg/4+NWqhvhMH5L0lQlq/9C4lj4uwS/GsK1sYPwGVm0Nu8O2QDgia/IdSfCRPA0LPN88/42kZYyq9kvyo+vNIDspmQwuxjOrnf0ncjZJ+1ntABXSP4lYAw+a+9vtxmL8iAkV/K3CNcH9kOCI1czmuarlI0yeJln6HElXV8hHlK6HAV5oGdzNCjoKAw128oYHvirjSRscYulX720X8kJeT6iJWLQvlfS0VSNLv6hgBwCP3E1+hyDkKnR2qqroMMD71FPNbrI5cQXllFwz31DELnlQchzWz9Ds1vBE2tXC3uu5T3G6oaq/WD9bA9/owMdBwZXC0YWSjh/YuuYHBgEvzBof9HzN7Jd+HZN1gTdR493VgPGMSCTAB/1h1MxPzN0JLQewcdq1gRjHDlYlhV+XaM38JkH9gBTGPBJ/yfHdRfKtneMRfLgCOOGcuvajJKy+91kzfhvnfA5JWwTB+xh7yBO9uekB9QOevxi7HvGBauKrT23xT8ZYP+EGS7ABhpKulNLolbOJC4KTvbExjgW8AyVd5c1qqiFhMRae6yOM7ez6yYel+jhj+l/bCgBzPPmUKYb+lZ1nLKJEy5xv1vWCnmX2VmN82bNs50XajwU8dn93QW2MuSIDKtkmzGro6oZDJM+jxuzurJWAba8xnNolRZpc814lQ2qf517AOzooGrSYcZxj2Rwv1HXwTQlKZbQxAinGWqRIMndbiCgaNp7aTvtewCMAek3LEEmuR8UYZcv6CGM7uQ9c0rIxhOyiwVALx69tWvtOn5gMw/stLiUc8DjiK6UQeNubyIB7vTcCwJcq5SDdzrn7YFSihDx0ni0jkS7HY3N2ouXfPYEDHMteHfVwUpdXqHr+ZK33foJ39DGEwCMK3CWL3jWg8nN0ZhLsEJM0BXmdmb1t4WWcbqhT+LQcjSeL7ShLCmMiRkVH31mVvJLNyQce6hVGFSxAEMWLThmF8w4/Sya7A19bwsvCuyoLiCgOsgQy9ZYAH8+hUoFPqJ1E7CC/aHdAH3ihvksSI98zyDRNAv6OmHLZeFRkNk23UXxhneHJhU0lurBI8AYLlDLplZqEmwlwkh9YmHzgEfBKLhT0mlGxVinca3cbhqdIar4++MMI5Ac1L1mHsaCDUw7otgz82f4wSXtiM8b/ObI66oC3rCQSDB1x1yP/KdP/JUAuGsYKShhAWML4adIIxTWBkC/fIJDaptDmtURRr4nmmx+beyVP/PGgAT0m6Ub7x4EqqQNeqGa25R7T1GTybb+zgih4ZIhv6P2amQrnjjhL3EC5rkz8iSB4nAOJIskb9un+XVv+gs04dE1QR2ayA14YIoapmVysTP0lEH4n4ntrtic0qWoCWBgDyNB2xEQ7H2zV78/9TytvuW5gDR1GLpMc8MLCtLkkwjDim/YM2fh8n89X8wAAAbixTx3uHQQ08L1B/+LPror6O/JdY/hh5icHSID7Neoo80JcqEut6tVsogNe6MPocgpQVSvoNFuPBN+fK334ur2AE6ZVhrBQks7S6zvxgDuZPLMyg+xY21ltESgqr1GygkJOX1pr6FQHPPKU/B00A6/4KqBy2anBd/tetRFBw3z51r15HpuAyu7pV+z+0xrC0Ercp6uLc5tbNiIBgAfgAJ5P2QRdbjo48Y4MPs7pesQ3yldyAeHP1ie0tf1PVEbmo9fJxiO0wXLW1YTkclJvUWt34pHiT7VfiEpRHJOZ4kiAGE9CtnDZFCHui6isAG6gmbrIC3Kb+iXggMfEujqZ7NRkIWeKJwFOOMoJcpJRj9Kpjpx+lEt0pQbdicebMZS4n3ic5J6SkIADnl/moWsFjZIQ9BBMAMp8og0hqC48Asj8kgfZcd6FWc1jSF4CAM+PPxzviZHJT1hmsBsSAHj4nQgzguaURCJgpiyBLIEKJfAP85Fh511/Vo0AAAAASUVORK5CYII=','2025-04-03 18:22:24.764','2025-04-03 18:23:47.428',4,1,NULL,10,'jobsheet/1-10-4-BoatJobsheet.pdf',1),(5,'2025-04-04 00:00:00.000','81174898','Staff 1','Poojan','111111','AA','A','data:image/png;base64,iVBORw0KGgoAAAANSUhEUgAAAMUAAAAxCAYAAABqO23/AAAAAXNSR0IArs4c6QAACjxJREFUeF7tnQWIbkUUx/8PRbFb7MJW7G5BsbsxsMVnt4igD7FbUVHsRgXF7u5CbAULbLERLNT7e8zAvPF+e2Pmxrc7Bz52+fbeM2fOzJnTs+MUD44yqM6NhzJhShxonwPjIg25g6TbDK6DJF0aCW9CkzjQOgdiCcW/DuUzSfqp9ZmkARMHInEghlCgIdAUwFWS9o1EW0KTONAJB0KFwhUIJhCKrxMmpEETB1wOhGzi8yQd4SA7X9KRib2JA8POgbpCsYmkqyXNYRjwt6SlJH047AxJ9CcO1BGKOSVd6PgRcBEzaqfEzsSB0cCBOkJxsqSTvMnvmGmK20cDQ9IcEgeqCsXqkp5PApE2zmjmQBWhWFTSQ5IWcBjyqKQNG2LQbJK+k7SnGXN+SX9KmkLSZ4aWFxoaO6EdwxyoIhRnSDquYS2xpaSNJO0uaboS6/KmpHclXSfpwRLPp0cSBwo5UFYo2Ki3ZA422WoLE7Jf8C9iwHqSNs4Ruqq4CQtfaQSl6rvp+cSBiRwoKxTXGDPGsi1mToJaKSJXaxesyaeSvpc0i2fC5b2G028/aakTBypxoIxQrCjpVQcrm41oUwxAQzwiaXIPGVponkxQHpP0iqR/JH3sPLOK0VrLGVpWGEAMtFKc+GQMYhOOscGBMkLhZ66Xl/RGBPa4lbUW3ZnGN6i6iREuPltI8gXkR0nHS7oiAs0JxRjgQBmhcCtg6ZU4OhJfHpe0vsH1s6TLJZ2alYr8EoB/Skn7mMQiQuLDXJK+CsCfXh0eDmDhcEiSbN5Gko1m/iaJzzTmc6ep6n4gC/IQzfyjSCjGZ8guMXx4MQuDkqeIAWdlhB3jIIrptFu0aKJTsgDBYh7Bx2bMODvGJBKO3nDAWgpsfnzOryUhFFXhdUnji4TC1RJLSHq/6ig5zxN2RdDwGYBrTWFhUz0YRMjQHnY8xvzchH3fMbmQCNNKKFrmAAf0bsYqQAvEggkjCQWmkq16jeVco8rIiNsEIBElwr1tFBKi9Q6RtLjDveSIx9pK7eFZMwu67CFp/4IhCcy8JokEM8Ae+yYrZJ1P0vTGdOL7lSVNnQV0NpP0MII2klC8bSpfeRG1dFeEeft1Uwgd4d02gcABwQLX5yBCRWg4QX85gLlN2B4/YRAQoLlBEv4qB24tGCQUlIbfbzBiYqwVocXUjzbdLGnXWlTHecmPqoG1Cd8mDrVjE8tCRivsl0UPCZL4gKZ/RtJbMcPug4TC7aiLsVEwm8hH0HMBINE28tTlcqMtTvMCCNC2naQfuiQsjT1Rk5M0dmvtLFsuyPbPU5Gsl/+xepBQuA52kTNeZv18symWOVZm7DLP+PQlX6MM15p7Jq89gdGocbtIElGixiBvwyOhT5gRYzjYVNHeZOLEfTZRMO/sBzq/NPVesfIyjS1iTcRUA2ydncZUH+Ns/i7pV2OLcwqz9sTz2wZoIsiD6WQBWkjs4jg3DnlCQSUsFbHACZJOD6TiehP+BM1LWcZ6tUB8Tb/un1IsxPYhjlvTBFfATzj84Kz0ZXZJyxa8h0Bgq3Myv5yt4UcVxqn7KPTR1emaTJjvmEtNhez/R2ueUDyXhabWME/iA1CaXReY3CfOy8SV0Rp9hyVN6HgGQyihPG5AHAba83iL9ickba8iqsN/TmuuMCLrG1J1MNLY7BUrEPTSnNhFeU6eUKBCpzVJLU6UEHB7MN7LernZbMMEfsSMAMQdQ9h6619FZNeA05dQOyUPxPM3MCYTJu/cAxYK4TisgXIZTHY3TB4jwFNrr/lC4ZZ1hBJFlpFwrs02El++txaV3b60TJbcoSyFJCPwhcnAD0tPOtUDrKsFTnkasuiPKco9HZg9g+/hJ8oQIAosY/Fg08yvuc+hkQ5PKrGb0kgj7ihfKNyEXWhZhytgqFw2FVpoWAHnjznYsDL+EdW3VSt625z/LsZGtwcTCS3ae3GkqwAac2/TCOa+d4DRnKHha4pBXcEjXN8ZX12hwLR51vQpcMIvXYVrOc9SQLiq+T5U6wSSEvX1PDXPAna2iANmR26IIAE/gRhrSpkMjrcL9LxgdoUA/sOsBgG/h5rtIbRM0nnnRl1CN7Fvi4c67EGTbOBleHWo056LJiRS1yfB8KNooWtq2cjhyX3B7u2Q/K3uGqO5SNJZ6LzkxtUU3zr2/1ZZs87dNTcTThppeRvpiNm6WpOkxl7zHdg+zdU1hSmF2DyyjU407hyPs3Xu/3ItCtCtY0o3Glu0IsSuUMTIYnOxAQ4YcX2A4ixsRRJDoxWImBCqtMkmTBYSfl1qDU5zzCUL2P5NdR5yeLpFemgkLo+gPL8IECr7z3549gOvirno/Ub+boXC7cOmv2GvmqP5ZlOdk6Pm0J2+ht3OxnNvToSPbJDa1ZoBM/JNp6YdV388zEmsDfyDQcBewWwiHNyG8JZmpxUKOtFsOcM9WW0JmcWq4NuGT2flIutWRTLkz2OiYEItbObBaUmEqu2knx8MiFG/VrQ0fuiX+qSLTRNZ3rtoE5q/LMQoKSqisdTfLbNwEumPBiAWn6AquAvBZpi3KoJR9Hxe0o9SdcK4TQNl/wihvaOrTT/H1xiYcOwrciIu+Pyhbz6vNLxpXuXit0LhOk11Klj9OHOsSEcnTIk0KEm/y5ySGdA2bU5ixiF49kBqs7PRss09YPkODYC2tFcU4e+QqLPlHOSusEy69MEmWXIrFO6mrrJweTU1femViLS3g9EQaCB86/aSkCHn9ojY4F9ah2+Ib9M2+Bdxo63IbyAI25q2YEsTAQD8sd6AFQo38lTWKUMFsuB+4qaOpukNQxok5Eav05DCS2qIYpVDU3LNdS0WcHbxcUKzzXVZQh4Dk9ECJRv0RrvQy74VKxRudeKCJSIm+B2EXW0VKRPFj6DnOlY9TN3F6PN7fs8GtGJqcpqHRqlcnw5TBZOl67XwHX53bfA3KGPvjdlkiUMosENpqAFYGGzhQTVKnDzcpOCXIJPqp0Qk1oXLfd7YMWijYYb7pyxwRy7f1b2PqqnsdYy5+oJBmJZ/DUdRYu8Eggn75tNI/gCM54p8tyMKHCSuqGrs+lSKsYBt4sC+PtyYUHZcmnrw7+wFdGXocTsleR5zbKUyL7b0zMzGj1jE3BtGpfRI+YuWyBo8TJ5PgZNE6h2Y0dS4UyHpXy2CNiGnQZFYV3Zr5wwMJGAqk8uh24x/imOBu3o5TYnzjwS+hqAZaue+nsCBvGrt9TyhoCTjVhMpoFoxrzGoN4mW1jjV/EBEZzhgfEB707DPT+t3oB0oC7d3pNp3Uig8wjpZoci7AykPfbrBOwLTC1D4mWH7OM4z/e5/mZ4IzBEXQspzmp/VEI1ghQL7lnuZbHmCP4XeO0dDxPMypHI1JLF9gh7cpD4SYMZSLpF8ujKcLfGMWxNDDBl/AgajnunWgtGobX722jkqMddhfITDikgf/+kp7xZtEl+UUPQyijOMDIfmNgrFhpU3faOb9l4+k5kbVuiRwJxKQY7IK/UfgbLY+FzoLy4AAAAASUVORK5CYII=','2025-04-04 04:45:41.554','2025-04-04 04:46:39.675',5,1,NULL,1,'jobsheet/1-22-5-BoatJobsheet.pdf',1),(6,'2025-04-04 00:00:00.000','31703152','Jay Pandya','Nikunj 222 - 2','9999999999','Supplier 1','AA','data:image/png;base64,iVBORw0KGgoAAAANSUhEUgAAAREAAABdCAYAAACCeVItAAAAAXNSR0IArs4c6QAAEDFJREFUeF7tnQnUfdUYxp/MFCoyNJChooRFSyrKkKIVapkazJKxkMTKPIVVS2UqKcoUIVamVZmyIqQMxSJJmaI0EEWx2L+/vbOd7v3uufece84+9z7vWnd933e/c/Z+97PPfe+733E1mYzAfBF4mKQLJf1Z0hXzncqj94HAan1M6jkXDoH1Jd1V0qMk3V3SBZJ2kLRVttJLJV0i6V2STpB05cKhsKQLshBZ0o1vuGy0C17bSbqnJITItPQpSYdI+t60N/r6shCwEClrP0rn5knhQ79TOJ48cwVG/yDp3Hh0WUfSafFaBM2OIwTOVyVtX/rCzd94BCxE/HTUQWDDKDhen118lqSrJKFRQN+QdIf4c6Ux94lHmuo1T87GqsOTrykEAQuRQjaiYDb2kPSMaONIwuKjko5pyPPukj5eGeON4e83NBzXt3eMgIVIx4APaLot4wf60ZFnPCxvk3RUy2v4erSvpGEfXkObaZkFD9cEAQuRJugt7r17S3p/XN41ko6UtN8cl4u3BntLosdK+sIc5/PQLSJgIdIimAsyFEeVPeNasHO8rwNbBR4ejjFpXuws2EhMA0DAQmQAm9QRi2gC6cWUfdgn/p2tlePT3Tpau6dpgICFSAPwFuhWvC/YJvj523h0SV6XLpeJHeZLwXuzdqYJYSMxFYyAhUjBm9MRawSNIUAg3Lb792zY5Gjzi2ztP5F0n46wqE7zOEm7xjcRsGAFXSaJeBhc2sTCQGhOvP93SdfF+JjPR0x7Yr+baS1EusG55Fm+L+mBkcGNJJ1fALO5YIOdLm0kzM2x7oUt4oBtCSLwjt/T3y1O0d9QFiL9YV/CzMkr8vuQy/LSDgyo06x50/BhRgtJNE8bDdrPwZLuIWnzaZic8VryiBCMR0v6wYxjFHObhUgxW9EpI7eWRPwHQgQbyC6Fqt1oBPCY6KmSPtYiUjuHZMGnV9zL+fBgQ/bxp7M30SLI91k9uL7vJOmc7H9Jo8NFTV4Rmt16E/hFmLxE0sUtrqvToSxEOoW7mMl4wJNKPc9v+DYWTLwKcSsQYfbYKMi3aUoIqHeOSR4koO4rIdfnjChkm87F/biwwT3ZVapjonWxzm+3MdmEMVj7ZtGOk3D9WUXzq82GhUhtqBbmwhRIdrmkd8eHu+TF4ak5L/B6u8gkwq+Jx4YPMWH8o5IIPyzpcElnzxkQeED7eFCIAF63MhcC7NgowNpi4zaxLAOGYjxgSWOqjs8xi7igqVIPLETa2qZhjEMCXXpA9o1CZAicc4xBa0iekFl55xsYIVrNGj4l2if6cGu/WdJrRmxCWxriuDWvtO/gkF4Tnw8LkYkQLcwF24QPz+lxNe8J7kiyaYdEHwhHi70iw9N6a9BmPjPmKHHonEP662B8x6BtkeiIoMwJreBFdQYYcQ0u6ZNDkuPGM95fW+OzEJkR4YHddi9JZ4YiQGuEymOo7KjzQyNUcNzRifhw8SGbRBwdPjLG9sG3/WGFVVnLXe6s7adReGKfqUuPiZpV9aiU7j8iGNN/KOnasP41o63pAZLIrF4rmwQjNlrgimQhMgmh4f9/C0knhtT9DcJZmOCnJ8RgqCGuLM/4JaDroLCIlc7vHxpj+0CT4X9fLhSE946IU4FnhOakGJNq+kJaIp6m4yWhhf56zLqr8Tlc9qxooxkLlYVIoU9RS2zhXvxO/BYmnJwH7OqWxu5jGL4VMTreOJt8XOkAvBx5jVdu+Wso50iC4ZsKd6liCH11tN+gKSTCg4Pw40vhV2M2oFpaAY/WN4MWhzu7DlXd6tzDUQsBNJIsROrAOsxrKJzMmXiT6BLlISIke+j04hEGYQpEE7dBTAcqeXIJ52tFC+NY04fxtAnmpAAQDFcljmFEwH4u/mNcpO0s9VneGo46B1aEFwKcI9ANyEKkyfaWey/fXgRIPTKooxfFmIC/lcvu1JxR4PnlU9yFKxujJfktQyOEAyH4eb2VfA0cb3AV32rEwpqUnOSYmJfDHGvMthAZ2iNVj1/Ozi+ICWHbRuNcvTuHc1VVbR/FeZ8ZyW0jiYb1Wkn3rjkwghNXeBPKa8swDtrPy6oDWog0gbjMe/nWwjD3zxjducgVwljn0yQRxp8T0ZcnhT4434o/y9yp6blCw0QzefwKFfeTAfWA6Ye/wR24iXl+iG5NxO94jK4nC5EWkC5oiK0lnRpqod48GB8JYsKFueiE8Zh1E435m5jQNjS7x6x7RKzPXWIOD+5aMrAxPLeZh1M1tN4gdsVCZNbtK+8+wsJJDKMDHRGYJNjllcLK49gcDQWB3AZFzV0SDK/PX7IQGco2TuYTQyoxILj+7hcDiCbf5SuMwGQEONYQBJfylyhfQDIh7mNZiEwGcAhXJJUTFy5qPUcakxFoE4Fq/tL1nh8LkTZh7mcsQtoJJKOoMYWFyEI1GYF5IJB7xK53+VqIzAPq7sbEgIoXYofYTY5vC9tBusN/2WaieNVns0XjJTrJQmTYjwF5DR+M1ngiU1edUU1GYE4I4GJGG7l/HH+Vp8ZCZE5odzAspfmSK4/I1K91MKenMALVSNbVLESG+1CQiUlmblvFa4aLhDnvGoFLsgJR1kS6Rr+l+T4h6SmSvhsyNB8x8MzcliDxMB0ikJcqOMqaSIfItzQVKeJviWORrUrFL5MR6BKBvEDUhRYiXULffC4MWqlPCQV1dmo+pEcwAjMhkKrwv9FCZCb8ernptrG4zH1jSjutJRcpvb8XUD1pcwQsRJpj2MUIVPI6JtZGJSqVTF0qXJmMQO8IWIj0vgW1GNgtK083baXzWhP4IiMwKwIWIrMi1919dJ6nLN2dQ2uDv4SKZRxjSHk3GYEiELAQKWIbVmSCY8yzs/qhpVYoLx9JczgXBLoSIuR44FkgbJYqVFTd4mxPN/ofz2VlizEopQ3pCXvT2KOVmJB/LMbSvIpFQaBNIcJYCAp8yBgCaVX40FhuAJV8HFGNiSY7lFzD2/C72KGeRLIrQ4m/H0m6ZRQ448rkL8p+5Ou4SRSw1NSkwDBJdlT+NhmBohCYVYhQ55FCJTeLzW0QEhQswQ05T/pTtAdgEzhLErU0T5jnhD2OTYc3Gg1B+OSf3yMvntoIjEVgGiFCF3XaLyJApiWOLhgHV1LFOeKgtnP0oaUfv9ehK2JnNxr0IFQozjt0ukUoQPzLqKGhqT0kVG//49AXZf4XE4E6QqROV3GOHox1qaRzY1QlHcjQHPj7shnho2nP+vFeNB/qhyJgeI8SgKOI4w/Nm/n2JlFoiESPFErzI1hfEUv1D3Ed5nkJEJgkRFJoaxUKhAUfVtoS8pNyfLT4w4bRJSFQKBpLA2Ma+FTX88koUIZU/ZvM3NQr9exoVxpy68sunwfP1QMC44TIE2NUJC34csLdSEObSU2Fe1jKKq8Phlyqe1H/Me/XitBLzZBL5D3HC28M9UH+FY6AVJJa5L4xfTwnnrNlBEYJEWwePMj5h/DQ0HmLb3VSz4dArGtzSXvFnhx5C0KEyHGTOp33tEi0Ko5i2IMoe4gwv64nXjytEaiFQFWIVBvV8ADvOcAmyPni14m2GooZPzgUMl4r/hOBSEp9Kd/0aFIIb45lGItxlS+TS7vWA+uLykOgKkR4aDFgQnwTkuSVuo6Xx/30HJE6z4c0b1SMlnVwy13DpudMeqWkt8cbaVaNcdVkBIpHIBciuHDzzNAmHcVLXzhen4OyTuv0L6UBdl9ayRoxrP1GUZht5DT/0h8h85cQyIVI3lMCbwsRkotOHN/4xk9u5D7qlWL/wA6CPQTCjoMB22QEBoFALkRok8c5HFpkLaS6MWvHD3EKoiMSFoMmoeZdEHMlFzRNmeHHxYa6QN5ztIJAEiJ8gNBEIFT7reLPViYZyCC5UZn+LWgolMefJ3GMIWeI2BAC9tCEeJmMwGAQSEIETwUGRwgXaDU+ZDALasjoltGQTE8X6NhQw2O/6C1pOPTI2/EOUXgZIqyd0odDjbKdBz4ecwAIJCFCsRtcjBAfGjwWy0ocJ46MAV/8foakA+cQYIf2cUFwM5OtC63qJrasoHvdw0UAIULFLOp6QGTHbuZ2jKuw4HhzWEyC4++2ja5HZJm55BftHDKiLxruo2TOlxUBhAhFf2lGA5EBS8ao6b8IYCsiHR/BCmEjacNmQSLheVlUMP10n2PQjcAQEUCI5K7dZbaHjNs/gu/yyNE2PFcIDZpxQyTXEUl7zhAfIPNsBBAiBJgRaAZhSEwPt9H5HwIcbQhOI0gNanK02VjSzzNwT5uxRov3xwgUgYCFyHTbgBs2EQFiz53Bc0MiI9oMRJEm3Ompq9103PhqI1AAAggRygumLFf3NFl5U3ABk8iH1waihgotHOoSxxa8PYm+GA2qde/3dUagOAQQInwLUmAZ4gHfujguy2MotyPBXd3jDQWciAWByJAmNoeykSYjMFgEECK5en10VNEHu6AOGa8KkklxHnhfwDcRtij6yZiMwKARQIjgtkyp8c8LcRFHDXpF3TGP+5fC1ckozcyEsIPh6RU2qGnC/24f3ye4D1sI75mMwKARqAoRwt1LLx9YGuAUVM5rf1BY6HUV20e12BNlB4iKNRmBwSOAEMmLMVsTmW1LERp4alJJgdxAvWnUTFJFtYuzKNjZZvNdRqAgBKouXmJEiBUxzYZA7gLGSL1/6IWzW2iZsU82XF0j7Gwc+C4j0DEC1eOMI1abbQBlDQ+ZMMSkNh3NOPDdRqBjBHigq7VE8CKc0jEfizTduF49rNFayCLttNeyCoH0rZg/+BRm3tX4NELgHSEn5oDKCK8Kjcl532QEFgqBJESq3gN7aZpvM935tollFYhMpYGWyQgsHAL5+RyDKnEPEEZBjIHUGzUZASNgBMYiUDXy5d4F4h0IPBtSH1tvtREwAh0jUBUiuZE1sbLs5RI73hJPZwSGhcAodyMJYodXalxwrNliWEszt0bACHSBwLiYBTSS3UPt1b0zJujDskclnLsLHj2HETACBSNQJ/Apt5OwFMc6FLyhZs0IdI1AHSECT3l3PP7G2JpeXfPs+YyAESgIgbpCBJapCE9l+JyOi7VHqVxuMgJGYAkRmEaIAA+2khOD4TVlpCbIKBO4i6TzlxBDL9kILDUC0woRwCK1fUdJe2YNwBOIJ8cCR7TlNBkBI7AECMwiRHJY8N6QuUobhJwI8aYlpAPVluAh8hKXG4GmQiShR4g8mgnV0KtEeQF6q/DTVdOW+3nz6hcQgbaESIKGeqPUDs3jS3LYsJ2sGRLTTs36zibBQhwKL5MRMAIDQqBtIZKWPqqIcR1YaCy+buzncqak1YNXiCLHqf+tBU0dFH2NEegQgXkJkXwJCBRe20WBkJpjN1km2svxsftcSrH3UakJor7XCMyIQBdCpMoa/Wz3rdQdnZH9/7sNLYZ4FTSXabrStTG3xzACS4tAH0JklJbCe9tLWi8Uit6whd1waH4LIHoII1AHgb6FyDgeab2wQTiybBKFyrWxvefVUdPgvqsknR2PSRyXONbw3jWStg3azuV1APA1RsAINEPgP+Z+gN7etz0RAAAAAElFTkSuQmCC','2025-04-04 12:38:11.010','2025-04-04 12:39:22.866',6,NULL,3,21,'jobsheet/1-21-6-BoatJobsheet.pdf',1),(7,'2025-04-04 00:00:00.000','11422710','Staff 1','Nikunj 222 - 2','111111','AA','AA','data:image/png;base64,iVBORw0KGgoAAAANSUhEUgAAAPsAAABxCAYAAAATWdUYAAAAAXNSR0IArs4c6QAAE8dJREFUeF7tnQn0b1MVx78UypwxKirNWWYyrqgIzaikIpRQIaGBKI2SIkolSioiQ6aU0GwqGZIhZagQRSFDos7H24fj+o33f+e791pvvff/v3vP8D1n37PPHmdTs+lxklaTNL+k2SU9KOkOSRdIeqDZQ/fROQLNQmC2BgznGZKeKGkNSetLWljSmpLmlvR3SYsMGOPfJC0u6XZJ50ni5zPDez+ydxowLR+CI9AsBKpkdk7p5SS9QNLzjblXsVO7SFSuk/Rr+wicI+mv9jEosg9vyxFoHQJlMfuykl4vaXVJd0ni5+eMQecGSddKujW8e7mkP0nid9CfJf3R/r28pCfZvxeV9EJJi9lHBCmAnyPdaeL/fySdL+k3ki6ya8BfWrdaPmBHYAYIFMnsnNivDMz06iBSrzViTJy010j6t6QL7Q93cJi8CHqCpFUlrSTpmfb3iyTNkWn8pnBt+KWJ/kdJureIzr0NR6CpCMyU2RHLt5L0GknLDJjk7yT9zE7S642xYfI6COkCqQDGf7FdKeI4fhs+CidL+pgr/upYGu+zCgTyMvtCkt4bFGQ7S5ovGSgi+w8DI50g6ceSbqliEjn7QOTfSNJr7W+UhIj9h0j6tGn9czbtrzkCzUMgD7Mjpu8n6XnJdL4v6auSzpJ0X/OmOXZEzGVHSVuYNYAXtpH09bFv+gOOQEsQmJbZ95T0cZvb/8Ld+DT7mTs3P7edlgimu3eHU33XcLpz9787aPJ3CHf/b7Z9Yj5+R2BSZker/gNJCxpkKNkQ4Y/vKITY/g+XtJ7N79Ig4r/PriYdnbJPq+sITMLs3GtPT4DgNN+2B7ZrsEHxiCQTzXlIMFtL+n3XN4bPr3sIjGN2PNLwaoMwTb0zaN0xU3VBZJ90NTHZvSH4C+wmaQV76SOSviLp5kkb8eccgboRGMXsmKPi5r7RbNf83VfCN39DSUfafR4//TMkvd20+H3FxefdEgQGMTueb5jV8FWHDpa0U0vmU9Uw9w0eflsGbf3S1uFBwVOP391W1QC8H0dgWgSyzI776RfN1ZW2EF+Pm7bRnjyPtv5dkj6VeOcdEEyPH5R0f08waMM0n2UH10skPd0GTPwETlbfM90Tjl64aHdaF5Nl9mOd0afev3wgPxzu79sb0+MxuJ2kq6ZuyV8oCoGnhACod5ir9KumaBSGx/T6kyneac2jKbOjZT7CRu4n+vRLSKAPUtHL7FUkoje5++30QOZ8Y93ApPzBFZoTPJ7isTmCoFa2HwiwWmpEP6zdhyyGI+dwmvdayuyY1zCzfTQME22zUz4EMEvifIStntiATYNn3tX5mvK3xiDwOot3QJGMmXQQsZ/xESHqcRDxgeBD/bZETxWfw8+iM6d8ZHa+eMSAQ8SY8xV0yo/AvBYfgNmS+ztKT1yKnWaOAMz5VnNnzrZGEpMrJH3eYhumZVQcpz6bafRoc6Oe+chrbiEyO3dM7MaAE73Gah5a67snWcf7wz3+EzYTlEFo8O9p/cyqnwBuzPh4YPokajEl8hIQdEVUZRESKR9mPijESkQi/BplbKuV1ZHZAWkfF+FL2cXc4b8hCaXRz0PIL1rh/5bSU/caJUkJZt+1E10Is0Qkx8eBCMtzS5r2oFOevkiZ1kqKzE76Jr5mOIjgE+5ULAJckwimIcEHSTOWLLb5TrbGCYu4nmrTv22HUsxaVMXEyXOQ1ei3Uq8VmT26v3ZKIVHFTpiiD+LlifNHFCWR5kslEWDj9AgC7MeNQxaj3U2rHv8Hp6VdagSKDw9m6ZRax/CAS+qm+KVEg4zDgVM5CIA3MfKbWH49Nkyr74EFwkREJZ6be1ub6DbQIWEvJ8qyCYQSO5rvGE+rTNRsPjK94jmEFxFaZKfyEUBbjKmHDe7S1CyzGdmBYkKUi00rjtjeNEodzxgbiVw+0LRBDhoPzP5cSVeG+zpazae1YdAdGSMnPMo6xPsvhTkVoUluGzQo4Mj7h6Yb4npDjMHXGm61yIr1WANidGhj1wBmx+MIcYn7IwkZnapDIJo8WycSFgARH7pTrBgI1X32CoU/Dg2i/L8KaLuKJrIMzwcbPirjWsbV4T1WCCW3tAOzk/4Z0Mmnnt5HqgDM+5jlcBOVP61T+uRcQO7mn7N3qQmAJ1wbHbmebNaVCAO+9QTYFEnRLB7bzL1HYPaYiQaw8Z5zqh4BRHru8FCX7/BECh5oDjLM9UTzhPtn9ZAX1iMma0zXKXEdLqoICS7XaeGT3FIgzI5fMYkqUIqsWBgE3tA0CLBhcGrib8RAtLxdIzwKKcoRPeA+Y8EmXSnQmSruilpD/F4OG7AR8PXHRDkVwewUSIzpleYKC0CpJKfqEYDRSfn11I4mDOGkw4uQjL2bWXBK9SiX1yPJXn6VNF8Ew1MOLRu9F7sg7Tl++xNTdKqJC+FBMBNDV8qDqUjYFXEexo5KK0JLKcqBJNlFyor0XFnQT+QhwqVT/3z0Aak4jws2YekTU2R2PLtQkhDDS+YVp/oQSMVB1uSk+oYyo54fb37tZO+BfmH6iK7HBRRhliPwh1MdSTsSgUAEq6U0LmHswIdR0rGp+PIS29un7LEz2tElvIx1hOg4Nk1uzWsJ45qmSezn3Mm5c8LcnFJ1urtOM/Yino0WrtgWym+cbyY1y2Xfj9GoWb6cSvqLXwa+IIhWeNPREbnhnepDgI/vd8zDDr9w0l5Rh64NhHPJ/onPBmOPVYTaMP6ixojrOWXHU6JEGvfscXH2WS+9eL2OAWuxzakOg1QMwJMJx4Yzg6Jhg6Jm7O3kRgBJK2ZfebmVls7dWEUvUtGXu2QkbMRsyL4SUY4wbtZ0htRDroNBhAjP/RzpKFI2FH3GzD63JQBYwGJ2Y+aavi5U3fOe37S7caMs3OBU1dzPEdXxCIzEHZOTzGkWw3MtS4nYeHRk2VM+q5gjbh9JD0ozSvEzBwJ6nYkoe8HnXrFHCEg4xpIlTtSIP1QaAjA8aZaIf8cdM/qQl9ZhjoYJ5sHNdXN7l+sGGniqCTk9ggCmMpg7PeVvt0xGUYlJwgx4EJ+ESGjkwTdSao4jWpVU2RNRltmXsYya+CfzFakyScBEA+7hQ3jWxdLRU93RKsAKd1FOrXWsrzuC2zUlvX9aQd9t7SJ7cmP2JkkHH02KpWK+i0QS2FdkJopGPpWgKLo6LJnmo14dpLpH9CKGGKUKyhWn+hHAjzzaa6fSwJY4dPIg4MmF9QbCEw5vTNw7nYYjwF2cVGUwPTUHhtFd5kqc1eCnH3/eJbMUVo+xNIjZCXllwVi8eTzv+VgMq3gARQ92ajZKE8R5TnTyvy1nkyfRBCcSVW6dJkMgG+CSfWvUR/0+SXPaCyT2wOtyLA0zypMJFfGB0+TLY1vxB6pAIN0cdYrzpNP6VtgXMDzEVQ+/gNRVtAo82t4HYjuZhzmVI+MyJyJQcZseZZMn3TX3+0gTSXvDmJ1YYxLtcQfDXsiXxKl+BDCLIgKi2EEhVrUSjLs5m5B4Cgg7Mjn1/lA/NK0dAdl5kJCI/CMuZZwNnonm8sMf5W53iQ0CkwEnvVP9CKSn+3kDKpiUOUKUSGTIjYRSCN3OZWV26m0PRSDrYLNakMYvHIXXKGbHkQMbnye1aNaOY01YG6iKhIeImOSHSwM6GAMOPx4hWd/eyPrgj1XUjXOkR+GyajDHvUVS7nQ49eHRyZ4JeSQuPOaeX6nEKDK8udAPcIJH4r5OpdO2pI/q5CaQNJ+lJo+FRJnnSH4ex+xrmRYYps+W3ekqiG2YV5rUoIi46UFzxgLAVYFNBRHQsqtZA7qScKINaz1qjFQJJoYiEk5XWGsG0jhm5yXuZtwHWGhSIDs1A4E0AqpocR4REeeN6J8No+O80cY8cc1YrfJGEXNR0MPI+PlJmB0N7NmW2vfZkqiU6VQ/AmmihNtC/DNBKKcWMKysHzeK2t2seGIBzXsTBSNA1tkvJG3ygR6Y028SZqcdkuCT1ILChNj0XIwreMVyNpd61vGFR/qaNGY62yViO9FWKZWRLTXnVP21IQigw8FfPtJQKW9SZscBAKUQG4KvfHTc9xWoFwHss1yzyNoKjdXIDhgua0tiCRJepsRHI+ZCr3eW3vs4BFIz3FAHm0mZnc5Ij4tIh5iAxxRePk71I4CvNLoUmBZCnE/t4aNGGOuQZ8Mv0cATl+51/+pf30lGkKabHqqwnYbZ6ZQsNsTQ4guNuEAghFP9CGxrJZMYCToV7nGjxHm87zjNB1lYYHQUPW3O5V7/ilQ7gvRkjymsHjOCaZmdBvCZZyNRo4yIJ3eVrHZhh/WWrTBKOa+r7JRHcUfIMnoXkpNgXckS93OvKtuMtZx2FHy4o6VsaLGXPMzOQMiOgXPFg7Z5+NupXgQQ50l3NCpsctgIYXJMbTfVOwXvPScC2RTWA/P+5WV2xoT7JNE394fkCku7SS7nMhX7Gtcs1oQw5XFEglEcMjCr4hLt1G4E0ns7OSlIC/Yomgmz0xAhepjlbrQ6cW6Dr3/DkMqKqCj+cJfPxjoTh06G0yPrH6qPoEAEskktHqOVnymzM1Yy2uArTW3tifNhFThJb2o0Aoh4KG24s7sHXHd3C/Z2FHWxXBTZovdOp1sEs9Medz4aRinEfT6bL7u7EPvMHIHmIEB0Ypqimuvc1XF4RTE77UVvLk4RTDsu0jdnE/hI+oEAUtwhSQZbNPR4VT5ERTI77ZEql3s87nv41JMfy8kRcASqQ4DMs2lNuIfrBRbN7EyJ+ztfFMw4a1v9uOqm6j05Ao7ANcHDlbTw0MORcGUwOx2Q2J5UuWjpEekJoHFyBByBahAYGAlXFrMzpU0lHWFXBarMeJbaahbae3EEspFwDyW1KJPZgRxb73ctiAbvLrT2d/taOAKOQOkIPMZfvmxmZ0ZEyxFBRXpqNPWYB3DscHIEHIHyEMgWoVivCmZnOvSD+97BwQmHip8wPVpCj6wqb7G95X4jQO6JEy1Y7aFIuKqYPcKOFxcpdNYMSrxbzDz3sNG/32vjs3cECkeAyFQcay6OJ27hPUzQ4NZWhnYuS1FNKRt3wpkAOH/EEciLQNUnezpOqoDidUexAeyCpMUlJtvJEXAESkCgTmZnOhSdj9lv+JmgmoMsqKaE6XqTjkB/Eaib2SPys1uKKzzuuF9QV8yDafq7L33mJSDQFGaPU4PJ8bjb2HKkHer1xEpYdW+ylwg0jdlZBGLiyZW2mWXBIQEDKbDSCii9XCyftCMwEwSayOzxLr9FKF5Ieh1yopM+CZc/t8vPZLX93V4j0FRmj4tCbjtCZt9sv9hL0if9lO/1nvXJ50Sg6czOtBgjJYNhdFxv7wxVUDayCjU5p+2vOQL9Q6ANzB5Xhbs8ZjmUd4jzZFElbt4Da/q3b33GORBoE7PH6eF8Q6w8ZajOtXJHXqgix+L7K/1CoI3Mzgotaco7qtNApEXmLu9+9v3avz7bKRBoK7PHKVJvbv+QJGMp87ojlHb3KebvjzoCvUGg7czOQlEUYadQM56SN3Na7rt9PTNOb/awT3RCBLrA7HGqMP0xpqnnd7jbUqLq5Amx8MccgU4j0CVmZ6HwsafszQEhcH95W7kz7D7vSS87vZV9cuMQ6Bqzp/MlDRamumUTpscLzwNsxu0K//9OItBlZmfBuMPjkMN9fnFbweMt8eVlnVxRn5QjMASBrjN7ep/nVN85YfqzJG1viTN8gzgCnUegL8weF3LeIMZvaUE1JOSDSHGNJ97NnV9tn2CvEegbs8fFJvcdmnoqXi5o7rec9Jz+nguv1yzR3cn3ldnTFcXzbkNJK9ovKWpBPP0l3V12n1kfEXBmn7Xq+NnvGU71HYJYP7dtBNJjcfqTc9vJEWg9As7sj15C8mxT33qb5NenWfIMEu7f0/oV9wn0FgFn9sFLj/JuH0n43ke60BR5p1pMfW83jU+8nQg4s49eN5geP3sq0kbCPn+4pJMkXd/OZfdR9xEBZ/bxq44LLoUscM5BkZdidpgVurhyfDP+hCNQLwLO7NPhv74kCt1vEDT2mO8iXWHx9QdO15w/7QhUh4Azez6ssc1ToHKTEE8/T9LEjZJOscCbG/I17W85AuUg4Mw+M1wx03Gfp2bdIpmmiLIjmcbp7p03M5D97WIQcGYvBkdq1q0TFHZUp6WqTRZXNPjY8S8tpjtvxRGYHgFn9ukxG/cG+fFQ6BFpt0Tm4fPtbk+SDc+KOw5J//9CEXBmLxTORzU2h530a1g56lShx90ek94Fdto/UN4wvGVHYBYCzuzV7IRFzSuPiLsYbRd7vk7SjlbFtprReC+9RMCZvdpl53SnUOUeVt0GG35KJ5hrLn97Ictq16bzvTmz17fE3Osx35EGO0u3BgngWHPZ/Ud9Q/Seu4SAM3u9q0mFWoJu9k4y6KQjus9cc3HPvajeoXrvbUfAmb0ZK7hASKCxi4XU8u8sobkn+g7mP0LSOc0Yto+iTQg4szdrtZaRdJQkNPij6HJJx0nCcefsZk3BR9NUBJzZm7cyKO1Wl7SfpLUnGN61ksiYi5jP6X/HBO/4Iz1EwJm9uYuOVx4BN2+UtHkm8GbYqO+1Crd47EGeZae561v5yJzZK4c8V4eLSdrOPPNWmaIFbPho81e2d9DyY/OHyKjL+pN6y6kHCDizt2+RFzL/e0771azk1UxmsYWko2fSgL/bDgSc2duxTsNGSXjtViFrzgpBZF9XEnnxs/746bvpyR7/TUHMO9sNg49+EgSc2SdBqV3PwPQpwcjzDbi/k1H39nZNzUc7EwT+D2sAEN9jNmM8AAAAAElFTkSuQmCC','2025-04-04 12:59:22.056','2025-04-04 13:00:41.782',7,1,NULL,21,'jobsheet/1-21-7-BoatJobsheet.pdf',1),(8,'2025-04-04 00:00:00.000','73123940','Staff 1','anks vadher','111111','asdasd','said','data:image/png;base64,iVBORw0KGgoAAAANSUhEUgAAAdwAAACHCAYAAAC8neh1AAAAAXNSR0IArs4c6QAAAERlWElmTU0AKgAAAAgAAYdpAAQAAAABAAAAGgAAAAAAA6ABAAMAAAABAAEAAKACAAQAAAABAAAB3KADAAQAAAABAAAAhwAAAADK8/peAAAU+0lEQVR4Ae2dC/BtVV3HlbhyvXAVeQloPC9wK5BSELiZI0YqOdmAmuCYjjwC8kWvkaz0+kBFI8VHYpZoDYjlVFOjUprpBUIxDRxCJhRIHhF25TpiyAW075f5/5rfXezz/5/HOmfvfc7nN/M7a+291/6t3++zH+vstdfe+5GPQCAAgb4S2G7J8R2VrpH+mHQH6fbSB6TfXdIHlSIQgAAEIAABCAwg4AZ1g/Rc6eXSLdIfLekPld6apmP+cunFKn+kFIEABCAAAQgsPIHVIrBRulzDGcvuHbJclM/pF7TusVIEAhCAAAQgsFAEDlK0X5HmRrHMX6rlZ0ufKz1auof0cdKdpe5Kdpeyr4qja9nLjpJulG6VlvZi+uNatl4aXdTKIhCAAAQgAIH5IvBUhXObNBq/nP6q5vuKt6bsLmNvlOZ6nP/e0rzzlB4iRSAAAQhAAAK9J+AryadJm7qEX6/5tRvZQcB20oLTpZ+WRoObG+LXaL6vlhEIQAACEIBArwi4IX2p9AZpbtju1LQb4DZlV1X+Qmn2K/IvadMx6oYABCAAAQgMS2A3FfyQNBqw+5by71b6eGnXZL0culka/kbqRhmBAAQgAAEIdI7AnvLoCmk0WJH6itEDmrou6+Rg+Bzp87vuNP5BAAIQgMDiEHDX8Zek0UhFeqrmreohhj8qYvmkph/ZwzhwGQIQgAAE5ojAWYolGthIT56D+H6yIa7D5yAuQoAABCAAgZ4R8KsVPfgpGlmnp/UshpXc9VXtJmmOcaOmHy1FIAABCEAAAlMncIBqyI3Q1zU9z43Qs1K8fk+zY/czw9tL2xa/DORJ0h9v2xHqhwAEIACBugRy4+OG54S65jtrzfep/cxw+QarE1vw2A3sA9L8pyfyN2n+RVLfP99XikAAAhCAQA8JuMs4Tuw+4e/SwxgmdXk/GfisNDhE+hOTGl5hfV9N+8UcUd+o6fu17mNWqIPFEIAABCDQAQLny4c4yf9ZB/xp24WfTzyCi+9p127UHiWbn2+oK+ocJz1U9hAIQAACEOgYgfKEf1LH/GvTHb8G8lPSstHz27VqyDNlpLS93PS3VH6lD0LE+r4XvYg9FDW2CzYgAAEIVCfgKyF/k/b7Ul+9PVGKPJyAuURDFqlHN+/38KJDz3mxSoatpvRKLV/uMSW/aMRfWmpaN8/7TZVBIAABCECgRQL5+Vq/7H+eRyHXwvxKGcqNmfN/KPWAq1HkeBUu7cT072jZOC8TaeoCD5v/I5tHjOIgZSEAgboE3JV4ivTb0jgwnX5Z+ibpGdIXSJ8m3V+6kxSZDwIeYBPb/ALlecvS8NvVV5YfkQa/SA8a0sSxDeuGDR+Tk4rfc321NGzm9DrNn/bgr0n9Z30IzA2B7RSJP/Z9lzQfiOPkvyQbT5Ei/SGwo1z9b2lsb19NIeMReJ5WC46RnrWCKb+L+u6G9S5cYb1xFvuq+z3SH0jDv0hv0Tz7gkAAAlMgcLBs/os0Drja6Vdl++gp+I3JegQ8ujZvd9//QyYj4KvdzNT5a6UebNUkXlaWf3VTwYrz/Cd70P3ii7WsCy/3qBgupiDQHgF3A5cHeNP0P6ncu6T+vNr7pB+QfkPaVHalef6Xv5cU6Q4Bb4+83Z7dHdd678kOBdvg/Mua78YuxN3FsSzSaTe2UbdTN6x/II26c/ozLoBAAALjE3B3bz6oIn+L5p8jPVA6ivjEso/0JVJ3J4e9Qel/qMzvS3eXIu0RcNdh3kbPaM+Vua75I4ouc3b+DqmPGYsfJSqXP7Rgxj9+VOiHDb58eMZ+UB0E5oaABzuVB7ennzyFCPeWzTdLvyNtqjPmeSAWja8gzFDKLs8jZlj3Ilb1cwra752OfT7Sexvm+WqzTXmhKg//crq2TaeoGwJ9I3CmHM4HkPM+uGYhHu3qUc1/Li19yNNv0/JRH6XQKsgIBHwfMTPfMMK6FB2fgPfr/NauvA1yvgv7f1M3t32cxh/z8YmyJgQ6SMAn2I3SfFA77y6kNsSN77Okn5WWPuVp7h/V3zq+X5cZc8+2PuOVLB5ZbIO8PT640sozXu5xF9k/518zYx/aqM5/eg6WrpP6/IlAYCgC/qfqe6b5oLlG034MpAviBuAEafavzB/fBUfnxIfLEutXzElMfQzDx9+mpW1x/1L6Wx0NxLd7ymPSL0Rp6w/7tDC5kX17Q6yO/T+lHndyuBSBQCMBj4QsDxTvUG7kuijL7fCOgyveybbaaVo99gefPJD2Cbi3py9yuhyN/SfS39C8rp5PhuV6nApe1RBbxNiU+iLGvXQIBB4i4AO53FH8WE9f5Cg5Wvrv6VulPFo0+lb8xcTzH0dfnTUg8BCBnfV7gbQ8Nn289k3KUfplTMNOX6/An9C34PG3LoFrZS7vMH9S1/zMrO2hmvwscI7F+YukfmEDsjKBA1Uk+F2pfJ+uqlaOjhJtEPDgqdinIr1J8/yIYB+kqZs84oj0ZgXyTqnfQ5BvxcTyptTnK2TBCPjB+rwz+NnYvovveXlASY7LeceKDCawRoviHuE87AeDI2XJrAn4ltWF0vKYPHXWjoxYn+89lz57+j7pH0sH9aD5j+oG6b9Lm9aPeZdoObIgBNzlExs+0nkK3Q3vW1KMW5S/Tnq0FNmWgEdXmo33gxulnkYgUJuAG6E41+S0i1d77hW7osHfZ2jeqPJ8rZDjLfN0M49KtGfl/Q+s3Jke27MYhnXXA6z8yMKd0tjRb1B+2C+zqOhci68+PifdKt0s9R8VBALTIuD9zT0ocSxGesq0KhzTbviV00kbRq+f7eX8i8b0k9V6QODkYsMf0wOfJ3XRDcnZRdz+BNlukxru+fpubOPA37/nseB+fwisT/td7H+Xa96eHQjhssI3fwu45rGxX2E/4u/r+BmFgwwicKAWxAZ2+tZBBed0/t6K61+lmYHf6rOIsklBB4fTFhEAMbdKwD1tr5PGPhjpGzTP7wVoQw5XpeFHpNN6zPC4hrrc+/a4NgKnzvoEvBPHTuTUJ9xV9avphcUj5GVm4fyhvfB8cid9ovMo5Ij/k5ObxAIExibg8SQXSWN/jPRJY1scb8VdG3y4dDxTQ6/l8RJvb6j35ZrHWIqhMXazoIfjx87s9OBuujkzr3w/yVf4mcklM6u9vYrcdZVjXtQ/Xe1tAWpuIvD0Yr/0PvqXUv9BnLb4M6TluBbXPyvxGBqPfM7HpbuyJ71vPCv/qacg8EuazhvzE8XyRZ5cV7Axp3nt1jm1iHVe41zk/bnPsfvPnxuafK5y/qlTDqqsz9NtvJLyMNV7rzT7s1HTs/jToWqQGgS8sfIGdN7dy8i2BC7WZOb0C9su7v1U+RKCeYuv9xuIAP6fwLuUy8ei874C9ecLa0tZj5+zPaB2JSPYc1fyudLSr0HP/Y5gmqKzIPDGYuO9ahaV9rSO8lWR7+hpHKXbfq4wH8B+KxcCgS4T8NVe3mdz3t8CnvSiYXvZKK8mXcdzpV2QI+VEjtn5U7rgGD4MJuB/S+VGG1yaJSbgxul2aXDzG2P63vUasURKF5U2KtJ5At5PXyvdLI19t0zfomUeeDWKPFGFSzue/swoRmZQdpXq+Jo0++oud48/QTpI4Dz5lDeWByYgwxEon9s9erjVOlfqg/Io7wP7dc5DHILA8gTc8JwpzftxU/4DKuMr1LXSQfJrWtC07ncGrdCB+U2x79MBv3AhEfALwssdKy0mOwQB38u5XxocXznEOl0qUnbLuSsOgUBfCfjK7mXSOB6HSf1oz7ulTd3Hsf6FWt71Xh/fww1/Iz1W85COEDhffsSGccoQ8/E2jO8VXbDE0l1bX5C2MYJR1Y4kvkeVt7/zCATmhcA6BfL30nIfH2X6m1r/mB4B8TF9TxHz6T3yf25dPanYKH8xt5HOLjC/hSY/y/zrs6t6rJqu11r55DPpIJOxnGAlCMyIwFNUzznSvM8vl/ejkX35TGCJsHxZxtvKAkzPjsCeqqrc0Q6eXfVzXZMP0PyA+rc13cUBVR7NmPcB7t3P9W5JcAWBx2v6r6VxDHxFefdOfVH6e9K10r7LcQog4nP6vr4H1Ff/80aIfF9j6arfJ8ixYOv0jA45Wo7A5EDs0MbBFQhUJODbhPk89A+a7vq96Irht2/qTcUG8Mb4ePtuzaUH+xast2h6dcuRuv58ANonBAIQmF8C5TP2l81vqN2LLJ9sI79z99ycG4/8uIKf0w3WTvdvMboPFb5w37bFjUHVEJghgY+qrjgPfWyG9S5sVTGSNqBHurBAZhj4maoreDttY+TgCwofDpth/FQFAQi0T8AvCYnz0N+07858exCgc3r2fIfcqejWy5vM/r0z9G5DUTfbfYbwqQoCHSLwHPni85CfO75c6rcNIpUJvFr28sk+8pWrwdwKBDyK+RZp8P+08tPu1t071ed6/Z5kvyAAgQAEFpOAB1PdKvX54DbpHlKkIoE4wef0rRXtY2o0AueruLfFg1I/jjCt+7q+h5y3ufOHSBEIQGCxCaxR+NdI4/xwVJdx2LlOO5jgNX1VwpAZHp4gtZB9turcKo0d/qwp+HBDsu96rppCHZiEAAT6ScBvpvpnaZyDuvIlpG1oPjM56HzX5c1yMIBG6o8WIO0T8AvGY5s49avoasnxMpRtO//YWsaxAwEIzA2BKxVJnCte17WoTkzOOd91CZCR3iyHubrtzlZ7tFyJbRPppNvH/1zDVqSbuhMynkAAAh0i4PPNddI4V/hteZ0Rj+p62ZJ2fYRX04nXJ3ikWwSaGl0/sD6uxIGTU+8LCAQgAIFBBD6vBXHOuGRQIeYPJvDbCaBBPnlwUZZ0gEDs7JHuOoZPr9c6sX6k541hh1UgAIHFI+CesDhvfHjxwp8s4gDn9NLJTLH2DAhspzrukebt9lMj1HtcsW7YGcEERSEAgQUncIXij3OH/8AjQxDwgK6A5nTS+4JDVEmRSgT8rGzedsOMFfDnx/I6kffHChAIQAACoxC4UYXjHHLGKCsuatk8uOvFiwqhp3H7Svd3pbHDOz1lmVj8iFouG3m/zhGBAAQgMCoBn4PulMa55OhRDSxa+T4N7lq0bTNsvOeoYOzwTp/XsKLvy3+3KOeyr2ooyywIQAACwxJwr+j/SuMcxEtzhiVHud4S+Fja4b3je/j+O6W+t3KvNA6GnNIFJDAIBCAwMQE/QZEbXb4uNzFSDHSdQG5Ml8v/QIG8qOvB4B8EINArAn6k8Fapzz23ST2NQGBuCfhf5n3S5RpbLztobgkQGAQg0CYBf2TlG1Jf7V4l9T1eBAJzTeBnFd2fSsuG97S5jprgIACBLhDwH///kvr84ycpEAhAAAIQgAAEpkRgD9mNP/xfVJ7HTacEGrMQgAAEIACBnxaCaHR9b5d7uuwTEIAABCAAgSkROF52o9G9dkp1YBYCEIAABCAAARF4hTQa3ZqfFgUuBCAAAQhAAAIFgU9oOhrdc4tlTEIAAhCAAAQgUJFAfjHGcyraxRQEIAABCEAAAomARyrHVa7TfdMyshCAAAQgAAEIVCSwm2zlRpcXY1SEiykIQAACEIBAJuAPqUSj+5m8YNy8v8CDQAACEIAABCCwLYF4C9Wxmn2AdLP06m2LMAUBCEAAAhCAQC0CeeTy+lpGsQMBCEAAAhCAwMMJXK9ZD0r9Jiq/g3k52UcLVy9XgGUQgAAEIAABCDQT2FWz437u3zUXeeiLQ99M5d4zoByzIQABCEAAAhBYhoCfyY1G97UN5d6Qlke5wxrKMQsCEIAABCAAgRUIbNLyaEz9edEsMb9McxnyEIAABCAAAQgMQWCNyuQGNT/pk+fnPM/wDgGWIhCAAAQgAIGSwEmaEQ3q36aFMa9MX5rKkIUABCAAAQhAYAQCuVGNR4XyvJzfOoJdikIAAhCAAAQgkAh4MFRuVHcopvMy5xEIQAACEIAABMYk8FGtFw3rOcrfl6ZjfqT+IAICAQhAAAIQgMAYBFZpnS3SaFSXS/e2fUZPmQICAQhAAAIQGI3A/Sp+4pCrrHM5GtwhaVEMAhCAAAQgUBD4nKa/XMxrmjymaSbzIAABCEAAAhAYnoC7i5frTvayT9kcV7imgEAAAhCAAATGI3CHVrt8hVXXrrCcxRCAAAQgAAEIDEEgf9wgrna/p/Ui/9UhbFAEAhCAAAQgAIEhCJysMvFo0NOVj8Y20iFMUAQCEIAABCAAgVEJfEsrRGPrdA33cEdFSHkIQAACEIDAygSuLoocSoNbEGESAhCAAAQgUIFAOZBqQ/60UAX7mIAABCAAAQhAQAQeJX15IrFjypOFAAQgAAEIQKASgT1lJ9/DdR6BAAQgAAEIQKAygdWyt02DyxcMKhPGHAQgAAEIQGCJwDZXtQyaYr+AAAQgAAEIzIAADe4MIFMFBCAAAQgsPIFbaHAXfh8AAAQgAAEIzIDAdTS4M6BMFRCAAAQgsJAE/i1FfRMNbqJBFgIQgAAEIFCRwF8lW1+nwU00yEIAAhCAAAQqEtiSbO1Cg5tokIUABCAAAQhUJPBAsvUEGtxEgywEIAABCECgIoH8+uSDaHArksUUBCAAAQhAIBHw26ZCDqHBDRSkEIAABCAAgboEdkrm9qHBTTTIQgACEIAABCoS2CXbosHNNMhDAAIQgAAE6hFYlUxtocFNNMhCAAIQgAAEKhK4P9m6hgY30SALAQhAAAIQqEjg+8nWjTS4iQZZCEAAAhCAQEUC9yRbd9DgJhpkIQABCEAAAhUJ3JFs3UyDm2iQhQAEIAABCFQk8Jhkayca3ESDLAQgAAEIQKAigbXJ1loa3ESDLAQgAAEIQKAigd2Trd1pcBMNshCAAAQgAIGKBPZKtvaiwU00yEIAAhCAAAQqEqDBrQgTUxCAAAQgAIFBBPLHC1ZzhTsIE/MhAAEIQAACkxG4O61+Nw1uokEWAhCAAAQgUJHAXcnWXTS4iQZZCEAAAhCAQEUCm5OtzTS4iQZZCEAAAhCAQEUCtydbt9PgJhpkIQABCEAAAhUJ7Jls8VhQgkEWAhCAAAQgUJNAfiwoN74168AWBCAAAQhAYOEJfE0EfrSkziMQgAAEIAABCEyBwFbZjAZ3K/dwp0AYkxCAAAQgAAEReDBReJAGN9EgCwEIQAACEKhI4IZkK+fTbLIQgAAEIAABCExK4FdkILqUnUcgAAEIQAACEJgSgSNl1/qI/wMPpJok14OqqQAAAABJRU5ErkJggg==','2025-04-04 14:22:11.312','2025-04-04 14:24:32.114',8,1,NULL,24,'jobsheet/1-24-8-BoatJobsheet.pdf',1),(9,'2025-04-08 00:00:00.000','18847618','Staff 1','Test Pip','111111','hull clean 2','sdfsdfs','data:image/png;base64,iVBORw0KGgoAAAANSUhEUgAAAWoAAAB6CAYAAACWeRnMAAAAAXNSR0IArs4c6QAAGAJJREFUeF7tnQnURtW4x/9kKA2mDEUiUjKUMVeIDJUyJSVE3awS1WXJzS2W4SJDktJAKopkSmWmMoUGpFtRV11JMl6uMTP7x7Pv2h3v973Dd97znuH/rPWtb3jP2cN/v9//7PfZz/N/biCbETACRsAILAqBG0jaWNKmkn4n6e6SHiXp3pJuIenHkrbiIpsRMAJGwAg0g8AaktaX9EhJ60q6v6THRtc/kvQTSedL+pmknSRx/RYm6mYWx70YASMwTAR2lrR57JQfKOmmkm4eUFwi6fK0Y/5CuuYTkr4raRVJR0t6tiRef5KkK03Uw3zzeNZGwAjMB4HnhSvjfuG+WKvo5i+SLkjk+w1J75J0niT+lm2bdO8p8bc3p930IZKu40UT9XwWy60aASPQfwRuJWn72DHfV9K/jJjyd2Kn/PYg4b+OuAZXyEeC2M+R9DRJ3y+vM1H3/83kGRoBI1AfAreR9HRJD02uiR2XaBZXxmfj6/Njuj4iuT92kXRrSf8h6XWjrjdR17eAbskIGIF+IkAkxlMlvbjwL5cz5eDvHZK+JOmMCSHYW9JRce3/BPnjChlpJuoJUfVlRsAIDAqBB8dOdztJdx0x87PS30+ShKviyimQebSkY6LN30jaR9I7x91voh6HkF83AkZgKAhAzs+KSIt1KpP+pSTI+WOSjpsBEELtDpOU2329pCMlfW+StkzUk6Dka4yAEegrAiSW7CFph0TA61Um+V+STpP0ufA3z4IBySu4TLaOmyH6N0RI3sTtmagnhsoXGgEj0CMEcGm8MLIAy2lBzrg0PpRimYnYmNUgaHbMG0UDX5P0Rknvm6VBE/UsqPkeI2AEuoYA4XO4NdjZ3kFSjm/+raSPR3zzqZKuWOHECNH7dGQU0hTtvSBcJjM3baKeGTrfaASMQMsRgJAPlvT40M3Iw/2/iM6AmE+vaQ6PCR/0JtHe1en7K1K6+Al1tG+irgNFt2EEjEBbECBC48DQ0rhLMagLY6dLqva42OZp5kIs9QeKG66VtH8ksPx6moaWu9ZEXReSbscIGIFFIIBo0ZaS9kxE/BBJaxeDyIeBbwmRo7rGt3qKpybFe6sidI8QPSI5jq2rk7IdE/U8UHWbRsAIzBMBRI3IDtwrIjVI5cbOTSndXw2fM/HNv6p5EHdL2hsHSHpO0e7XkxTHK1Om4pmS8HfPxUzUc4HVjRoBI1AjArgw8AGzg2XHDCHid8aFQWQG6doXS8K9MQ+7Y0RwPKFo/KLwSY9NVqljQCbqOlB0G0bACNSJACL6uDGQBb2XpA1CC+NT6fcPSvpWEi66TNL/1tnpiLbYOT83NKPzy4yBA8o6/dxjp2GiHguRLzACRmCOCBAlgSARQvoIHZEduGbsmr8SUqBoYLBjXklc8zRTeH4IJBE1ko3EF6I42Ek3bibqxiF3h0ZgsAjcMxJAEMOnzBS6F6sFGlQ3wYXBTvXLKVOQg8AmjUPJfZNf+0Xx4KBvSmMhT0om4fVkR5scGH2ZqJtG3P0ZgWEgsJmkh0eZKULmqAtYGodwxBpz6PfJpE536YJgwf9MhiJqdvmhgVjSWyOygwfIws1EvfAl8ACMQOcReIQkXBiQM4d8t6/MCH1miBjf8mfCv9yGSZdSo4wHnzdVVUj9LiNG7hFCTIyfLMO6o0nGYmGiHguRLzACRqCCAGFqRGAQifG45Bq4WbxOLDF1/0ihxq/Mgd8PW4YeESSIJEHS2Qjpo07h8ZWx7hdp5xSgzUZY4HubnpOJumnE3Z8R6BYCxCxDbrgxHhZft4spQMhIf/IdNwYC+m21O0c43ROLAZI+jv8Zn3i2Z8au+paSblKZDKnnfGrgYdSomagbhdudGYFOIEDUBfrJ7CQhaA4BIeLzY6f8xfjehcnwkDk0NKbzeHmw4IOmTiH+cwrS/mtFDyRfS/FZok9eG770shhtY/M3UTcGtTsyAq1HgKiLb0ZSCXHMebdM7PC8Y5brBucpSbmO3TERJtkQSEJq9MZJjAk1vdeEP32VSudEexB9cmKQ88I/KZio6357uD0j0A0EOADEXh7fiX64JsLT4AX0k7tmjJuQP3bIJUFTQPaSSJ7ZPSWs3DTIujo/PjGgC4LsKW6O1piJujVL4YEYgUYQIGkDESMKsR4U1UuofM2uuctG8dlXFWGAFIzlcJODz1JFrzpHdstvi0KzPKhaaSbqVi6LB2UEakUAcuZ/nYgFiCuLCEFkP6i1p2YbI+6ZNG9KaZF2jjEfXBm3LYbyJ0k3qgyNGogUlj1Z0p+bHfb0vZmop8fMdxiBriDALhNf7c5xIEZ88Hu6Mvglxol/mfmgwbFFcc11QdA5UgPXxVURpVE2hV70O8JXXZte9LwxNVHPG2G3bwSaR4CojVMixpnCrOyg+T6pEcrGLpRyVexEOUhcN4SS2InyGtKi+LEhPshx1eR6uGF8saP9RQ2JLfeJvlHMo4zWtqnmIMknSxlp3oj4ownCHMg4zMYBIeF4YEHiSqfMRN2p5fJgjcBECJCMQsQGBimRBg1JQbx/Tf5o6voRZgbh8gX5QYYQLF/ocCxluAmqURKTDIodLg8L+qFv2qFvfv5jjAtRJgj19+G6IJGGnXJO7S77+V4ib/zQHBJStYWMxz8EQRMbzaeJbDxQHjDJINt6jYm6rSvjcRmB2RFgR00VbSphs8udxSBAoiPYMWeDRNldl6pyZdv8fb24b5Y+y3sgb9wcGGP4dtrFHx5JNQg2LRUyR+UV0ryzIapEgYFOm4m608vnwRuBZRFYJ/y4aDpXDSIkI48dNoY/l6+6jbA/DjCXMiROGR8yp5uHC4Vr8SMjKYpOyKRKerhGCK3LhhuExJ3Om4m680voCRiBziHAjn+H8CHnaI2fRCktiPaYGWdEwk6OD0drBG3rXpiJuhfL6EkYgdYjgKIegvzbRVYgA4acqTWI7/r9NSSZ4K4h3R1jJ11WB289QMsN0ETd6eXz4I1AaxHAv8xumTqDOxbRGoTEnREuCg4B60zPxvWB+wSta/rojZmoe7OUjU6E03YqYnAijzYvugj8cyD/OLdKzI3O0J3NgkAWcyJ9e/uiAYT4Odxk10wGJNEetikQMFFPAZYv/TsCiNrsvwQWxNgiZINmwknGq/cI8LB+UESXoE1NMdpsRGl8OIXFfTSU9gids82IgIl6RuAGfBvSlwitj7OfRqUMdlEostm6jQDxzyS5IHpETDIVXfAHQ9YYcc1ZbY8DQRJebDUhYKKuCciBNYO+b5n1xfQvj8Klo6A4LmW4vXpO4V8Dg76x6RJWxxdyoITObZD8vvcLzRCSVM5NB4MXxEMbgaemKoQ3BkCbOjJRt2k1ujUWhH6yRGYeOUVKfy5p/Ug3rs6IU/ijpkxn7hYq3R0tZIwGNZ+Y+J6ruJDkQqjb2UnEiE9JfDqCmInDtjWEgIm6IaB72g2JDMcWsavlNKmeQdrwriPmDlnj655HgkVPoa5tWmh2UNVk66h7iPuC1PJsHAazW6aqCQR9sdepNuxnbshEPTN0vrFAYNTuugSI+FZ22UQFlIb75DAjOTcEcFtw2IceM9XB8StXjQNgdsvEMpMFeOHcRuOGZ0bARD0zdL5xBAIQL9U1lksZXgq4H0ddPgSEeF/yO2FdpA+j4MbhFB+7EQQivOtSf/zWhumTyerhQ6YYK1EXYEVKNgkmo4zCrKdFmByuDPzMtpYjYKJu+QJ1dHijDhvnORVInfhc/KpZiQ1CguSJSkDPIktwQmSIDSHNyc98IdHJR34eAKi6EUpGO8SI8z/CF/fzGjtQ1OW4FpU37uULNwH30B7JHnyHBPHZT2P0BdGSCIIOBinRPLA42Nso1Oc41GM8kPNSRngcriXGxc9XVKptTzMmX7tgBEzUC16AnndPVhoFRkvJyZ5P+XrTg/yR6szGAwC50dsE0fP/hx4FpJ/lPQmD4x4+Qdx8DFj4krmPBwIPFUgZgp8kfHJI69D5uZqoO7+EnZkAO0PE3PlCtpJDLcooZclMdsTU7sP4SJ//zi65FIvPamvVibNjJGwMtwvfSVVeTld5UuDYmedDT/5fstoc90OofOXdORKf1ZJPk/aTr6OUFAd4V8eOHfcEBvkyJ3b0ZIHaBoSAiXpAi93SqZbER7Xo/Vo6zmmHhY944wlvAoNzulC7b8L5+LKaEYCoOYzIZXqyP6zmbtycEVgSAXbA+FCzES7mTEa/YYxAgQBETan0PeNvvaiG4BXuHAK7pfC9E2LUuBkIKUMC02YEjECcZhM3uVmg8Y1CK9YAGYEmEUCWklhfDM3islJHk+NwX0agdQiwoyZDidRfjFLynNLbjEDTCOB2o0IHhiuOlGabETACsaPGR00oEIkEhPtQodhmBBaBwGURK2yiXgT67rO1CORgfgTgSQIgxInQKJsRWAQChOcdIAkXHDtqtEJsRmDwCOTwPP4hCK6/csb038EDaQBqQYDEGPSrsdv6QLEWTN1IDxCoEjXi33fqwbw8hW4igE7IkTF0hISsrtfNdfSoa0YAosY3jesDfQI0E7IObc1duTkjMBaBcke9e8pifOfYO3yBERgAAhA1KbCIvmCkrSJHaTMCi0CA9PJcKWSXlNl3yiIG4T6NQNsQgKjRJ4CgMXQExgnBtG0OHk9/EEANjpJeiBbtlGryURHGZgQGjwBEjU8a4RkMmUZ22C7nPvi3xsIAwP0GURP1kaUNFjYYd2wE2oAARI2rozy0QQsXUXabEVgEArg+cIHslRT2kDSwGYHBI5AF0TlMRKoROzDFVB88eGQMwKIQIDuRLEUT9aJWwP22DoEcnvffRaILpZDYVWcd3NYN2gPqNQLeUfd6eT25WRDIRH1ipVr00VH7bpY2fY8RWAkCWZ/aPuqVoOh7e4VAJmpCoU6uzGyPdNB4fK9m68l0AYFM1E546cJqeYyNIJCJmu8UAsXlkY1abKs1Mgp3YgT+gcC2IW+KFjUp5DYjYARCPS8D8apUCuhlFVTYUbOzthmBJhB4RapJ+PKInyaO2mYEjECFqCkeQBGB0iimuY2kLxktI9AAAggykUb+wlSY9rAG+nMXRqATCFSL275lRHHRbyVFs006MRsPsssIlOnjPkjs8kp67LUjUCXqdaIUPRWUS+PjKK4RmxGYFwLETlNpiBTyTefVids1Al1EoErUzOEpkgjXI5U8GxogD5d0URcn6TF3AoGXRKKVQ0M7sVweZJMIjCJq+j8vKkGXYyFjbKsmB+e+BoXAWfH+2lfSWwc1c0/WCIxBYCmirup/5GasaOa31DwQ4H1I3c41Jd0nfaq7eB6duE0j0FUEliJq5gMpHyXp1pXJ8c9ENIjNCNSFwMaSOLSmwtAGVm+sC1a30xcEliNq5vgZSY+uTJYQqp37AoDn0QoEdo1zka9KemArRuRBGIEWITCOqB8QZH2Lypg5cDy1RfPwULqNAJ/c9pZ0SKo29OJuT8WjNwL1IzCOqOnxcEkc8JRGiu+G4Vesf1RucWgIkGhFwhU763cPbfKerxEYh8AkRE1pri/EIU/Z3ock7TiuA79uBMYggKbHNVFcGf90rplo4IyAEQgEJiFqLsUFcsEI1J6XqpYT92ozArMisFuqMnSCpG8nBce7z9qI7zMCfUZgUqIGA/QXDh0BxoMj7rrPOHlu80Pg7KiP+AZJB8yvG7dsBLqLwDREzSy/ktJ8IebSqA7zsFRogKKkNiMwDQJoyFCf8+eStnT89DTQ+dohITAtUfPR9BMR61riZH/1kN419c2VDMTnS/L7pz5M3VIPEZiWqIFge0kfGYHFK9Pf0BO2GYFJEOAQkSSXteIT2bmT3ORrjMAQEZiFqMFpn5SxeMQIwBxfPcR30WxzRpGRBzvutIfM1oTvMgLDQGBWol6KrEktf2z88w0DQc9yFgTQnkb4i131YySdOUsjvscIDAWBlRA1GHFK/7oKWMTEorJHuJXNCIxC4NWSDpJ0uqQnGSIjYASWR2ClRE3rL5X0n5VuUD9DI8SRIH4HVhFA5Iv3BdXGiSBC38NmBIzAMgjUQdQ0v58kyniVdlX4Hn/gFTACBQJEeOzg3bTfE0ZgcgTqImp6fFa4QSjnle2LESVChRibEXhoUsf7mKS/RNFk/NQ2I2AExiBQJ1HTFRKV+B85UMxGHbxtvRJGIDRjSI6iwjiZrjYjYAQmQKBuoqbLtSOBgRqL2YiRZcftA8YJFqWnl6BhfkrMbV1Jdon1dKE9rfoRmAdR51ESEcJB4xrxB0iaStPX1j8Nt9hyBG4sCffXqkkp7zmSjmv5eD08I9AqBOZJ1EwUF8hJES/L719PWY33bxUCHkwTCODq+LeQM72bpN830an7MAJ9QWDeRA1Oq0t6VxLcIWsR+5Gk2/cFQM9jLALbJJncj6YQzlXiwU15N5sRMAJTINAEUefhvChKLfE7GYx3CtW0KYbrSzuGACXciKm/o6QPJqW8p3Zs/B6uEWgFAk0SNRPG7XFa/ONeFOnDlPWy9Q8BKgO9NyJ+qC5O8QknQPVvnT2jBhBomqjzlN6WKsZslwqZ/kbSo8J32cB03UWDCJAARSIUZj2PBoF3V/1DYFFEDZK7R1TIXeIjMRlrtn4ggP5Lrtbicm39WFPPYoEILJKomTYJMlSdpiDBGyX9+wKxcNf1ILBLWs+ToymiPTibIBPRZgSMwIwILJqoGfaG6WDx+CR1SXoxfmsy134143x822IReEJaz/dE7PyxKWZ+z8UOx70bgX4g0AaiBsk1I634mSkF/UaxC8PHicKarRsIkMgCOWN8OsL14fXrxtp5lC1HoC1EnWEi1powLuz82GX/seUYengSsdLU0oSYkbyleovNCBiBmhBoG1EzLWJuqcm4WUSDoBHy2Zrm62bqR+CRks6OZgnHe3r9XbhFIzBsBNpI1KzITcL9gRLfDSVdHWprxGD7YKo979ndJJ0Qw+H7HnZ3tGdxPJL+INBWos4I30rS65Pq3jPS99Xij2+P+FzrRSz2fYg64udjCD44XOxauPeeI9B2os7wb5zSzvePyiC3jD9SvZowsA9L+n7P16lt0yME78Q4+D0m6bfs3bYBejxGoE8IdIWoyx02ehF7pVJO940/4gohvO/9kiz4M/93J2cGR0YIHpE5L5h/l+7BCAwbga4Rdblad5X0tHCL3CNeuDwptH05xJ++OeylncvswZsDQ4x4aeKkfzuXntyoETAC/49Al4m6XEb0Qki2ILzvDvHCmSk++02hgW0xoJW96TnQfUmE3XHQSzYpEgB/WlmzvtsIGIFJEOgLUee5on2N2NMWceAIQf9Z0jmSDk2vXRC/T4KNr/kHAqjgHRKVWfjd0R1+ZxiBhhHoG1FX4SNbjl02CRkY2shEjVB15hcNY93F7tYPFwcPPuzg9KB7mR92XVxKj7nLCPSdqFkb6vVtKWnf2G1TaQQ7T9IRks6wtsjItzDFaHEd4UriU8lzo9ah08K7/B/vsXcSgSEQdXVhnizpwBCyz699Klwjn+7kKtY76G0lHZ780NQ2xKhzCUnjNrIZASOwAASGSNQZ5nUl7Ro77XwAyWvvS/rYl8ZOGzW/odj2cUiITxr7g6SDYlftXfRQ3gWeZysRGDJRlwtCibAnRgEDkmuyXSvpksjAI1b7h61cxZUNaidJ+4S8bG6JhxXqd99dWdO+2wgYgToQMFH/M4qbSCLzDn3sTSXlTEiu/KWk70j6pKTPSboqyOy6OhajwTYIt2MHTfWVrYsd9KlJZ+W1ceja4HDclREwAsshYKJe/v0BoT0idpt3DlJbp3ILLgL8uJdJ+lpkR/5MUhuL9jIfImFwaVAFHqPw7OmhIY34lc0IGIGWIWCinm1B2GkTSUIpMaprl+6SayK9mkgJRIsgcQicTMlFESGuHTSiH19Ml/BEUsEpl9XGh8psK+O7jEAPETBR17eoN5P0oFT44F4pzXojSfcOMi97+GnItCIoRer1heE6gcDZ2U4iLkU/64UULDv324WbhgcDmYKEIxL3vJYkdv9cu3YxCMISSQM/Og4M60PALRkBIzAXBEzUc4H1eo1SAAGyxOfNLnzzZbqkmg0RFghN8Z3fcVfgXoGI+R3p11WjjV/H7n3cLK5I7puz0sODSu8WrhqHll83Ai1DwES9mAXhgBL3CTtvdr35d0azRqpwg6uiNEib0mS/K/6IHjduFg4yqTNZjUhBnIpdO/dB9DYjYAQ6isDfALEejPJT4SzyAAAAAElFTkSuQmCC','2025-04-08 06:04:37.453','2025-04-09 02:49:10.916',10,1,NULL,33,'jobsheet/1-33-9-BoatJobsheet.pdf',1),(10,'2025-04-08 00:00:00.000','64608084','Staff 1','Test Pip','111111','hull clean','sdf','data:image/png;base64,iVBORw0KGgoAAAANSUhEUgAAAbcAAAB0CAYAAAAGnHxFAAAAAXNSR0IArs4c6QAAFOlJREFUeF7tnXvYfWk5x79JJcXMdFCSdFA6jCZJGJFKUuRyKDq4CDlNV2VEJ38oROdilKtQDpmcY6JyLCXjkCLTQSajkiFpOsixwfpwr6y2/f7evfe719rr8Hmua1/v+/5+e6/1PJ9n7fVd9/3cz31fIf/bnlY/z62f/pCABCQgAQlMlsAVktw3yfk1gvslef5kR2PHJSABCUhAAkkQt9OTXFY0zkjybslIQAISkIAEpkwAcbNJQAISkIAEZkVAcZvVdDoYCUhAAhKAgOLmdSABCUhAArMjoLjNbkodkAQkIAEJKG5eAxKQgAQkMDsCitvsptQBSUACEpCA4uY1IAEJSEACsyOguM1uSh2QBCQgAQkobl4DEpCABCQwOwKK2+ym1AFJQAISkIDi5jUgAQlIQAKzI6C4zW5KHZAEJCABCShuXgMSkIAEJDA7Aorb7KbUAUlAAhKQgOLmNSABCUhAArMjoLjNbkodkAQkIAEJKG5eAxKQgAQkMDsCitvsptQBSUACEpCA4uY1IAEJSEACsyOguM1uSh2QBCQgAQkobl4DEpCABCQwOwKK2+ym1AFJQAISkIDi5jUgAQlIQAKzI6C4zW5KHZAEJCABCShuXgMSkIAEJDA7Aorb7KbUAUlAAhKQgOLmNSABCUhAArMjoLjNbkodkAQkIAEJKG5eAxKQgAQkMDsCitvsptQBSUACEpCA4uY1IAEJSEACsyOguM1uSh2QBCQgAQlsKm4PK1RPEZkEJCABCUhg7AQ2EbdzkjyjBvKgJM8c+6DsnwQkIAEJLJvAJuJ2wySXKG7LvlAcvQQkIIEpEdhE3K6d5B01qMc2Px8zpQHaVwlIQAISWB6BTcTtlkleV2heluROy8PkiCUgAQlIYEoENhE3xoNbEvfkhUnOntIA7asEJCABCSyPwLbiBiHclO9cHipHLAEJSEACUyGwqbg9K8k31qBwS+KetElAAhKQgARGSWBTcXtpI2ifWyMwqGSUU2mnJCABCUigJbCLuBlU4vUjAQlIQAKjJrCpuF2Q5J41EiInzxz1qOycBCQgAQksmsCm4vb4JI/okDoryWsXTc7BS0ACEpDAaAlsKm4PSPLczijOS/KQ0Y7KjklAAhKQwKIJbCpuREoSMdm29yQ5fdHkHLwEJCABCYyWwKbi1s1S0g7mVkleP9qR2TEJSEACElgsgU3FDSuNQJLrdUi5JWCxl40Dl4AEJDBuApuKG6Po7nXjb8Vt3HNr7yQgAQkslsBJxA1o23x+sZAduAQkIAEJDEtgG3Gi1M13rXTPVFzDzpdnk4AEJCCBDQhsI26k38I12W26JjeA7FskIAEJSGBYAtuIGz37r5XuLTkV1/2TvCXJ7w07ZZ5NAhKQgASOI7CtuP1cEzV5785B/yTJ7Y47yQz//11JzqhxIfCPrlp3MxyqQ5KABCQwPQLbihvChsB1G+KGyC2lPTzJE9YM1vXHpVwBjlMCEhg9gW3FjQGtuiaXtu520yRvOmJmvyLJz49+1u2gBCQggZkT2EXcvi/Jozpcnp3km2bOaXV4L0py9yPGbOaWhV0MDlcCEhgfgV3E7VOTvKozlKWuu70vydWPmNJduI7v6rBHEpCABCZKYNebMEmUSabctrMXGFDx5iQ3PmLeSVV218aivXSi14XdloAEJDBpAruK2xcleWFn5ARYPHLSJLbvfDdi8v1JrrZyCNbeWIOzSUACEpDAwAR2FTe6+dQk51Z/l7budpMkF3fmCkv21kk+U4Eb+Ar2dBKQgATWEDiJuN0myWvqmFgx11wI4Y9N8h0dYf+HJIgda3AXNdGSBJR0G9Gk7IXjZZOABCQggQEInETc6N4rktyh+vmgJM8coM+HPsXqRvbuVgj2Abavbj9/K8njFLhDT53nl4AElkLgpOJ2wySXFCyCKM6cMTgCRMhEQo7Ntp2X5CErY0bcSDC9asH9RZLvTnL+jBk5NAlIQAKjIHBScWMQXVfcnPd4sf2BbRBtO9WGbd735BUhbD/HWiVWHK5cmwQkIAEJ9EBgH+L2wCQ/Un2bY7YShOpHk7DG2LZNU209LclXJ7nGytz9bZJHJHleD3PqISUgAQksnsA+xA2I/9zkW7xq0ZyT9YaLEUvr+p0r5TpJ3rHFlfOAWots+XQ/+jNJHp/kz7Y4nm+VgAQkIIFjCOxL3LBQvnVm1hvbHBC2thEsQ9DMLu2WtQ531L431vKemOTyXQ7uZyQgAQlI4EMJ7EvcOGo3ofKNkvz1hGGvCts+3K2w/oIkP90pl9NF9PZ6QPiFCXOz6xKQgARGQWCf4vaYsk4Y2EmsnEODIRDkYdUJ8maSFHqfJX2umOQ5tWVgnavyV5I8tAqhHpqF55eABCQwSQL7FDcAUJX6s4rEPqydoaF297BheWKB9tXY+E11gZutOQEBJ2wb+MUk7+yrAx5XAhKQwFwJ7Fvc2AP20oJ1WZL7JPmNicB7buNKJfijbVTafnfPfYf/11VQybXWnOutxfDCnvvh4SUgAQnMisC+xQ04Xfckwna3CRDr9pnu4ookX+ZQ7Srlyv3aJOvm5JeTPDjJ3wzVIc8jAQlIYMoE+hA3eGBpfEaBGXt16lVh+/FmvQuROUTD8v2BJERXfviaDvxQkmc01twbD9E5zykBCUhgKgT6EjfSchH112b0uGeSXx0hlG7yZ7pHCjHK+Rwy0pM5uW8Fldz+CGasDRL48scjZGqXJCABCQxFAIOA+/VHNt6vj+nm7+1L3BgY61esY9Fwp1Hc9MVDjXiD8yDA7C1jo3bbxmRl4qqkP4jtlychynK1/WRVKNhmU/kGaHyLBCQggYMR4N5H+TDuzXiwPr6JML9BLdng1SIRPTERBPytZn9C6PC+PbZPcYPMqsvvHiMSuNW+Pb1TxuZgs3rEiW9egSffkOT0lff8SxLclURX/tPYOm5/JCABCZyCAEYGtTDParx7t6uE89frZLzaFd6N+ha3VYHDgvvmJL+2a4/39DnWrc7pHIuq2Q8/sDtyk6FduymS+lWVr7Kb67L9LDk+yYP5R5sczPdIQAISGJDA/SoWg5qYvBC0q+9wfvYJUz/z0hJBDBVE8o5ltb03yWlDiNuNK9S96/77tubkpOwauuGfZT0LF2nbMGO/NMmfDt2ZE56P5M1YcndOQr7LbkO8Kbvzjyc8hx+XgAQksC0BggnJxoQlhuuQ3Lwfve1BmnSHFILG8CC2gP2+v39MNZU2S9b/7LEeQtzaMV3QZPogsKRtBEV85Q4D3vUjCBu11xCybhvTOtuuY/vCGhf7Cq/WOcj3VHTl3+96YD8nAQlI4BQEblsP2GcnuXtjyHzEjrQwMqh5+YdJXttowxuamIPXb3isdonpZUme0gYvDilu9BPrDVEbWlzYKP2klcVHngoQNoDMpV2zLFMEHDFnDe4DtbEea+7lJmeey1Q7DgkchACBHl9TbsU7rAno2KRTJMd4ZW0Z+4PGyuP1/k0+uPKeNmkI93DE8UO2cA0tbvTtE5P85Uon6dzzK5vJPsPwiTSknlrXJcqpSW/F+hSKP9dGhBFuy/snwTVMgzsix9gpU2STgAQkcCoChNgTCMiDM1VRPnkLXJTyIpIba4wlEpJ6bGqNneo0REx+b3mruIfjhvx/7RDi1naCNF0ob7cR+QeIX2oCT/6ufK0sGv7bFkB5K8elGCh+39X2Y02Y6a+XL3fLw07y7VdufNWfXy7Zu3ZG8LsVZfkCrblJzqudlkBfBBAPgj2IjWDd7LjGPftttU/4VbX1q48YBh7UiTXgnsaeNmphHul5O6S4AQzVJdXVdU9BD7caLkSSMjMQFhj5u20cg6cDBA3TtpsfsnvYd9XG52cdsyh53ERO+f8JuX1ksSJaqW0s2P5Es58E4f/XKQ/QvktAAjsR4B5M0gjqciIg6xrLHBglr64lD5Y5hojMJkAFq/FzykrDIjy2UsuhxQ2ARNLgx31Ukk/ZcFoQM6JvNl28RBCPKhS64Sln9bYrJfmWcjfcpZPq6y1lLWPV4QfnAurW6ZsVBAcjgQUTOK3EjO8/0eNsnP73zj5avvsXVRQ5UYpDiFh3OnCHEoBIECDR4I/rJAXZaNrGIG5tRxErRO7MWhjEgmjTd200mDVvYj/EC8vi6zvD/659PPTniK7kImKLBG5cTP5uo74cmWUsv3PomfL8EjgZAbJ6fH8tU3TLef1HLQe9pO6XRCsesn19uUTx2j2hKQt2/i6dGZO4res/ZjK+1U+qxcO2Vty697JB/OL6DywPojL3sXi5C9epfoYNlV9S6b5wW8K/vUYurw2SuIfxq/NUZ5OABMZNAAuIPa9su/qETlcJu8ciY22M4tIIySHbLSoLE+5HvEaPrp8792ns4rY6MKIeefpgPwViRmAIfmAiLPcZZbkz0Jl9ENcFQSifV5ZddyMmDxDsKWG9juAfmwQkMA4C5GP8ss6LZQgaUeJUHSEn7Vi+s0S0s3WJ7Vp42ujfXizHqYnbOC6dZfaCYqpYzp9emzb5SQAPkawE+hAxRd25Ny0Tj6OWwMEJ8CCKUBBfQOg+jXX0n61lhaHXzY4CQqzEvSqYkMhMKsgQ3b7XpSPF7eDX42Q7wH4XvkS8btYZBW6O1zRVDMiOcslkR2fHJTAdAmymZv8q0dBt+8FammGz9Fga2wpwOxLRzn2CZO9sReqlKW69YF3UQXGBYMUR/EPU1a06o+dJjA2Wz6vccIsC42Al0CMBqoMQts9etI+q87CORpkx9gmvJsrosSunPDQeH7ZpkfAdzw99wy3au+gqboea8vmelzVRRI4F7O7WjrfXHkX2Jb5nvsN3ZBLolQDZ7x+Y5DvrLP9ZgRfsU6WOGeH8h24EABJ5zXoamZJ+p0SNOmyDNcVtMNSLPNFnV/ov0vdwkdOw5qgIwYZxBM8mAQkcT4BgOl6sUVHvjMhmwuR/uAJFjj9Cv++4aa3FP7TW4RHbfaXb2qnnittO2PzQDgTwt5MdharibSPiElcK2zZ+e4dj+hEJzJ0Ang4ydNytBkpCCiLDiSo85MMhD6us8fHCUiNX7Z/XZu9js4cMMWmK2xCUPUeXAF8KNozzFNrNW8emfb64FLIl6nLbfKJSlsBcCFCUmDyKBF+QaJ5GMoqfqsjkbvrBIcdM8Bj5f9kS9MWV3IEITCIyd8nq32vfFbde8XrwYwjcpLLSkCGFmnTdWnRsLcBXzzYDNo2TG9QmgbkT4KHviVVZuhU19pPi5Ri6IWYk0aARKMYDJ30hJR/7jEfdFLdRT8/iOscaHRUMSJDKq208LZJPlC8Wi9JU5T3U0+viJsUBD0KAiEIyibSVUsgagidjyHqTbCmgPBbWImkQsdC+vdlg/dYpPlwqboNct55kRwLU4iPfKFGXbSowvmiEQZMP78lVgJVK42/e8Rx+TAKHJED0I6LWVjNBzAjKIJSfh7o+28c1Wf7vWFt52LeKNUbqK7wmo1g3O8ngFbeT0POzQxPgafLTSuwevHJyiiGSK49NoSR71o059Ox4vm0JIGhPauoqsheM9uzK2rHtcTZ9/w3KI4J1iJWGe5HsJUQ18t2ZVVPcZjWdixsMiWCpPYXoEZzCU2jbyI5C3ks2i/Ka/JPo4mZ33gNG1HD50bCYSEeFxbTPRtLkO1duWPLDkgydh7/frPqYh4y23Oc41x5LcesdsScYkABrBbct645sCLg0u40vNSHLF9aX3DyYA06Op/ogAbKItG7IfdaaZK8Z1z/r1tRp+7AKysJlT3BW71lBxjTHituYZsO+9EEA9wvBKbhiSCzbbQSlsMbAkzNpgQbNoNDHYD3m6AlQyboNGjmvrrtdg0ZYJ+P6vk1VALhi5WxExKjBODtX4zazq7htQ8v3zoEA1hwW3llViZw6Ut1GKZALKkCF2nUkge57YX8OXB3D8QSe2qSeO7fexkZs1onJyYrLnJRaJBM+qpGcnPdikZGlBCuNUjZYZK+ua3YvpWKOH8Y03qG4TWOe7GV/BIhWoyox1h1rdghfmyqsPSvWHVGa3IS4AeHOtH5gf3My1yPjFmfta11D9J6e5PpVroY1ZLJ/4G1gUzcJynnQwiojmw+/m6P1FFeK4jbXr5HjOgkBnpARONw9/M6Lxfhuo0guqcNeVHvwXl5ZGtyScBLy8/7sOVWaZt0oscCuW1YZW1twKWKJsT5MkVFSW9m2IKC4bQHLty6eAJFn5PmjxAjuTUKrsfq67dJyY76inrL5jvG0/brF01smAKyuq5ZngP2aXD9E916lrhOuFwSMtHOIGF4C2x4IKG57gOghFk+AhX0qH1+n2TfEGh6L/KyHdLOskFWFwJX3NbWtLq69RazpUaKEDO9/tXiK0wWAK5F5xHVItCJ5F6k2jbCR5YPci0TpYuljgbFNhd9tPRJQ3HqE66ElUATIms4aCsmhEUGe3vl5eZIPVBJpgg0I3b5GVUm4rDb3XqTwjeY6otQMFhf7K0n+zUMK+VDJMEJ9NQQMMUO4mDeicUkbZzsAAcXtANA9pQRWCJDPj8aTP/vzSC9Gwlp+J98miaO5cSKGrOlduYmaw+1JCjKysr9BonsjwForBUCJRuSh5OYVZMRPAopIDMBckFWEitJk+SDYyDYyAorbyCbE7khgDQEsBtZt2oADBI/1Pm6+/Bsh5ViAZG3nBkwUHet8BL3gBuP/dIP9H1iqURBaD1dcyjxMYE3zcIHl/MZ6YOBBAuuMvw2zn9hXU3Gb2ITZXQmsIYDlh9hhbZAMlz18Z5QgknCaRr2t95bwcaPG4mD9jz1S/M4aIQJIwl4sQ270WIattThm8Iyd/uMyRMjPbsrGkHqKviNa/Dth9bgMcSMiYIg+DwU8BMCGoA7SUTF+2wwIKG4zmESHIIFjCLBG1EZ14u5kEzACRsRnew/gho8Vs66xsR2ha0WwXSvEUmSdkL85HpYiL0LZeS8WEmtOiClieY9GhJ+ThEwaVHwgYS+BGIgzgTi4V/kcLj/EiReihZuQz/M7n+V3zs3fnBtBb1vrNuRvfm+LaLIvjMhE3Li2BRBQ3BYwyQ5RAickQAj7aUneVpYRYsPfiBDihMDgNmUtCsuJv3kRBYoIITCIFnsFiRzkdwQXEaQRWYhVRRBNK16IJr/zE8uL4xFlyL9x3+K8hM7bJLCWwH8DM3f5syRoryQAAAAASUVORK5CYII=','2025-04-08 06:16:17.858','2025-04-08 06:16:17.858',9,1,NULL,1,NULL,1),(11,'2025-04-16 00:00:00.000','18765401','Staff 1','Ankit 4','111111','e','ee','data:image/png;base64,iVBORw0KGgoAAAANSUhEUgAAANoAAAAcCAYAAAAHrKFyAAAAAXNSR0IArs4c6QAABidJREFUeF7tnFWobVUUhr9rN+q189rd3YVioIgY2KKoKCjGg/ikz4IgCmJioD4YiNfAbuwCW6+t2IWNOT8YCxbLtTvO3vvMAZtz7zl7zTXnv+e/xhj/GHPPIFtGICMwCATWBw4FbgDmzBjEHfKYGYFpisAWwP7AwcAGJQxmZqJN0x2Rl91XBPRelwK7NBj1qEy0vuKdB5uGCJwPnNdk3ZcAp0u0tYEnk8t7EbgzxZVvAI9OQ8DykjMCnSCwK3ABsFXloj+Aa4CHU/h4S/E3ifZIIpYXle3XNMhCwLXA08A7wIeAg3zeyWzyezMCE4aAedg5wCE165Jgx9etV6IdBFwGLN0mIK8DCycSzkpJ32vAhcAvwPPAXMD7bY6T35YRGCcEzMOuT1GfRKuanqt41a6pnKOtm9zdzsDhNR6uE0D0fBLva+CxmFwmXycI5veOEgJrAKcAZ9dM6nvg4vR787Sm1kwMKcJJb2I9oBeTfNcBN0cO2MtY+dqMwDAQ2DRFZ8cAxyYyLVlzw7OAl9vVMzpRHSWecem+ETZ2s9g/I+f7AHgVuBX4qJuB8jUZgT4ioNc6Gtgc+DbpEcc1GdvU6cTYx21PoROilQfdIwkj5wIbR5hovtaNGWKa570CPAvcnxbxWTcD5WsyAl0gsGZEWtu3ca0Euwq4qI33/u8t3RKtOpAJ4kbh6YqnguTTC6paLt+BF/SJojR6d7Sv/N3NwvI1GYEWCLg3VQlbOQn3rw7g8l4U934RrZ1P1YUZJu4I7JRKBkeEetnqWuPgGyPpNPTMlhHoFQFToDOB7SoDWUueGYQytbkrcrCfer3hMIlWN9e1Usi4D7BtKJ4rtljQc8DVwJWpGv9vr4vP109LBKwN7wmsUFq9Xssy1W2DQmSqiVZelzW4vYED4ueqLRZ9bwLrCuAO4J9BAZTHnRgEFDgU8qqFZnMuvdtAbZSIVl3oYqkIvh9wGLAXsGADJH6PfO6+FJY+mORYFc1sGYECAWtc1W56//YmcEKn6mG3sI4y0cprcp7meBJu9+gvq5v7l1EoV8G8B3ghtcR83C04+bqxRsAe3oeSUrhSzSrs8DgpWgqHsshxIVoVjJWTEqQka3nB/E6BZb4GiM2OpmnlWcmXbfIRqOuonxOimjmaDRRDtXElWhWk+ROJtg7C7RBqUrWar4q0XIrRJZzmCQXX71PPJmoV0W+Gin6+2SAQOC0U6mLsl4AzgCcGcbN2x5wUojVar17Oup59nB5nOLUJMEq41vB8zZtEGT8gm6eXDTKqeFpMFzOfjpIz29Qj4EN2vSTFbwkcWerT1WvZVHH7MEPERnBMOtHq1m2uZ2lgt9QoKrk8FVsU2/1wJFpdh3Z1rE/jDJ+/fy/+rdf8ISXZn0z9/pvoGSwT6qGf04HAEpXVqkafPEoITEeitYu/H+Lq6Ym4STwxJZCk9DiRimgz09tZrvD0gqYaqkCjl7TtLFtnCKwWjb3bhNeqa5nymJZnK21e9/DySFkmWncfhy1l60QuaJe34aUdBRu2GM5jFcVhW9VQjxJJPPOHt4Gfu5vOxFwlNnZr2Dlk84Ihv91A1r/qrDgV4oPsqVGup2ai9X+PLhCezw3jKXVFGonopmlmkswT7G4Y80HN9jOf1F/1f5pTPuIioRx7oNIHl9GCHquR2ZRgi5Qhu32wD4xT6SYTbbj7rdhUliNWATyeIRmr3ztRNyvD0bdCkDEENZf0549xAmK4K+nsbubFihZ2+7hmQ0EfRHU1Lkf+K8JAHzoKUO+mbqFnAJsTxtIy0UbnYzPsXCq+D9A80Ke73TBuzEYbsjx7ldDvouNBj2hO6Qb1d27cL/qovik+6JEWjQnYAe9LkUKhqTg0XPy9mbhk2HdTzM2uHpsMJq55PBNtdIjWaiZ2OtgIq8giCfUQmmKNG9+6oeppYXo6CWbuaLhlWCoJFHIeT18w81vki3MD84S3NGeU3L4kh+Ga9/NayeORJV/eyxC5HTPc0xtLdHNRf1rDtHQy9MJxOxMexHsy0QaB6miMuXh4NT2ihJOYhmsSb7N0CsLuGs3/S5xyN3t1BXpIiVk2w1i9paGdTQCGxXo0lb9iX+WvLQzE/gOk0giZaaoJkwAAAABJRU5ErkJggg==','2025-04-15 18:31:24.643','2025-04-15 18:35:42.221',11,1,NULL,1,'jobsheet/1-1-11-BoatJobsheet.pdf',1),(12,'2025-04-17 00:00:00.000','92128203','Staff 1','MVP Boat 1 555555','111111','AAA','ABC','data:image/png;base64,iVBORw0KGgoAAAANSUhEUgAAAQ4AAABrCAYAAACG/2z4AAAAAXNSR0IArs4c6QAAFbxJREFUeF7tnQn8bVMVx39IRMpQFKWkMsuYoaKoJBqJaDQUKRmKaBL1SZI0CKloJqX60CBKkVCEaBJJSoaUJENoON9n7We/49x7z7TPPffetT6f93nv//7n7L32b5+zzpr3fHLqMwJ7SHqmpF9LWkDSzyV9s88MO2+zgcB8s7HMiVvlRpL2k/SSAs53k3S6pGsnblXO8NQg4IKjn1t5sqSXDWHtSElHS7qqn+w7V9OOgAuO/u3wJZk5spaxdYukAyTtYCZLzO1Xsx/eY2ZM/1bhHE01Ai44+rW9+DN+GLG0saTz7efXSzpU0pLR7/ndq13z6NcmzgI3Ljj6tctoEAcZSx+QdGCOPX6/i6THRP+P5rGXpOv7tRTnZpoRcMHRr939sKR9jKUVM23i6gL28H3gA4kJh+lx/VqKczPNCLjg6NfunivpaZk/40eSnjWENUyakyQtE13D/53dr+U4N9OKgAuOfu0s/g0EwCjBAdd5zQOTZbt+Lce5mVYEXHD0a2cvkrRuScEB5/mw7Y6STuzXkpybaUTABUe/dvV/xs5nJe1UgjW0k6MkrWbXltFUSgzrlzgCwxFwwdGfJySOqBycscXPZei1kk6ILjxC0lvL3OjXOAJ1EXDBURe59u8jG3RvSX/NskKXrjg8ggMBEohUda9pqQiiX14eARcc5bFKfWV4+es6OWON5XJJm5sQSs23jz+DCLjg6MemL24Zo6Sa7y/p8JpsUUW7it17iqRXZElk/645lt/mCAxEwAVHPx6OONUcRycCoA5h4pwqaQO7uSj7tM64fo8jMA8CLjj68UAEM4N+G+s1ZOnpks6StKCN8yITJg2H9dsdgfsRcMHRj6fhO5K2rJC/MYrr7S2zlOv+JmmrbPyfjrrJf+8IlEXABUdZpNJdR9r4DTY8kZHPtTTVZ6xy9kGSbpK0pqQbWxrbh5lxBFxwjP8BCNrBNZnQWKFFdhaW9JPMTFnHxiQ8W9RRrMUpfahZQcAFx/h3OtSnlM0WrcLxEyQRml3EbjokKtuvMo5f6wjMg4ALjvE+EORafN9YoBqWlPG2iYgNzlL2+m5Jz85yPH7c9iQ+3mwh4IJjvPsd+m9cbMVtqbh5Z9Yl/b02+J8k0Vnsz6km83GnHwEXHOPbY7D/o6THSnqfpHclZIW5SAgLPg7+vW3C+XzoKUfABcf4NngLO+aAzM7lLGyakptFJV0gaXWbhEI4CuKcHIHKCLjgqAxZazd8XtKrMrPhjKwhMUKkC3qiJLqoP1TSvZkgeZ6kH3Qxsc8xXQi44BjPfnIqG1WwS1hyFglgXRHC4rTMPCK/43cmPP7Q1eQ+z3Qg4IJjPPu4tb28/5K0lEU7uuSENPQvZKbKYpIQWvg77uySAZ9rshFwwTGe/fukJM5J4eXlXJRxUBxpwTGLg9bJESiFgAuOUjC1etHDLMX8IdYzgxyLcdE3JL3YJq/SdWxc/Pq8PUHABUf3G7GvRTPIp3hclskZ+ox2z8l9M34si+jsaZOnSkIb19p83kQIuOBIBOyAYcH7l5KelB3b+MqCg5W65ea+2dCAKKxD82i7XmYc6/E5O0DABUcHIEdTcO7JVyRda5miN3c7/dDZEGg0EarburBHS3FWUiPggiM1wvePD9akltMekKbEH+1u6lIzxefSuvAoBdnsXuSCo7u9D9rGP6yL+T3dTV16pvh0OHeWloZt9i50wdHNnj/aKlRXtgbCX+5m2lqzxAdfo4UgQJwcgXkQcMHRzQMRIinnZQJkk6yg7T/dTFtrFsrwD7IzbBkATQnTZRJoVUlocmh1j2zQ9HkS1jpWHl1wpIf/EZZeTm0IlbChTWD6mZvNgJDbyIboq9lCRAgeX2iHcCMsYiK1nmS7cyTd1gwOvztGwAVH+ufhbNMyPiRpv/TTtTpDiLT0UfPAyfx2ExijFj1JWtOotfTi900FB2otfyAa4oajC4ke0Lbu4ZKeYq3655f0YCuuonU/c/M39Rr0w6Ts+7/ZF+R7WU7Bpb1ApzkTe2Qq8yckXZEduLTpBDYLxlm6T6R5vDmrrfl4c1gaj0BH+KMlPb7CSH3VmiosoT+XVhUcQVA8R9JCCbtW3SHpZ5L4Wv/Kqjgv60GWZZWdQxDyxX5Mpia/xTI0q9zfp2vp4xEOeUJwIEDGRQiNnQo0jePsw0OOzO3WtCh81OD1LxYC/2BixjGXELjMDR8IN55jOsz/3tooJGYh/fBlBMeTsxd3x6zV3K7WcCbmigOE1rX/uNoSm/iRl5776PuAFnG+XUN6NS3rsPVjgg/a2VFmHsbLr557abx7kf3BYdenBKo8v8fbA/4bS6wad2p506eJPh6YB9C4vt4IYEy+mHi2SJnnWcxTHCHidzRN4nQ7okVtExo2Y9PTled4EPEhRJCwlrvaZqJgPBzG/7S1t+YwHiY4nmpfFs4fjYkXn1JsNozO3CloQ0vLJozJv19gJk5+Lg4bopfmyZKuT8FIzTHBjgOQcMi9NGpIXHO4XtxGCT7COjQd+pKlzXfFHOfCgCnHPgQ6wP5vUJNnvvrgH2pxwn1t+jyWzEzyI2tUOfMevSE7ue9bLQMYHMY4jV8naVlr2kT/FYg+MN+2A7t4hxEqlWmQ4IhPPg+Doq5iV1IKPg5a24QILyXFWBSIxcQZIjzMXx+zL4EN4uvHg071KQ/uNFH8bLBOWhCm6M6exyy0IoiFBv9H6HUUYZ7kHdNtCY+idyXwQ+3PKD9Mm4WFmEi0a0DrKUMnZH1Y3mbCpMz1c68pEhxx9iAXopbyRa97EHIlhipczKnsQRshHEdXrUBnSjrWhEiFIVu5lK8bFadIds5xpcvWtFFsAlxlmkfqIyZjUw9/1zMqfi3RPniO45BtU5MLLQxeYuHAcRd8wGJtPPgEt8kKCTmtLyY0Dv4gBOsS7yz9VHAPVCWCEzub8OeZLUV5wYENiy0bqCmwpZho4SIckWwKXxHOSY2JTfyUxfJT+xnAD/8O0aJpbwbM1yq8BDgeqb9JlSiGg5k2BIHeaNpv1UcnrsfhXvwNb2qgMeGPw+cWiPNqSPAbRgiw90eRKq7F90JLxzqaG34VtIYiQqjhVsAxe5056jFhEDR5wkeJNVHK/5MXHLdIWtxGbEuVq7q5Ta/H5sSRu7+15QvjoTHhjefFTkE4xE7PNgpTir8RYDiGp5ny2im2/qk1X4BhOKF+x19k2hKg6dShPM8IO0zKE2sMhhDgJL5AZd8ZmkYjPPIv8GH27JQVIF+0EoY86/hPyFYeJMjR0OkAt37BmkspC7HgiG3I32bl35gCk0zkjCDFaYu3XrSQ70oi4vG1lheHabSbjckRBHzNZoHyX1AcbiRmlX34y2CEkFjRLuQLmtcqy4wRX0NuDTk2gYjO8TKF6F/Z8eImSNzDh6lKwIDMVvrPxlS2Mhktmg9kTLca9gjCUcECFAT2Du0t7xMZ6fgOgoPYeNxpu4lELwt6l9dtZqo0DxyJaBARDwDiK9nUD8FDSJk8jtGyX50u1596LkwJ1Nw4bwLBwYuEg7AJMSZRgHD+LWp5G7kYec0DbRvBX8Xcypu+ZdIbYizQUnlpEWSx74UUeQohB/k9MBExFWMCbxytVQkBgplJfVJMQ5/jsNDYXoXhfAi2KjN9vZ6vFoDwQCMcA2E/HyrpmBqMczoakRzocDORagwzFbeAxTuiXJy/W24DuNQlQq7sDUToEPW6qaBnLExaktnIUYqJRktoTNj8wyj/sUWTfX7NRRZFZvB7cO5OXpCRl4EgjR2yZF6T4dtESBeZcLwrhRQERyw52wwP1cQx+W0IDR5yNoymwYHwKiNEiRrgUBpFeMvZWFLrMX92GXXDDPweDQEnMZpcIEwNHuyqOQu0M+TlRqOB8AEgSNokngEyYfNJW2gfmLMIvyLKJ6MR7s0np1Xhkxc3/Invw/RBkAXTI5QxhGsIRw9LOKvCQ96XNFCLQXDkHTxV1a0qjPXtWgBH+0CIEDqNCacXCTrUmRQRSWk4AiHMFF6M1FGbvuE3jJ/lzeFIRnAghGz4M2otnP3ykejL2jQCMmw+vt58MGJTi+vJ+uVjUOT7yOeVrNDwi898CA6ERMjQDTzjsCTblA8UYVdaPAZq2zTOr6swglWkcTSVnKMeiD7+Hr8HD/iBlhkZ54TgaGLjfhExjlYWjjXATCEU7FSMAF8xvujxw05dCY5BcgiKnKi8QPifCGsHQgPgvpQ0KJmLrz4fmJia+jcGrYPUApIH0bQGlV+Ee8kZIcGwzZYB+ZQMBHY4b3guz0FwcARgsJma2GopN7WrsamjQc3Ghg0OOR5w1FC+gAAbHna86nt1xdiEzzMsw5JcCCqqiYTdbdmPYbn8TEd4XhIcmKmJ6AoOWKKKsQmApoRWwvvxXKviDrzUdUyOWku+1iZ/fdvaRhg/v1dEJeepBQqCA1uSL2sg1MSgho9a3LT+HlUbQYEZEygu6mvLuz+t+BWtC8ce9RM8b6NSsbmfrx21MSQvjYNCoWI8N47ZfIZmKm0I0wmfRlHCVql8iwagxRrVAwRjEByEZLDpg21FTQq2zawTJgyebTSQ+OtzhGWGzjo+dddP6BHThReDPiX8GyHBzzilwZ3nr0potC4vo+5D08QROohSaRvxfBR7krOBGUPkhATDJhGUUWvm9zzjJJFBfDDjXKg5zXQC5T2qqSVaGeb7cg1JZIdEzNAzlMw70n2d2kNgpSHO6PZmqT4SvUj4mK6Tu7XLIr/qXDe7g9SFODuXM47nFrjmIyjYmrFDJpUN1WxJ3d1Nv1CERmhcc4bZt4EDwoMkzhBzd5puBGhchf8DrQgN/cpsuaXqOiYYFkxEyvKheTSrvOAAlJOyRKhlosXycpBXX6tuf4JBQy0kjk/aOhrG9pJOsYOiqWsImX4Ikx2GxPsnGAJnfcYRwCkdtAxynDjeY05eS1HORt5k4Tqq7Havkcs/qbijdSEk6PmBwEQwxCn5RFuI7RM2g7oqLZ9UPJ3vyUQABQLf01LG/lwLZFCyF5oHTqF8HBln1edrZABOEmzYchzCDOGoI2eDRKAiyhc5pfKuTxJ+zut0IRCHhOcW4I3KEqVsl5h1/ryKkP2H+tJmFeQ4ISeihM1KKBqi0AhPNrbsMCJjFHADuVN5nLvoc7eNQD6nY47MGCU4AhP5NNSYudB89UILEU2aIMFTTnUgGXj4NeiwTlovORx3ltyFfIHQrDuVS8Lml00AAuTexC0iKgkO1kfnIL6uRcko8frJsqRpDloJURpStbvI+KuyB8tZtCT0z+BeEl5whhJmrVN9Gfd4oCMWgih1O70qa/ZrHYG6CMSZ5XOySMtqHPGE+D9eY81U8ibMIMY4T4KUYUyfc+ty38J9REbwFMfNU9AqeOlJJ27aV5UkulAoVZjj38IafAhHoGsEYsExxxSvIzjyTONA5UwJsv/whxCJCLHfQQskUkGJNV92TBzixSkOXCLqQYozf2OScM5LILq2wwNCo0yn7LKbFR+b6P6Osqj5dX1GIBYcRBM3bkNwFC2YQjE6J5NxR7FQmboEzkihuQpFTTR9JakKnwNqPxl6mBKkIpNTQTiUgigORmYNVLPSNg0HJ124aBhLsk44SyLwyKIJs1LZGjdlbnPT8m0KwIIekE6OwKQiED/TcxLBUgmOPEA0YtncCpYwE2gr3xVxDB9nrtCjse0+o4PWEIewMI0oEXdyBCYVgdj5T2e0FbsSHHnAOG0K02GNrK8iBTw4XvO83GMaAx26MIfy2sOgTaCzOIKC8mf8Kjhou26wE05yCzxOWw/XSX0BnO96CFB6EZ+5stq4BEc99ue9C/MnNoHwUxDB6VpIDFoLQgstC6K6NlQatrF2H8MR6BqB+L06eJIFR9fA1ZkP3wah3y5Kr+vw5/c4AmURiBua7+SCoyxs9a6Ls+7onv3yesP4XY7A2BGI85RccCTeDnw5VBMS9SFqhK3o5AhMIgJEKd9t/U23cY0j/RbGx/TRhpAzMJwcgYlGwAVH+u0jW5UeJ5Bnk6bH22foAAEXHB2AnPUtJeWe7FqojfM3uuHaZ3EEBiDggqObRyN2knoaejeY+ywJEXDBkRDcaOgHpOx2M63P4gikQcAFRxpc86OSqEahEFR0Klg3XPgsjkBLCLjgaAnIEsOEzDs3VUqA5Zf0GwEXHN3tjwuO7rD2mRIj4IIjMcA2PEV6FNtBfkpeN5j7LAkRcMGRENxoaM7/JGXXfRzd4O2zJEbABUdigG14D8d2g7PP0hECLji6AfpYSaEx8vqR2dLN7D6LI9AyAi44WgZ0wHBxZeHSuaYo3XDgszgCLSLggqNFMIcMFZ9LwyngtF9zcgQmFgEXHOm3btPotDvar6FxODkCE42AC4702xc7Ro/K+nLsmX5Kn8ERSIuAC460+NKImXNWOPYB4uyZpoc+peXYR3cESiDggqMESA0uifs0ckQCRyU4OQITj4ALjnRbuLukY2x4922kw9lHHgMCQXCgTvNwc1A0KdFOzRDgTF3OkcU0cROlGZZ+dw8RQHDEzjtY5LjFy7MDkqjivKaHPE8CS5wYt40xelyU/DUJvDuPjsBIBBAcOO44+Wzlgqs5D+REO/uUIq2bRo7oF8S9Nzhcm7Nj+dvJEZgaBGIfB+dDbiYJ23wQXZydVH2GHdwcqj2nBoyWFvJpSbvYWDtZ456WhvZhHIF+IFDkHCWzkbqKXSUtMYRNsh8vNFuel4VT5Ged1jI8FjdsOEPWyRGYOgSGRVUwXTh5bB9JHCw0inCsnmfO1btHXTylvz85OwIBzQ1az/xFU7pUX9YsI1AmHLtQVs25teUgbCVpwRKAnSVpP0mYNrNCXjo/Kzvt61QZwRHDtEimilN7sbOkLSUtOgLD68wnQqTmUkmXSLpjynBfVdLxkjawdZ2frXnjKVujL8cRmAeBqoIjvnlhe0EQIJtIKmPP35w5YM+xfhRXSDrTzqKc1G3ZX9JhEfOnZVoWZ2w6OQJTjUATwZEHZjnLXdgiy5hcRhJ9NsvQXdnpZp+ThH/gFjv1rM/hS85IQbvYW9KjogVuZwl0Zdbs1zgCE41Am4IjDwQO1XWyXptkUaLOk0W5iqTVRyBGN/DbrDgM04bjE8+VRKSCxLQbxoA4wgLi722jjNB7LAdmXzPDxsCaT+kIdI9ASsExaDX4STBr0EjwBawUvYhlELhVEsKF5LT5TZggXBAsl2WawD8kLSDpStNgisbkWqJGvPgkwCHMGJPK1QMt/R6Bt1jmv1jehF9+HOYnK5QEOSdHYKYQGIfgKAKYl3QNSWubv2RZC2f2bTM4bZ6IEaYVDl8nR2AmEeiL4BgEPvxtKImQMJrBmtGFaBX8fKOkO80cQnshxbsq3SvpAtNYMKvOtjqd2y1yRM3O9ZJw6Do5AjOPQN8FR90NwjmLsOEPTttBREUwWoSTI+AIVEDg/2TLhRU7E9wXAAAAAElFTkSuQmCC','2025-04-17 12:28:55.450','2025-04-17 12:32:58.359',12,1,NULL,35,'jobsheet/1-35-12-BoatJobsheet.pdf',1),(13,'2025-04-23 00:00:00.000','60365388','Staff 1','John Doe','111111','Hull clean','Hull cleaned','data:image/png;base64,iVBORw0KGgoAAAANSUhEUgAAAKMAAAAsCAYAAAAJigiNAAAAAXNSR0IArs4c6QAAB8ZJREFUeF7tnGXILFUYx3/X7u4ODOy45hfjgwgidqBYeE0UA0QEsfCL8UnFLlSsqyIqWFiIKHYrdnd36/zkHBmH2Xdn987Ozrt7Hhh2d+bMief8z3OeOjuF8aZNgOOBuYBtx5sVwx/9lOF3ofEerABsBJwMrJlr/ULgsMZ7kxr8jwPjAsYIwMOB5YCVSjCwWSYdH0vYGB4HRhmMswPbAfsAmwJLdGDzS8ARwIPDm4bUshwYRTBuA+wJ7AzMH6b5V0Bw5ulZ4JgEwvYshFEB4yrAXsDRwAJd2DsdeBg4tz3TkHoyCpJRC/ioipbwOcAlwItp6tvJgckoGbfKbcOLVGDrZZk6cirwfoWyqcgQOTCZwKgueDCwS0V+nQIIxA8qlk/FhsyBtoNxJmDfYGisU4FXnwJnAW7Jv1con4q0iANtBqMumQsycM3dhV+fAQ9krhud1homf7aIv6krPXCgjWDcIRgai04wjh+Be4C7gRsyK/qbHsaciraUA20B42zAGZmRcSAwbwdefQvcBNwM3Av80VKepm71yYE2gFGd8MxsS168MAbBZnjuNuBW4PU+x5hemyQcGCYYzwO2D7HiPLveDbriNcCHA+Sj8Wq3+88H2EaqugcONA1G27sI2AOYr9BPY8SnA9f30P9eipouthOwXyFObUz6mcx3+WqWTvYzsHKuUp99ny2ap7Kw4ZYpdNgLu3sv2yQY1w4Gx5KFbn4B7Ag80nv3K70hiIzUmLdYF+lEzydWpCSLGjjbBBhnBi4F9i/RCXVKm6ygRBoE2eYVJRVrfauHSmb2TGS5V+2XgHwoK6yzPVEfHBg0GDcE7iyZbLfFQ4HH++hz1Vd2A24sFDZJ4tog1fLuIPMb3wqWvH2WlKjSO4D6pbRF+OyUE+njN4BbwriTxKw6WwNOISuTSlrIZtaYsPBbD/3spahZO7ZhJneeds8yuwVj3aQkFKQRvPn6v8pS2Z4PEjNt6104PwjJOE+QPlrKeTJ/0EzrR+tGQ66+TvrhAZl0u3KA7caqlaqOWyMpStOyZgXp20EaRxVBCawnQWBfl1usLi4vQa8E1/AT4H81MJ5Gm6gbjHuH5IRiIutVWcLCtAbixUpc22lCInabKBeGV5Sagm3OEn9qt3o6Pf8hPBCULvS/g/phAOG1oC64+zwRnvXbTmPv1QVGExqOBU4LDM8PQMuzKaVeYyUaSvoPTwQuboyb3RtSCnoIbI1QdLGcHpqXjH6PZGxe/VfXl+/7Ti8kH5SsJo6oKqgqCV6zmbz3QqhMXdco19CoDjAuHLJkzLQu0tmZY/m4BkfnpHk5aaNo2brjTAVmzfyxq+f8pQLcMRtK3aAGfr8JfAwoZb8M4VeB+2TIA9D4+6SGdv5XxYyCUd/h1cC6HTpmKpeZ2Ima5YBgVX+dIwBW4EaprKvNZ6oMRqC6ZUV16vl74cFzgCqDktaMqROCvuxZ9Jd7GfaMgHHrbMs4P1O2Vys0mD/8JFCNPSdqJwcEpJLWS8A6lwYlVq2pu0audINJYkX1xEWhGvJ1yL730JwqyPR+wbhrkIiuvCKZWePzSMumbOuaprbZatz1PNaxVhY4WB5YH1CqrliST1BHz6b2A0YtZk/WLVjSA/14Xnln813BiNClU7ueUQcXUh19cWCWcB5dHHg6U8PI7d+tX4mr6vZLUBMUSH5XB/XKk1u7eanTegWjCQ5mVJcdBxVsmwclWj9YmZ/NLdzTeR6OsnNGYrTEXXFeDsg+ea0X7hkqtKzvavmpi6ioq2A7aEkXhv5NyXqsU73Jevz0t8q/7g/vWUaXiO1Zj31XynvPtiznM3/HezLZOrQ6R5mWDvxZKIskedRDsHhv45A0Ig/cagWefC+m/nXjjZa8PlYx8nSIwv0rpKqC0cnTTXJSmNhig1acN2LKQnHdOjlZnuuwVnlXFxK0gvSnsEAEtJMngCNv4+JQklg+LhKfl6k5kQ/WGReFn17W7SLxM96zXi8XqJPqM7/fH6RSjAzlI0DqbAIp6obRGrdt67e+XkmeKDA+CgvaXFQXdvzLGO/r/+xIVcF4ZHDflFWkkqoCXCR9iwdlW/RSvY6qQnndDE7qIEiweTnZccHKZH1wtiuDZaoTZkRkIkANon/5OpUwWrL2VX+i54HctfRF2k/7G+Pp+Ri7dbhzxd3Ld2MkSGPC3chFJrmTOUbB5nd3GTOtIkXQzfBYq4DRo6EaJZFcOd9l4FSMu9o8x9yJHKB+RkNktqVu4WCqkjmGnvhTtOvbEhAO3vtKAH2cAsUJcft2C4nbvNu2zzuRW4TjSNQSDnQDo2eVb88pna62KAn6iazYnlJUfVA9pEhub4avzPB26080RhyYCIwqr/cF816WKInUf6RDWhZmG6MpG92hdgKjfx/nNlbMypYTbsspT290MTG0kZWBUennmWQjLHnSf+hxUg2WRIkDtXOgCEZ/67DOR1BstB/9sPbOpgpHmwNFMJqEenlhyJ6qG+TxgNHmcBpdZQ7kwejfisRDSrECve5at4kSBwbOgQjGZYL0yxssZli8MvAepAYSBwIHBKOOYSMKOrEj6aS+I3EpcaBJDghGt+F8OM/Qn389kihxoFEOCEb/2zAG0/2Hr6Il3WiHUmPjywHBaLBc141Bdv8CZOSOQI7v9E6ukf8Db3liiJudV1kAAAAASUVORK5CYII=','2025-04-23 04:28:25.179','2025-04-23 04:28:25.179',13,1,NULL,1,NULL,1),(14,'2025-04-29 00:00:00.000','07161368','Robert Bell','John Doe','0483076722','Hull clean','Hull clean','data:image/png;base64,iVBORw0KGgoAAAANSUhEUgAAALEAAADDCAYAAADNw/APAAAAAXNSR0IArs4c6QAAFT5JREFUeF7tnQf4r2MZx79WiWTLzDpOCNmzyEgyQkOonEo4IjLKCAmhrGSLZBQyS122uOzsdayMhBASFSF6P6f7dV6//+/3/7173vd1neuM//M+4/t8z/s+zz0nk4sjUDwCn5Q0v6S3Jb0laWpJC0t6TNLtkv5jP2MmNyWdzmRJH/D2jkAfBGaUtIKkRY2cy0haOiNSD0u6S9Idks6W9Mig/pzEGZHu4OOLS5pJ0rqSPiaJv09XAg6v21v7cEnnRMdzEpeAfsOHmEPSFyV9QNIGkpZNsJ4XJN0bac/R4WX7+xSSPmr98k8z2N/jdH+jpG8F87mNxk7iOJB1r81YI+wmkpYfsnyI+aR99u+U9Gf7c1rUPhgcHxaRNJ8dTdaWtNSAzj4t6RIncVqo2/fc6gH5NpS0nqQxA5b3hKTrJd0TnHl/K+m+kmCYXtI3g+PEZwLSrhgZ8xVJczuJS9qFGg4ziyTeZJCW3zku9Arag99LulrSZZIgTdXCWfxXkiA2Mt5JXPWWlD/+moGK6+ABZ9u/SrrI3rJ/kPTv8qcXa8RvS/qhpGkkXegkjoVZ4xvxth1nb9z396yGS9LFAal/l/EsWyZIm0v6pQ14h5O4TOjLHWvBQBOws6RPSeLPUQnfuKirHix3WrmMtq2kY62n653EuWBaq072tTdur1bhAUk/t7MtRoQmy1GStrcFnOokbvJWTpo7+ta9JK1vJt3wJ1zEjjfiXtGOpU5cxVOS5rT1jHMSN3dnF5C0Y3Ac2EzSrD3L4LzIGReNwovNXWLfmX82sBKeZz/h67Kik7h5O7yapCMlzWPm33AF15g59kpJbG5b5TpJq9jiDpK0p5O4GVuNIYKN279nuq8Fn9UTJZ0WmmCbsZzUs8T8fZY9jZWQS+sEJ3FqPEt5EK3CAcGbddOe0fDo+kGgdTi9lFnUZxAupEvYdC4N3DbX4c9O4vpsUDgT9LifC3wHftFnaucbee+u37QLn9E+tnYG4i2MBx1+Gk7iwqGPP8BK5uiyTeRtw9PPSfqRpBMk/St+d61qiTPQhACH99mqDpT0vXCF/iaufq+xph1inlvR2fC5RB/Khe2f1U+zshlAXPyHwQnhK4T/BGq2ieIkrmxvJnpk4cOA22Eo+N9yjODYcEN1U6vVyLtLQgsRCudg/oO/I07icvcLzzE0DON7huXIcESg7z2mJp5i5aIyeLQlJV0rKfT3OM5cMt/1hJO4nO3CusTbZIue4XBzxChxRsePDP12gRAovkYfth/+ydSM/Id3EpfD24mjYFU7NAh43LhnzHMlcTkhCNKlPwLgtov96Flz2L+5X1N/ExdDIYInsaphpIgKel3Owdy0XQYjQIg/JvNQ0ETwn76vOInzpdLKplGIhqvzGbzEzryP5jtcK3vj60XuidAf5AJJX5L0qpO42P3Gewzf3IUiwxDli88rziojznHFTqfRvaNC40uG/FESviKY1weKv4mz7feWZoiYOdLNLfbW5dIWhqdnG6U7T+MHspUtFz0wLwciqEcVJ/EwhEb+nEQhREzgfB4VjBLEfV2evEt/IrBGfieImftxBIkd7Gg2FBwn8VCI3mkwr9nuiVULBTMwpMXi5saJ+Fj2tiQMn4tcmEmIy+8ecbtzEg9Hatogt8FJfTzJ0O2iBmp6qM9wBIptgR74qkikBlHWayQZ0kk8GK3ZJO0nCYecqBCnxiWurMQhSfaziW3RRJCMEEFvjndaolQBTuKR207KJNz+Nor8iAvaTyUdLQnFu0t2BLgME0aFYzvCRW7VwKqZWA3pJJ60GaQlPbknTRI/JXEd5HXJFwEw3c66JA4QkzwancTiJP6/TpLoCbzKQnk8yNL4E7O6JQbVHxiKAJEqZ0ZakQOO3G6ppMskhrSE+OApFQqJRHhDnOreZKn4FOchMsTfH2lI/gi891JLF0nMxQEf1dDJGvDIc4sDOuR1KQ6B5SzQE9MygobnK1mH6wqJqRGBfpf0oGGgIdiR9RE/XgjsUiwCuKNigg9Ts+ZCYKbcBRJje8d7jDwNoeBFRmZFt64VS9xo74QYfd7+4aGIn3DmGbSZxJy1cOGbPYISxwaOEm1K6ZSZBCV0sKeZ5Bnq7+Zn/VJe47aRxF83tVj0woYTOscGNw3nxZz4/aBvx50SeT4INyI/cq4pB9pEYo4HOOWEGcQB7TfmVOLkjU+6PFuShoDyXRzliNjm65j75bnpJCac+xt2bKBgSSicv77fo8rJc3O8r+EI4FtNWYKw2hImfPYkd2kqiSEv5913EmgYMoS64+vAZ8ulOgT4GmLMoBYIwp/J7l6INJHEHBnw540WAOTNi//pM4Wg5J0mRQCvPwIGEI5yYRbLpP3Eat8UEpOvAR0v0a/RKj8kGsERnTg2l3ogQHae0AeCxIccJ3LTRPRbYt1JTJVJ6jNA4LltAVwQLszD0lOPPW/VLHCiIi4OH2zqgqCJiJqYC1lsnUmMRYco16jg18DloG3ZzwvZ3JI7JfIF4xEXOnTBGDZwdi9c6kbij5glDY1DVEj9BIE9arhwSqQagAACNBG8eXFo5+tJ4u9SpC4khrxbW6RrmL4T53OKpvQGZJYCjA+SCAHuJVjlEGLjiJErTaom8Vx2WdspsmKCLzENUyCQi4FLvRGIFoIh+oViOKVKVSTmkobnWDQE6GlJP/M3b6n7n3UwSo+FeSEIK+ot+pi1/1jPl0niKeywT3IMzk6h3GrFU9D1FqqKiYWIN4qLAAaNcL+IQfyQpH/EfTjPdmWRGMsNOt6QvG8HhCbNE5HDxLXVoXp7nrh2oS+cesIvKQT+S1WLLprEXNjIy7tBZIGYhMn0QsIRl2YiwN7talPnBUXCxMqkSBLzv5SDftQZncQY6H5RhLs0EwEscujwZzSdPY49lUpRJCYbJLrCUN6StPdoOWYrRcEHj4sAMXLog8fYJRytUuUVnfImMeZGylWF+QQAp3Tld9wd8XaJEOAih2MPljhi5cJQo0SdFNE4bxJHz0rMl8TI5BhInVOgiEV7n6kQCPf2drvQVXaR6519niTGFZIU/1GhShBFBF2ajQBpDqhixKV87brVGsmLxNRiw3spLNXEGxjyRi1xzd7G7s4eT0IcepCvDSjXWyk6eZH4IsvqHS6GTw35Hdx4Uen25jI4QbbUmuaugztA7SQPEqMLxnARypumRvt17VbrE0qKAPp8MriT6iCMlUvaR+Ht8yAxl7aoMQNCo4oZtVhI4SvzAbIigHUViyqCs3vlqrRBC8pKYiKMySuLXwSCOXkTSXyCXJqLAOFg+ANjjcPJJ9c8EXnDkpXE/TQSENud1/PeqfL6m8ZcAggJ42JOittaS1YSUzGI7N6hFBqaXWsk2zO5tSzMCO0S5+HaO2dlIfF8llUyun3fdceeRrOZEgTogqmhjO9LI1IgZCExhEXtEhWCBD18vrk8PsuMGSQ6qdQzLQmEWUiMFgL1WijUIQuLiCSZg7etBwLEOHKEIF5ur3pMKd4s0pKYjJOUa4oKOsXd4g3rrWqGAEfD60zfv07N5jZ0OmlJfJilkgoHIDyFDOCFJ8oYuiJvkBQB0oHxFSWP8/xJH65D+zQkxiUPs3I0Fxrn4GiF+TqszecQDwFKnBG8QEEYCu80TtKQmJDsqO7wHjtGEGLv0iwE8P8mLVjsYuB1XF5SEmOZo8ZbmBeNNeErgWqGI4VLsxAg7RQk3rhZ0373bJOSmNpvZF+PCtHKvWmnmoxJV+a+mVWUIgqn0UlqkpCYtzBe/dESWsTOrWzK8a5sfhvWiW8EcZAE7h7X9AUlITGBnyw8KpidP9F0EDo4fxLY4ODOC6jxEpfEhGff0idN0eoBia9uPArdWkAYqUEUTm3dK5NsSVwSkzeNyjdRIRv4+kkG87a1QABzMjWtb6zFbHKYRBwSR5PGhUMSc7W0aSpymIZ3URICZLAkGTbO7pXkTStincNIPKX5BnOcCAUvp8MtPVURc/I+i0GAyxyFKonEeaCYIarpdRiJTwnetl/tmRpn4w09FVU1G5ZhVO4vuAaQG69VMozEpF1dJrJirHM4+pCLy6U5CMwa3F/YS/IHY5xqlYxGYsoM9FaApG4GtnaXZiFwuumEw8DPZs1+yGwHkRjXvCutGnrYBYnkeqsZtQqMli6GSHSOhOSOaKUMInHvWRgVG04iLs1CYKpIPbm7mjX1+LPtR+LeYwRlCAjDd2keAuMs2qawusp1gKSXxF8IEmVEM/ccYek8J9Rhsj6HRAiQOgEvNZJiP5noyYY17iVxNG4OczJqGZdmIsARkPwfFLJstYQkxj+YxYY64fuCLD6LtXrl7V4cnoa4zJKSlQxNrZaQxL3n4GH641aD0oLFXWH5hPGRaL1AVtIVHRNZ6ZxujWv0vpORiVx4fF1fb/RKYk4eEi9lzu484q6VMYGrabP3BBlJ8S7EuFFagfCqsQiPDWNtIg9VPSEfPxMCaJcoyUVSG6JuOiF+9m3PNuPkfoNForfSvDxoq5zE7SExQQtflrSS5Yluz8qGrMRJ3J6tfsLqB1I/pVPiJG7Hdu9hF/ROugc4iZtPYircX2X5hKMFgJq/spgrcBLHBKrGzUgpxqWuswlsnMQ1ZmeMqaFKw8US/+9WO/mMhoWTOAZTatqErKSE32Odw9uws+Ikbu7Wc3zY20Lwm7uKHGbuJM4BxAq6IOCTXMLkkSAEv9PiJG7m9h8SRJyPaXpK1rygdxLnhWR5/VDch7MwXmqt9xWOA6uTOA5K9WqDFgLfiH3qNa3qZuMkrg77NCPj9x3qhN9I00Ebn3ESN2dXCTXCsEGeaFKJuRgCTuJmUAFn95OCAj+vBlE32zRjyuXN0klcHtZZRiIPNCVricJ5OEtHbXzWSVz/XSUP9KWSDpB0ZP2nW/4MncTlY55kRIr9oE4jEUq04E+SPlrf1klc7y0mAylh91zqPAvTgL1yEteXxBwjbrOL3In1nWb1M3MSV78H/WZA/Wx8Iwj8xD/CZRQEnMT1owfnYPLgzSOJoj+tKRBTFNRO4qKQTd8viQBxsyRq+c703XTnSSdxvfaaQuHnBUaN3SThqeYSAwEncQyQSmrC0eFayync2tIERWDpJC4C1XR93hHUzp4tsMwtLOmVdF108ykncT32nSpVpNelPmDnIzWSbomTOCli+bdfXtLNdoxYO//u29+jk7jaPZ7JyEvIPWZlj9RIsR9O4hSg5fjIluZiSTLAaKLzHIdof1dO4ur2mEvcs6aRIG4OX2GXFAg4iVOAltMjVGydNzhCbGUla3PqtnvdOImr2XPevAR7coQ4sJoptGdUJ3H5e4lPBE7uiwQknlXS8+VPoV0jOonL38+jLRn2eEknlD98+0Z0Epe7p2SxvFUSBX6Il+tMcZgiYXYSF4nuyL65zK0haR07UpQ7ektHcxKXt7FY5q6zcrWU6nLJCQEncU5AxuiGUCPqZeMnfHuM9t4kJgJO4phAZWwWJgGkaPhGGfvyx3sQcBKXQwn8hAn8XM0uduWM2pFRnMTFb/TKkq63/GkrdK1QYvHwSk7i4lGmWDiVPjeXdGbxw3VvBCdxsXtOjbn7JL1uWXzeLHa4bvbuJC523wn23FXSQQGR9yx2qO727iQubu9nMFUab+M5JT1X3FDd7tlJXNz+7xJkdT80SIJycperfRYH76SencTFoDyNpBclTW5ZfO4vZhjvFQScxMXwYDtJeKuhjUAr4VIgAk7i/MHFRxgfibF2jOA44VIgAk7i/MHd0QrEUBzGjRv54zuiRydx/iC/bGW61vTYufzB7dejkzhfnEmGTeAn8XOE47uUgICTOD+QcXS/WNIzkvBauzu/rr2n0RBwEufDD+rM4S9M+NHhZqXLp2fvZSgCTuKhEMVqQKVPLnSPSxoj6b+xnvJGuSDgJM4OI4mx8VSbysLwH83epfeQBAEncRK0RrYlgw++wnNZ1fv9s3XnT6dBwEmcBrVJz1wjaVVzeMf53V0ts+GZ6mkncSrYJj60jxVKJHcEFT89k096LDM96SROBx8Z3TkHT2d15i5I140/lQcCTuLkKM4R6IFvtIyWe0g6OHkX/kSeCDiJk6NJCqqFJF0oCc2ES8UIOInjb8DUkk4NCoVvIukJq3LkibHj41dYSydxfGi3tiyWOPh83M3K8YEruqWTOB7CqNEuN4PGOLvUxXvSWxWOgJN4OMQ4uePMM7ukAwKT8t7DH/EWZSLgJB6ONlndqS9HsfBl3S9iOGBlt3ASj474FnaZ+5vlUnuy7A3y8YYj4CQejBH6YN6+s0jaNHCzPGc4nN6iCgScxINRPzaoM7dtkFP43CAVlSfFroKdMcd0EvcHCu80fIOJ0ljSiibGhNSblY2Ak7g/4uRO291MypiWXWqMgJO4/+ZMkLSAObk/VuP986l5BqC+HOAihzbiEQs1cqLUHAF/E4/cIArD3BC8iU+ThHXOpeYIOIlHbtAqloaKusvb13z/fHp+nOjLAXIJPxWch882/bATpeYI+Ju4/wY9HfhJTBl4rWHw8PB7J3HNEeg/PdRqB0rC7EwYkkuNEfA3cf/NmUfSvVaigIueB4E6iWuMwOCpkRybxIAXudm53vvnb+LR9wfHH7K9H+b51epLZCfx8L0J07XiDHT88ObeomwEnMTxED/KLnn7Sjoi3iPeqiwEnMTxkT7PEqXsZOUM4j/pLQtFwEmcDN4jg9JeO0i6zKoivZDscW9dBAJO4uSo7mwXPZ70DEDJ8cv9CSdxOkgpbXCGpJklPSxpjaDcl8ffpcMy81NO4mwQUtqAMzKCPnk/Sbdm69KfToqAkzgpYiPbL2zVQyn5hRBQepak87N37T3EQcBJHAeleG3WDWLyxgcFaDaw5jjVn2R+yTgUuRSEgJM4f2Dxu+CIsb5lz2SEBwJtBtk07woKlpPL+I78h+1uj07iYvd+OSvOuJ4k/JRDeUkSiQmvtNwWXAq5IPLrtWKn1L7encTl7en0VqRxGdNmkBKrn7wYWAepwIRjPr8TqPq2aT94m5NGgDYuhoCTuFoq8HZeyyKrSdxNFSYuitQAGU0IZJ0i0IZMbtWb3rDjCnmTn5V0v/3snmqXV87oTuJycE4zymKWQmusHUXmk8QvorGpXBpXqHT6oKWlvcnO5c9ZRDdv9caLk7i5WzhtoJvmaEIYFb9DbEj+XkkrxlwW53LS1uI3fUrMZ2rXzElcuy3JbUJEbVPldHFLAsMZnItmP+H4sWhuI5fckZO4ZMBrMBxkXsLe2hSQXNCKquNu2kj5H/O76KUiz8WTAAAAAElFTkSuQmCC','2025-04-29 05:11:08.094','2025-04-29 05:11:08.094',14,2,NULL,1,NULL,1),(15,'2025-04-29 00:00:00.000','80976674','Robert Bell','John Doe','0483076722','Engine Service','Engine Service','data:image/png;base64,iVBORw0KGgoAAAANSUhEUgAAAIQAAACrCAYAAACnvjREAAAAAXNSR0IArs4c6QAAEq9JREFUeF7tnQm4dVMZx/8oRZmTJmNERUIaTJWEyFRIqSSVzFIpQyIhEQollKJIJBKapc9Y5lKiqEgpElHRuH73e9f99jn3nHv3Pmefs9fe+32f5z73G/ZZe613/c8a3uH/ziWXQTUwt6QXSZpP0lyS/ivpf/b73/b715L+MugLqvgcA3GZWQMLStpU0gaSnibp5ZKeNPPHJp64z0BxdWjjJwYe/nyXpD/mbGNsjzkgOlXNZD9L0jqS1pb0Aknz2791TworwjWSHptmtpaUtFyP//+nJFaYhw0kNxpAHpR0cZWrSpsBsYykNSStLmlZSU+U9EpJC/eYwDvC6nB5+P/LJPHnWwt+uxcJE/1i+3mhpAUkLSHp+ZLm6fG+eyT9QNLXJF1gW9FYVok2AOJxQamr2cS/xpZ7xr1Ql4b/FQByoaQ/2KSzvP9Y0qMjngn6BjDXstUEoC6deSerx7tsJRlxV2Yfhpoo80p6m6QdTNG9xnitpFk26TdI+mVCiniepM0CMN8qiT//PawqnwgH2CMlPTLKfjYREO+RtI2kl5ni+OZ/RxIA+IWkSyQ9NEqlltg228nOko6QxMH2SjvblPiKzqaaBAgA8BlJq9oQ+fafHP7+9VF/q0Y2O3MaXtFWs8UlXRTA/dpRvbMJgFhJ0vF2JURPl0raI6wSt4xKaRW1yzg52C4WtpB9w7X3qFH0o+6A2ELSl80mcLcktotzR6GoRNrkFnSe3YRYJVgtSpU6A+I4SXuZNlgRThzn9azUWSjWGGNm7Nx+uCJj0yhN6giI5cO17DQzHt0paWNJt5WmkXo0dL4kVsdPZb4UpfS8ToDAYsiW8FFJv5P0WUmHl6KF+jXCeYIbE6vDOyV9qawh1AUQ20s6zAw290s6wABRlh7q2M777GCJPwTfSimrZOqA4JrFiZrBI5h0t7MrWB0nsew+c+vA53KqrRRDt58yIHAsYZ3Dw4jcZJa7m4cedXMawBmHqR3BLP+tYYeWKiD2ty0iju/scG54u5lwhx1z0z4ftw62UvwhQ20dqQECdzGHRdAeBaPTnk2bxZLHg1keB9k3zQcycPMpAQI3NH6Gp2ZGc2DXSjHwQBv+wVUkxa0UP87AxrlUALF3cEcfm5m0v9r9+vSGT2SZw9tN0gnWIGF9AxmsqgbE083qtm1GM7h6dw1BK18sU1staYsYTiK0OHNxGyssVQJi0bDfXSeJgJAoXCsJBindRl9YM/X8ANsuOkU4U1xfdBhVAeI5dgBaoQsMm2cGVHQs/vxsDXAo50sFGABFIakCEASwEkhKXGEUrG2EtP++UO/94V4aIFbz58HPwQqM0y+eK3Jpa9yAIJSdq1FWfiNpa18Zcs1X3ofeZGEBf7MtOXduyDgBsaOkz3eN6AHLd7gq70j9udwaIEB4TUmflMQtLpeMCxDcIjj5dgsdxqjiUr4G1rO0Aa6fhODhIZ5RxgGIrcKy9QULEs12iBhIMphcRqcB8jpeZyvzTnleM2pArGxxgN05EJuYVTJPH/2ZwTVAzke8emLzmTF1cJSAICWO0272NsHQ2M/Y11zGowFsOnwB8RzHMIK+bx4VIADBz8JStVTXmw8Jfz94PHrwt5gGCCP4kaUMkhE27Y1jFIAADFwtOdRkZWBzqk/t0BogJ5X52N2Ckce6QoDGdbve+P1MoMvQo/MGCmvgDZK+Iul2SViJxwIIPGzcJrKOKl78K0kbWQJt4ZH4B0rTAO5x3ORYiq/o12qZW0bMF8i+694Q1vXSkHiLNdKlWg18KHBSfMSy3PoGHJUFiC0thzI7ZBJqyR34YbV68LebBuCi4KBP+D4Z5T2lDEAw6cQuZG0NOKl2Mb4Fn5F0NEDiM19e8jp60h8MCwiQRqr9M7vG7LaGdECQ7QmBR6Q8wjPxwV5dHAYQkG4RjIGdPCtkV5F76JKeBshz+a2tDlgxp8gwgIBdjdT0rJzT45aRnlra3aNokwAczGGHDAoIDiccUrJyVmBSw4Hyj3brO/nRE2vJXEFXdEYZgCDjmEicrGCM4kUxiyh5rbS4g4TVcfPDUEWi8FArxDGWgZ1tBDM1h0gifl3qoQGoFf8ToqqyMa0TPS+yZby5xxIDlyJg+Gk99OC9NA3AvcXqgEe6I441LyAg24RAM+u9ZJvYz5jRXNP10sA7gqnglJAHSuwl54lJyQMIfBTf7aLDg87m1Z6WXy8UZHpLDi0XA0DRESORBxAnGVdibA/iTLgTIftyqa8GuH5C5/ySIisEcY/Q/D3BPkTOJYYnvJou9dYAnJ7vtvIOk3mg060QbBXwPWftDXjJSM93qb8GoFwgYaoj5W86QOxjcXhx6IeGoiAH1V8PPoKMBkjkIazx6Phv/QBBhC5x/DDJUxcCk/QbW8ID2SbE4KWGC5xbx4T0A0RMGOUZMrLhhnSTdPOgQjYdVQNgsesLCIqJEETBQRKuBj7ACuHSPA0QkQ1rz2T4Qq8Vgskn+ZZCYjg/IPtyaa4GKBxHdhfBM1O2jA1DnYlv29jJ8sH4hAHDpbkagPHvT8Z12QEIjBTkWlJvAtQQkOlJNc0FQhwZrPrrh6Iy3Co7APGBYLn6mD1F4AT7ynQV55qvqnaMkJILmLC5OEwCAtYR4vahBCTVi8SO77VDH60f5eOt1AI3jVkcKomNhMiDBBsOkjCrcx1xaY8GoESGOuAUAMEt4nOZscOfTIKNS3s0wFGBc+N+AIKbBKH0yKusgGh7VOEjRQMEPxFjuWG0Q5AAiomaPEyX9mmAxB22jefmiYdon3raN+KnWEzs5ArRPhX4iLs1ANvPUb5CODCiBjBd3+6AcEBEDXDTWN4B4YCIGiAabnsHhAMiaoDMu0MdEA6IqIG3+KHSwZDVAEk7B/sK4aCIGsBaeYADwgERNQCH5YEOCAdE1AAUQ9s5IBwQUQPwRTzmgHBARA2QsnmpA8IBETVA3u6eDggHBBqAOAS24dUdEA4INEDkNcQhizsgHBBogHSLjeEld0A4INAA0VJEy+3ugHBAoIGHrRrwmQ4IBwQVlcnYI672DgeEA4Joa6yUEyUTHBAOCELnYBUkHsIB0XI8wBBESWjKZsIm44BoOSAWttqqBMdQKM8B0XJAkMZ5qvFVTmT6+xmi3YiAb3T+bI0TB0S7AUGpixst+39CEw6I9gKClYFCbITfT/BLOSDaCwZGvpWk8yR10D/4CtFeUMCCD+XkylkVOCDaCwhS95Y2huJJLTgg0gQEZmSK1lAGiep58D9RqvnWErtLNSRqb8E26IAoUbFFmsKRhHVwbfuNYYhqA3B7MfEAgf9fsKtRyhfAITqryMumeXaBQENIKe6BKuqU1IdWNQOl4/YWmsYkU6TkyTk0wCRdHiKYrjXOJ35Tz4ziq2UK4KJ4HmC83VeIMlU7uy1IXwlDg6OLOhTszb0EN/Od4Zt5m60K1xgb/QPh1H9T+d3q2yKFUzhDQEPZwUXqZ4jBZwF+aCoOwQK7eqaZu4grMIMPNNFQRN8w+GtG8kmK521ByFx36w6IYvomOnkHK00JLxNC2YirAmHX2VaOqmMJLtb82J4mZO7PgVcKp1aHOCCmnwNKRED9S43L5azwKUSvCEXoIPukDNXdY5vKcl5E0d2PS6IuigMih05fHw53G4Rlf0uz5PER6pRyyofymb2/rgVluMVQWolzxEQMRFZ8hZijDc4EuwQS17XMAxj/5/xwJTzR7uxcD+sukJzfYoS1gNwB0aUDiN7hRuCWEIXyx9j5j7VbQd1BkO0/zMVsdRi+OPw6IMzLe6RVknl2RiPkJhxoZa0na1k2CQ22VXw4VEti3JTQajUg5rEbAlHG8ZaAQqgahJIuNLtAwzDQMRzsD6yGHU6t+ERbzhDUhNgmFJY7oqugPVbBw43wncjjNsgFNkjsEFOkDYBYRhKRQZtlRk/VQVaJi8yB1AYgxDFCYcxNicCYVgECsO9klWufYSOH8Z/a5dS9poBp22Rus5yS3PvpNgECpw2Gl00yg8aZs1evk3WLUMEXg4rNXLG/0RZAcEt4f8aF/Egw0+7WywjTIiDEoeJ8Y5tczYr1NnrL2DSMjqWQmIMoZ9oWQV1KF2kP6IuDyZra7j0trU05VGJAwlGzmM069DjvNeOSA2GOBii2h4563jB4rM6AwCZPkCg1J6Pg28fpRAAp5SZdOjVwnbnlOWz3lLoCgqsknjoif6IQH7hrv73RkTERsXW/nadI32sMIDAwYW3DHY2wF7I3kpZGUKpLbw1wxiIhZ0rYXPbxOq0QrzDzMr+jYGDZOhwcH3QUzKiBk+x2QXxnX6kLIADBGRa0ymCIR8BD6WUlZ8TB5AOE8lGw94C6AwJHDE4nhJWA6KVz8uvBnwwhfhtJujjocQ07VNZ6haAEMcIJOWtj8JnOrwGCfDhUEgU2raS+ZVCYnvwGhNhGbhIuxTRAhBTu/R2Nrba2gOA28VXjYOYWgS/CpbgGsNaSJkCE1IxBP6muENgZSGhBjjGrY3FV+CcAAqRipP7Hc1gtVwhqN3CzIMElmwTjU1xMAwTR4ubHqZVLUlwhsDYS5Yys4FfLXPPY6yHIzKmSg90BpphckiIg4upwfL+onlwja/dDJBuTJMyhvGdkVD/1pAaIeJDkNsGtwqW4BuYLOafklBJQzLZbKDIsJUBsntkqcGX7FbM4GPjEyZaAvF5guL+naBMpAYKIaAJft3VLZNFpnHyeVIJ9Q1TUmsZQW7ihlADBwQeK/nmLLnOFR93MDxwi6SCzNwzMNZEKINjrOExe0hUY28ypK39UpBhgniYt8dxhmk8FEMRCstyRkTwlRX2YAbbgs9wi+NnfLLtDDTk1QCxrpuqhBtWiD+OfwKzPdhEzsoYafiqAOM3iI4nmIbPIZWYNAAbY7NhqiSMtRVIBBIMCDJBgucysAaLMya3YR9L1Mz+e/4lUABFjHlLpT34Njv/J4+wmQRbawLeJft1OZQKiZ5MzhEtvDZBPQXAxnmByTm4ehaJSAQRIx1c/bQDoKBRQkzYXDdyXnLNIVqaKHhxRI5FUAAGFD2ZWLGwunRrA/U+mNqEAWCFHBgZemwIgSFGH2oboKNDvMkcDOPs4MxBxjll/5JICIKjsAokm7u6xDHrkWi3nBTj7YMDHUNc306qcV81pJQVAcNW8N3QJayUGFpfZeoAxly2ClXNskgIgYIuHNxFvJ+bXNssS5r4mf4JEZjLTxiopAALHDDmHhNvDF91WgRXvhBDlRNg8DLqV0CWnAAhS09kj2TNzRQY3EDFLWfwjFXMorlqZpAAIzK/smZQaIKGkbYI/Ar4nSh1Rg7tSSQEQZCXvbDQ3JKS2SRg3fglWx7GfF3opOgVAkDuAyXrJFiEBjifc1QtZQBDlCpKQFAABATeGqZ5Uu0loqdxOYJ4/y/JNCCbmyp2MVA0IKIehDcQS15f3KBltDd8RtojD7FZFYMuMuZbDv7JYC1UDgisWJYk4R1CroqlC2UXIOqi/uXcIJiYBN0mpGhAwzZLVTfTPlOouSWqseKcwMuGcosY2uRJll1ws3qNpPlE1IOCdxsdPUY8p1V1KHWk1jcVMNBxUjDV5qRoQ8FGzVazaMA5qwgFxSsGUt3udCFSrBgTZySyjK1np4eS/QTk6SOYZBiaChTk41ipouGpAQGZBthY1sOsugBpW3XVsVYiUBrUaV9WAgJSc2MAZybAS1yrlnWF5u8LAcGPi/e3bvSoBQWAMNghuGdlqN3XSJdZVsq1ZFSKbbp36P6WvVQKCgumw1uPYIjimbkKZAWpzUM6ROI7cLC0pD7RKQLDnUvuqToExrGqAF7vJfZZt3SgS1SoBsa7ZHqh+c3TK3xrrG7cHGPGoB87K0Mik5CoBASkW6f+pZ3wTvUR2NRRH3CIIfE3KIVXml6lKQHCQJDAE7uqxRRUXUB794qC4igGBa2TpqXMF+jOWR6sEBH4MCoJhqcS5lYLgb4iGJfpDSSJuEbDvt0KqBAQhc1da6UQKrVYp61v5Y7YvWNzwPQAEDr2tkioBEemL4VIkUGTcsrgVX+FAy+2BKOfT7dbz8Lg7k8r7qgQE737I6kABjnEITjQq8HCgjaUWWAm4MZTKszCOwYziHVUCgvEQA0E+J4Ejo3B/UzgEXwkJs7jYYXglWZZwf84v/Hh5pgyyqgYE54hZFjTCN/aBAVFPcRBczbQB0fci4SCIfyEKVkRAgJn8sgHf0YqPVQ0IlExhdg5zVMyhJDPfWBJWiEyGJIPscPoJy0wswEZIGpNPXuiKkuBPyMrVVuOaVQenUyQkacWkDjPIFABBoC37OAdL+JmRR40cgxP/dMIZBN4ECpzjYeQccG0o5NraQ+EwYOCzKQAijgGyENzg/AAMSLsBC8Kks3LAoIJNACBcNezg/fNTNfB/6NTySnfglOAAAAAASUVORK5CYII=','2025-04-29 05:14:00.313','2025-04-29 05:14:00.313',15,2,NULL,1,NULL,1),(16,'2025-04-30 00:00:00.000','33794215','Staff 1','Testing Code','111111','Replace Speedometer','Replace Main Speedometer','data:image/png;base64,iVBORw0KGgoAAAANSUhEUgAAAQYAAAB9CAYAAABAp82KAAAAAXNSR0IArs4c6QAAG8lJREFUeF7tnQncP0VZwB81kg4TsTLT0FRMIw2ptEw8CBEPjKiMoMzMow9hdJiJeZUiWCqHqOWFAhVdElAUHVga2J1UBhWhGZKWKHlVYuZ+YR54GHd/u7M7O3s9z+ejf973nZ3jmZlnnvu5lTg4Bm6JgbuLyCkiclcROVNETnMEbQ8Dt9rekn3FLRh4q4g8PLT5VxGBUDhsDANOGDa24R2W+/9Rm31F5MoO33mTFWHACcOKNjPDUr5aRN4V9fNMEXl5hr69iwVhwAnDgjarwFQRIRAlLLxeRJ5aYGwfYkYYcMIwo82YwVSeJCJnRPN4h4g8eAZz8ykUxIAThoLIXsBQh4jIRTXz/EoRec/E8/9ZEbmziLyhUo7+0cRzWf3wThhWv8VJC3xadfl+oeaLo0Tkl5N6ytv4hSLygtDlm0Tk+/N2773FGHDC4GfCYqBOlODvcAtwDVPB20XkIWHwK0TkvlNNZCvjOmHYyk53W+dcCcPlInKfsITLRGT/bsvxVn0x4IShL+bW+V2dVWIOHMO7jaPV34vI/daJ/vmsygnDfPZiDjNpUj4yt0dMpPTjjH5CRPYMCPpJEUER6TAiBpwwjIjcBXb9nSLyq2beH62cm24Xfp7KMnF7EfmQiNw6zMMdrgocLCcMBZC8oCFiz8d3Gnn+CSLyaxOs5QAR+Ssz7jNE5PQJ5rGpIZ0wbGq7Wxcb6xiwRmgQ1VSE4XAROdfM/Ijo59ZFeYN0DDhhSMfZmr/4YhH5T7PAf6hEC7gI4Ker/8OfoDQcKyKvNINONY/S6550PCcMk6J/loPb6MoPVmw7xAJAjIBrKA2nVjqGHzaD/pCIvLr0JLY2nhOGre14+3rjsGv94iwReWL759lbnC0iR5tevz7SOWQf0DsUccLgpyDGgPUZiP82xXm5JArimmIOmzsljuTNbXnrgomVIGZC4RwROTK80rzWpYEsUvuYQf3MFtgBR3IBJC9siFeJyDFmzheLyEHh5ynOyydFZA8zn6kcrRa2jcOmO8VGD5uxfz02BmKOAeXfcRMRhr2qsT9sFvy+kKR2bBxsvn8nDJs/Ap+FgNj78YJKjDhsIsJA4BQBVAqXisg3+5aNjwEnDOPjeGkjfJ2I/KWZ9H+JCG7JQGkfAkKtCblW8GxShU6TE4ZCiF7YME0mSxKkkCilFHybiLzFDPYzJmFLqTlschwnDJvc9tZFk60JS0QMpRV/Tw6p3HQepTmWVkSttYEThrXu7LB1PV5EzpsBYcDL0QZMOWEYtq+dv3bC0BlVm2tYJ06U5hggBM83mJ8q9Htzm++EYXNb3nnBtlSdflRax3CCiDwnDP4xkxui8yK8YT8MOGHoh7ctfIWTE85OFkqz8kRVEl0JkDTmi7aA+Dms0QnDHHZhvnP4t8ihqDTHgH4BPQNAFqc7zhdV65qZE4Z17Wfu1fxJ5FD0rSJyfu5BdvT3myLCmMDVlYXiKwqOvemhnDBsevtbF0/S1Z8wrUorH/9RRO4dxv8XEblX64y9QRYMOGHIgsZVd2KtE1MShrdVBXcftmpMz2hxThhmtBkznYrNz1D6vPxHpQD9koAX3LS/YaY4Wt20Sm/06hC4gQX9sYg8NKyTQi8UfCkF/yMitw2D/WlVcPebSg28kHEeXcW1PC6IW+TmJHcFuhhydVL4t3fxXycMCzkBE04TFv7AMH7pYi//bQrNeDHbmw/BXatann9QFRr+qg7nApPvm1PT4Tlh6IDZjTd5aVUJ6lkBB6+LsjuNjRqr3yjtQzH22ob0H4fGd+mLxL6Ym6nR8e9tHzhhaMOQ/92mlCc3A3EUJYBU9S8wAznHcDMyYq9UzMqID58bzLt32LFBV4kIiX13lgJwwlDiiC97jDg/Q6kzQ6k8XkaFv60KzXztslGZbfbk5CTTlsIDRISqYQoUDuJ/h4rIgxpGhRN8iYh8pO7vpTY5G0a8o0kwMIXJMiYMKNIwlzrceNlRxirs8kj9bhH5qaouyH41iCPfBU5knwVOGPyYdcGAJQylvB9jdvkaEblLl8lupI3FDxef178NYmJL+1oa4IShDZX+dzBgCUOJwjPIyHg9qg+D7kJpB6s57/67TPnA91eixZ07TjYmDqTOw+R5C5HCCUNHbG64WV2hW/IijA11+SDGLKx7N5M2nxJ4+ATMGawZmXl2zVVRZ9F4toigc7gJnDDMeevnMTeqXeP9aGHMC8o4lhh9XES+IAw+Zv1MGzB2UVDczWMH6mcRW21SanpCHEjfdxvT9cnBN+JCfueEYc5bP5+5xa/32KZDe+jRtu8fUDHmuNj2vyyMk8Kad90lPBPJto0nJ8T280OhYFtdvGtftIsJQ6pylsS6FAvWDOA69g04dsKQshXbbGs5BpxjMF9S+IWDXmvqyoAmWw0LLkHNltjg75mh/7ouLPHLpeiE8/nGCk8/VqMv0TnAqUD8/qyKHqWAb1cA/+gZFNib1BKC4BXT58HRoCc5Yei6DdttZwnDr1QFYL4roOJ7ROQXR0KLfQ2fLiLHh1eWqlS4Afd9ZZumi4sxSWkU/kJEHjhgbbzCzwgEYZezUTzEdVX+i98PmbGpodFGeOMCxOSrIFYiBdTfAXd3hY86YUhB4TbbWsKAvZzQ5ycFNhhdwxhAoJba3XkFf1REjg4DYanAvTcnxArWPq8v8wFXZwQdSd38PhVS1FHEh7a74G+C5ydBbE0EIs6wBc7wgEyFWCy51glDKgq32V7ZbMyFXCJ1VebScolyAtp1RAbgPVXBmftXl+nHzZhjxEwcXnlVnmsWgVfhDyYuKi4GrJ+/V0SeGdYEwftfQ+CUlUc8+sKG8W6hFDRtYmLGn1LNuYyPizvcn4UXOWFI3P2NNlfC8OAQgHOJiHx58JrDey4nWHOaVajpHDAlah7IXOPCAfHSK/xTx8hF2jPfl9eknUNv8FoReU2HScIF8dp/n4g8tkYfURffENf1JHfFnQIhZUiqhBMmjyhDrkxEMIju54WfsfTQPoYbCK8Thg67tvEm9mXSF8mynrjc4oXHgfu/kLSVQ7dnJQLAMgMcTkKoCfJBGYdG/trgOEVFa37mLF5f/Tfp5AjcAj5QhXz/YdDkf3v4HYpPuJRbh5/pExZ9j9CH/h5Cgjnu02Ec/pvf8T/af074l5/xqPwas8/MDccfvmVO2if/6n9z8e5rLqJ+juLyn0UE4sIYewe8sH7ySUBQwY0CafExydIva2Ce4JJvm4A8FbYPJQTgYghAFE4RkeucMAxB43TfomTSQ8rBxgRGFWgOFYeDw8z/YFHRXnMo+RvtOFR8w+GDTac9h5D+OOxcBgXacwDVpIVMy9/pC087/oUY8KJx4GGbuRgcdlynyQPAoadaNg45jMNlul0gGvwMUWAO+pJNh9X8IyM2aKKZ/L3n6xHODKJwU2IXJwz5kJvSExcbhRIXlEuHIorLy+XiBYXF40Dx2vB3MihxcWnPZcJLzwLaeqIPY8B7L3ZOitug4bdmr/jvvKQk+wAYl3lAHFAI/kj4/e+JyKNSENDQNpab7flkLORtoIuDFYSSF7gLoMPALVgBMYD11UHclja/E0yNKEXRFUDomDuEc5/wM+w8rL3CvmG/u8wvdxs4Lup0YCI9s05h6YRhOMq55OCRC42JixcUmZHLzu85nFxsFGm8qFwstPsouHhNjwibA2Hg1eQlJr8hpiv+zouN/AhRwAkHToB+SoFeSAgIcipESMH63eeoOREr8L7UmCZt+HduRydMhNaWX9d/rLkHB5dX3NITw34N2Q+yX2My5WwgakFYIDDK0RFuzvnqAp+o9BSYWwEIPn0hfgEoPyEIeHbuBCcMbRi68TIcEDYK6o+SCLxBBHjVtQgK3nIE/gDIl7DUyNhcZlhwLjkXHMKB7LwU+LmgVa/Lh4DMfGlYCBwQsjpiRF+wZkoOtZX76dM6IeU8u7Fnp7V8wMUQvWgJByz360f046jDH0pOFL3odBR4+bF49M7t2LRROZHb9zBM/R2aWg4GLxKXHOqMDPzIUBINGRjArgzlhTWHReQC8JojO4NH2H/kd9xqqYUA0aAdf9P/af/8TLk1qDuvBP3ABXAZIByIC2rWQlHG/PiGf1GKwTUwFjoBvme+cCSMBwfD3FTBRt9wLXynF4C+mB9t+J6fGZOx4VRQniloDEGTyy1OTkeFxkNiGeCcfsOMW2d9sBwKrD6Kshxgs1HTn459moig9ETEA+CasIiwzqkAbhQCzD6x56PAFggDbBpaZmROnGRg2ZTdRzk3VDmEHB/L/Ls2i5cVImMBlhml3BC4QkQwYeUAxBolTBAdCA7cD7I0xIi/Q1DgIuCMKEoDCwycGi4s37fmFjSTRbTCPVfhIRVxxixqwZoyMQXiFZkD4twP7A/EwupNco6XY86j9rEWwoDmHVkPuZ5LCoXnpeeF7rNG2H7kfAXk6suinYBzgCjwcvNCo5CDA+BA8e+YgOyJYhIvNzgC5FHWySWOzVjxPJA5yQBkI+viNhBPCCpyraZTUw4kbosLLu3rQD32ELN43ZgjHBacC2wwMjo4tCIJ/TR5HvJagl8F/CpwHR4CrNHqTeK+rgyKyN8aMsjSvu1zaUqtkQNMVB1aef7lsqLJ1YsPEcDeraxw27w4wJQ54wLDHvMvZjZV5HFwR2PN2iY3079bKwGvM6+mBXQAiCBcLpyEcNAB4CjQF0Ag0cvsyt/AvrLX1oLAi41lQNllFZsgKHgkKneCzwOpySAW7G0fqPMg1H5OrDik54QfOG8UvEHHBCHkPDG2zbXYZ/xZfjM1YQDZBwVNPJuNYwwvFKw+EGfwaUIiF5pDiAyIyYhDyWEiLx4scMy6z3IzZjgpe2m6pHSzykOWg95FX3g4GRS2iExYXuBu+JlEpppvwaIAPUpXcyPfQehVl2P74fdwO1xkOBTOFgSG/lUs+oEa3JOvAMcs3L7hatBB1QFnDp0ElozVPCylCANyPNQWhR5sI4dBvdtS7gOXHAUddnPYaDbsz1M68LZJGLDmw66RezFx2OW/jwLxFdGMXhR0GehdOCcKnCHODCIOZ0h1Q1x89UZMWlzmxnA+xwYCkbnr8t2NQRiQ61HaEIXHi8/mtkWS1a0cys6lJ6MMJjEIAbKqQzkM4PzyvTtk/rqZwGX8UpSDsO6c1fkFEHOA+a0NOAuqrCUU/MiWD9RPIG5GenUbbqx/R5mq+hGsJYgpcDiISOiymvQ4cAwl0t614Wfw34cShkOCDgBlGIogPLu6sv/x5JH3z6vkx98Nm4JXVl3ev8GL9g46Y0Dj/VOzA3EuSE5itfpkDNL+0FdotiSdDKy7mj3bJoj1hRJtmjUabtQqi9u+x5z8fBPKHbe3jlVNxA8xiNqREEIFPETJirR46EIYWDjKP2R/lQVRvsAFdM1MGyMK2Q67OmYi/lVl4OIRurIFqH2fRKEkDI2BkF1eVs5IXESVS0OsRJeHok8otTVvpnyPyfrFO7jYFCKIZQjdC7jBua1Ula7Rj5kSBhQrsIxq5kPzCjXGpDVUflO7PUrB3w6WAKg7MpnDvDGgHFt88eK0YroKFHDofZRI1IkLdsWquNtZLq0BRcdURAcdiEJbkhK4BEKr4WwVUBqilLQ1GVIIw7x3b8DsIAxvqEx2Tx7Qh36KTuDvghUAzzn8tREHYvt/hqG8iwIYsJfaEoYmohBPiQuGvgnLAg8OcSD8N8SAv6E74qEYkqaNc4b+AGjiGvg7XIIlPuqbQHYkmwSGfvCLsMSjAKrnNwSEIXYH3TVLqCumP3z/2Ww83zAB8S+slJoZ57dSn1EqBqz7sa1ZwCPCYwLgmYgvAbEkAD4m+DPsAjXp8Yjg7IRzViyGdJ3ry8LF1vZWNIaAwebjwqy6iA9VisOTKpGY+A+FmKtJEUu6znNx7UAkiTZRxGDXRfOKKRCqCYXn0qNL0CCN7MEai8PYdiasFyb2QrQFVet0D1pQFUxhmQL4Hd6FbYlROV8ooSEaPDacQywBTYCMj8Ia92lAX/v4shNRiFIb3UIcnh6LJF1Culd/CrooH1ePBF9gLQaUY4ijKm28QmoFatXgE0AGlwHh4OKjqGwCTIVceBTViKV/HVmr7HzwaUB3xQOnAGGDUDS5NMeej6l5E1d5fJwwrHJbsyxKA4tiZVxc4oxLB/s9FLigWDCwfhHLgTkQAlIHzA09Af4SmC5xkoLDtYBoCzdR56dg2xFSDSeh4KJEzwCjoQfAv18GBtTnAD2Csuo689i/ZCz2G18HktygL8BRDl1Bk2uyxSrcAXEb6BTa4NdDaLUTBoMp5xjajs02/27Z6zrzHcVUyFVgQXMGjqWHQtzApA6rHztHxbtEYBycjM383LST5Fb4DvNHFyWcY9jmre+wahx1YMOBuqhKfh/nMOB3KKtRXuOwxks8FPCcJLiuyc8BUycRnyg2ieXA69A+drjUXxwsaQTU1aXEG6M03dB1T/69cwyTb8EsJ1CXMr5uosj2TUlTCXbj4vIi48/CpbQ+C3jTErKMpQK9AmNiytTQbetqHI/98yH5KspIm0quzaEKEQOihW4CkztFZig2o8DvteLVLDem1KScMJTC9LLGgQVXf4S2cGsu43EJyUpjTEAsurhNYwEhNwJes7tyZlpOhixS/Aw3oSXvdHz6I8bHAkQB4rB5cMKw+SNQiwANne5aw5GYGRKV4uOwq9xaKrbhOhBJUh2gcL/XJL2aVBbOhChMHLSaqkKTQh5vzBKAxYXwcYgXfha5S/0NWoMThkHoW+3H6g3bJ027llsjNoGMxrtEApLrEFKvVZdwUQYgBMyhT4FWvmdM/DAsJ0J0J7qIA0PK/qbNg8MglPv8xJyVKYeB+SEOkYFcAV0J+TL7rjll/Na2ThhaUbTJBk3BU32RwUXA5Eg4cykv2qYis/EaIEDMqw6I50APQar4XECCGYihupHbfvsQ4lzzukU/ThhGQeuiO31dFXH4lLCCpTv7tCkjyemAvkIVjieETGMQMlsHEmcpaoU8t6HiV8qGxw5i8bek44+rT6f0n6WtE4YsaFxVJzbPgQ2eWuoiiYV4XrB+8FprdCcKVtLhk45NS/DxihMkSGDXU0O2JqwnFsgfQhAZ4gZ5RVPhjaESGd8hrsBBxentiEFBrEhJv586j53tnTBkRecqOlMxYjVpysKuoG8g0VCcsNUShrp09DhT4VZNwlgbg0GtEnQimD/P6XiJ4QTOMqcEHw1MuXWczZDiPYMPohOGwShcVQeUYaOOIzDpwSyIVRtG3lanAu4BMYs6nVqhTKeK9YNMTrvqT8ABqNdm7FFKXgjCyC1MljTGCUPBE7iAoazCrq5E3AKWkDxFK/NjxuxiNuTekKoAcUNzPejAcBLkryRREfoCzVESR3HWESF8R2I37q4m4+SF7/rACUNWdC6+Mw2cYiFjBUbNDUlkikbXAOCBGedr2DVfdBHgCe/PuAAv31Hu4ORQso/iNGq65Xcky62DOuUk7U8PuSqK4M8JQxE0L2KQ+EXbytmw68YTkiQxqUBuVOJLyAyFg1cM5JSwv8d/AStHE9QRh6K1M7ey+akbvcX2aMKfFRa+Ff0Cy7U5LMl+TkXzvoDVAx0ErttaITvuizyVKB3bQsLZC/bEAqIJPhVjRbDeNJYThr5HYF3fcSGQiVUxthUxgl2kcI16G5Kzsi4CM3W38eQk+cuuJDFYJ7jgODWReaoO0DkQ3m6tIUWIthOG1C1fZ/uYdcW0R7zBFoAAKyUGEMZdAVqp+IAbwWFsV9Zp3MLPDlYgHK5igDiQcNe6d+Ob8ZrUyaS0d8KQgq31trVOTUVl2RmgFJZfxQdqY2JVyAm8+CS26QKYPElaiwMVuS0UYj+H0X1MnDB02a51t7EvJivFRg97uxXomnuiLz40IA0vSVyvyTFZFycR90+uCUQclJQkwIV4q6gH0YAbGQ2cMIyG2sV0bMUIXiIUYznZ6bkjgvIImGmB3C7g5KfUmpqWE4MwwAWQocrGZHTFFZmq1I276zdJ7ZwwJKFrlY1ho1WDPpmn3cSY1cvblKeh7/RszYq6FHlUzcZNGu9LcjN0AZSPWD3Ikj0aOGEYDbWL6JjEJBeYmVLi3fryL2IRAyeJUg92H2ircp06lM0m1ZZk9h4haAtFJdW794oGQ/9APk10FnG8R+q8Wts7YWhF0aob2DJ0HDYcfMgmtCUYU5TQgDQiOptyPtThmuxOiHiYT+Ho8HmAUygGThiKoXp2A1HsFWcbBU2BNruJjjyhsQiDVWoW8T3IiScnDDmxuay+KO5qHXB2+e8va2Xps9WXPed9ALfgGHhkVbSnzkchfaaFvsiJiEJT9mEyYADdAglDrNPMVjMkj2WuVDENMYLYCPJNLgacMCxmq7JO1OoW6BgN975ZR1hOZ2MQBrJmXxNQsEgRzQnDcg5wrpnWRe5hE8c2vlXILUpYb8dF5s10wrC9q3BVcOTRlWONwNFmVxjwmrE0hvLRejvGVbgXgUsnDIvYpmyTJHUYKcQsbM0FOkZmbsLwWJPebTbp4FNPkBOGVIwtu31ciHaR8m/mLcitY7ABT+RUIHnL4sAJw+K2rPeErfmMTogPwAW4LWFI7wEX8mFOjoEEsR83605NFTcblDlhmM1WjDoRXjFCf/c2o3RNfDrqxGbQeU6XaJtxetHcmBOGGZzMkacQWyHwwoNQzKJG4shr79I9NTapNAW05WJs68+agRdpjdAFOmFo2+pl/x2iQPFU5RTe0ZJNaNmr7Tf7XDqGh0W5GNuCpvrNttBXThgKIXqCYSj7bvUHcAoURMFc6XAzBmwy2P0GcFLg9sTQ7egZlsbeQCcMY2N4mv7hECh9RqAUsLggnoJos8pHslld3WNskrXCjUFYgONNnESP7qb/xAnD9HswxgysyWzRsu4YyIn6tFmW+mZwsnocYiKOKJHifUzcOGEYE7vT9o3PAoCs69CMAUtE++oFKG770DDEKrJgOWHwK7N1DNh6kX04BlKzEWtCxqWPRTUgFotbJwyL3TqfeCYMWKtEn/vw/qrGw53WxC2wlj6IyLQf3o1jYBYYGEIYHi0iF5pVUNz2lFmsauAknDAMRKB/vngMkKCGSlDAt1S6gosTVmQdmlahW9C1O2FIOAXedJUY6GvBsdYMELMabsFFiVWec19UIgas8jElBD2OVF3VI7uqxSQeCG/uGAAD1gehq7nS6iXoY3W+Ik4Y/HJsHQO4MePODBxmkqw04SUOSqMquE2quwp8OmFYxTb6IgZg4IyqshPiBLDLj4HYk4OrYrIoHC2sjltwHcOA0+SfrgYDljCQbYmsSzGQbp/ak/xrYVWWCLsw5xhWc759IT0xgNfiseHbT4cwdWpuXCsij6liHtAnID7EQGFZAqcgDqsDJwyr21JfUCIGiKh8b8I311el/fB9oLLUoorIJKzRPR9TkOVtV4sBoiHxZ7jfjhVS7JdgKZSVl64WE2FhzjGsfYd9fV0xQE6FQ4PYQBl6BZKunC8i55YoP991smO3+wz6KPmh9eo+ZgAAAABJRU5ErkJggg==','2025-04-30 12:08:38.946','2025-04-30 12:10:33.105',16,1,NULL,38,'jobsheet/undefined-38-16-BoatJobsheet.pdf',1),(17,'2025-05-13 00:00:00.000','24247477','Robert Bell','John Doe','0483076722','Deck Clean','Deck Cleaned','data:image/png;base64,iVBORw0KGgoAAAANSUhEUgAAAIAAAAA/CAYAAAAoosBrAAAAAXNSR0IArs4c6QAADClJREFUeF7tnQesLkUVx/8EG4oKqETRIMKjWLFFgxUSoggKiKJiLyiCDbCGWIkVK4qAoiAWsGMBK1hAbFjAFitiAQtBRRGs0f3dzJBzD7Pfzmz5dvc+TnJzX97Ozs6cOXPK/5yZu4GuprXMgbtIepCkm0j6vKSzJV1sJ7zBWp79ejq3bSQ9RtJLaub/dkknS/oSz+csANeUtKukB0j6maT3SfrTerjoO1eLyc9Okm4r6eYZPHiNpBfMWQCY8Osl3dlM9tvVv18q6dQMBsy5Cep83/ADHxYR/PiVpC0kPU7SdqbxXhX/PjFHDcCOP1rSVomZ/1DSfdaoJnigpEdU2u5RDYv+JkknSjrXtUNYDgqCwyN4+LQ5CcD1Je0m6YMNDHhZ0ARz3uVx7JsEgT4kqPm6OX1P0jMkndkwaczkI0Obn1dmc9u5CMCeYVHv5CZ4uiR+UGfYQAgtcLs1sPpPkXSgpDvWzAVv/kPhZ8Why6A/S0KooH9I2mjqAnAzSQcEr3ZrN0G8WZ5B73Wq8VaSLshgyNSabBYcuZMk3aJmcJ+U9AFJny40dZjMX7o+101ZAHB0CGXwbC1dJumJQfLj/18q6QamEYLz+6mt7oLx3CbMiR1/3Zp27HJ2PLa7Db1NElolEv3tMlUBwHtNxbHvrkCNt0r6ppkItu/NjiPbV7bup224tOR3cOj2kLTfgu+yUK+V9KkOY0vxE2E7dmoCwK5HSonvLf1W0qFu1+PVEto83rVdkewOzFrGq8zzCQHDqPtetO/87kLePNIXIfNd+cdUBOB6ku5QgRjHJVQ+YQ1ecKTYFhwgOn6WQTtKwiueKqUWxI4VGw+WgY/TlV4t6fmuE3wjhG8ySCC2+x0mPo3jxZsnpLM7gLaYgEfXcOYtlWP0zK5cG+h98Iu9nR1u0nJth/JkSc9KbCZ4eUqAglf6noIGQB362P5dkg6rvPzfGQ6AgKH2UzgAwvK5YCbaMm3I9yJyx+8UEc2w8+18S8fD5gAneXFi4enrSvjXdjy2AJzgbPjfJD3J7XrGCwr22ISWQJ29qid1Wcrw3PZgEqByGyZeYEci6IAyXQjBuncAg+oELGlSxhQA7NDxZrSkKgnvvPee0hCAIJ+R9PKJe/uo/TrvHTMGMteWYhLooTU7nn4RMCKn2vzIWAKAjTrCoFIpzx3E6uBEOLiCYbfl2pLf87E3nyc5g/PaRt2j5h8i6eGS7l8zlz9K+qKkF+ZolrEEwEKSSOnD3GQoZMB79TYTJ++j0YNd8mKWfi6luVD196ySMixSCYEKIjSExxbMsX2cE5w7nLxsFHTZAgBTCOli+IbNJzkRVdSNAtLlBYKJzi3Jc2FIw8ZFSgl6kxCg5qMDiROcIswhWhGwp5iWLQCflXQ/M0qSOzhI7PjDw7NruFmkwsHiiS75BbJyOGWWAF4AYJoIzB41z8LfvabxVyoNeYWk5yXSvk39r3q+TAEgfLMqHan9bojpwcK9hFPdg8rHjraxl0WM6LHxGxxwRddgE8zFErubFDcbYtNgr8nX1+103u2aD7jKNJclAB6v/4txAP2g0Ah4x0QIcyvxwvnyVToRnCKUpUDz9pKuFbRejtzFtC8I4tdyXihpM7QAEPvitDRlsP4Z/IBjQ36/ZA5TaZvy+D8m6cEVDy6qNBkZylz6jiR4glkk3B2MhhIA7BjJG+LgdQtGD2Ng3PsnHs83LcCLwmLZdtFp/WpNziK2Jb1Nnv6sSljOC5lOX87V9P3Wz/sUABy65zakNhkok/1IAEgAf/7VevTTeBGVj+qP9BNJzzGRDf7LTc1zYG4IPADPHZu/qlZ/mdPqQwCYxH1Dha4tyvDzYLHJ8X+h+v2/ZU5ywG+lYn1S1KBvkb7uvPk3Uo07FSyjjQCg3snBU5KNU+OJGn3gXDDwW5qHxPZdc9sDrmVx16n8BD4MhRaWCNVIxFjCya3LaBYPpMsLuQKAmsKZIV5PIVGEJ+xwVPv3q6wUUk/bSOT56xCsLuMf891kiVViQJgIilptTQPNKN32xSxLn0+TAMQsE2rNqnfCuG+EhfYIFN4uzl2kOVTolDLel1jlnEf4cijxjt/6d+Ap1bmjUUoA2LlI7VPD4QuLzOHg4LEvgh09cwA5EJi1QvDnW24yOeZtd0mnufcoXcst6R6Ef1YA2O1k6FInbkoKEwlhKMuC3hPy+IMMfoROQe5IRtmaxZIchXd+S94dZLpRADgtyrEjS78JNv3IkuyS8/CpX/f9DjKRJXXqvX6QOQo6cnexF4DRzSMC4AsHGRQpRV9qncNjHxOPLuE5gy5ow6awBzaIgkoOo2I6rHNMKVgfxZ8FU1jdFAGwZVm/aEDumj60lgXgdZKebRhQmt7FFwIEu6HpI8d3aOJ5p+cIgM3SodLu0aFHf/zIHt/q0O3or3Ks+geSuJMA4pzC3QqzlNcO5/HsZLasaiDRKqMRAuDt2l9DQobYvU0iwmbEgD2p/aO8iyogaI5Rgc/ygeaR6yghzjaiYS1xm8f5JZ303RYBwKax0P4MHt9CI7wz/P5R5sfZKbGvqCYBPDA1EAIR8fDMLkdt5jcICZu6E7uLBkrNA3iBJfiUy9dBmBCjAM6mca8M2bs6opqFH9QhC0uWK5W1QoMQLkGUfAEgIWRR1UWtMMiEBujUF7J0id29Ezj6KWaLA2wUMPy6Y8l1vCVqIN6PJd4pAeDdGAKh8lB9cyAP+pDj4OBpW/JhYBdhajuGVe95JJDdSrlx08HFko/Hb9jJjz7xzAlwZI2DKpE4txBNWWYXq5oRBVigbVIawE8Im8VpHJy2tomc/4aCD0wGqeBYLjUHfMCHtPCnKXfSJBTemezaX9P3Gp+XDAB1eEnIYFF3zkUGm4csIeXcpIGbbq2KAyqNoRsnMkADD5D1cfCUnIjFAUr4P8AUu0u0HxQCwOLeOHO0tCXVDBRNmIg/MVp1jBuzR/24f89mOTOnuKoZ5V8cb4f+LmnjNp30+c4QEkgxI1Wv0H/CMS5uwuD6thwCPCLa4J4cGDYG+fMLfRxH8yAZgo4GHZX6FoCU3cThw2T4C4pyJk5OAgiWkHNZxP0D1OdHAvXbNoHilY7HC8CVt3SUdtRn+74FIHUXDQKAQwljLe0QVCAJFUJQTrpQeJJKRx8TIOvcrFsbHsUIyN8/QP3Dojt8cr81hFOZ++3adn0LgEX84kc5IkX5k7/mre7b7HhKqNh1lkDRnl6Qei1lDuGvh74BuvzdhKX9xvYeU5jEfYbLEAC8Z04GWcoJA9kxNnSM7ydvumi7KuY9X78fr2TrS+sQSlNHGCkeGulh6O276FsAUJU4b5bAAuztGHj7+xTs5JRZAW0EefSFlm05kSrz6ps3HgSaRE6k70miLjnWtIiOWnCVSd17dfcGAitzWxi7tUv46PvnaHcpJL5ozp4vFIISVo5+9rFvAYAJiw59UDp+r5bbtO6eILrDnnJ4knL0Nirbn+VHQxGB9EW5JeR9fS+7n74FIJXytIPpqvbYleDzddejgBtwfQz2FTORQ3WhaxtB8t/j7kPgX+4AtsTtoF1u/syZV1abvgVgkQZA3QEZ90F1N4rGvinY4BbxHCYTcXzcDArMgiRNG4p/o4ewlpNT/sZT+uQqF6qJJkFDCAD336QuOcBWc2iyLyJu56oZsnV19+/lXLfqNUBpeEboi0bCbEQEdNEcJ5UJHUIAfPEkzOhz96eYyxF0rozj8EUsRrHtFoV03j7n1jFSIAoukQKuUmMEUaQKOEcr9bVJGvsZQgDAt//gvjxU9Su2lSLWmDMASeT7CIKny0OEckaApknGcGPX/iZBwzs4kj8OC4s5QKNhEmhPbSM3fJQUtMRLnCizH93r90wZQgD4BqjfK0Oo84qWxaVN0tvkcDa9P+RzBAcnEt+C35M9GjeUAAzJ3Nh36mz+Mr6b+gbHvT9c3XT66wwcZKwxJr87ZwEgJCRNi0qG2HUUrHLjCGr71jX+QF8LQG0AiSPwh5zr3/r6bq/9zFkAmhhBKIbtxiegOplF8iVZVOmu/OGEQFzucJ2gsnHu4sVO0bunTB4omz9Hw50+s6e1LACpxQFNJLWcgnlLw7/ZLz4TWN8EgDlz9oG/weMPwuRkKNfEottJrI8CwPwBfyj6RP1TwkaIRpp5st76UJL3f7dgRIGU8UHgAAAAAElFTkSuQmCC','2025-05-13 02:34:48.226','2025-05-13 02:34:48.226',20,2,NULL,1,NULL,1),(18,'2025-05-13 00:00:00.000','99689644','Robert Bell','John Doe','0483076722','Black Tank checkup','Black Tank service','data:image/png;base64,iVBORw0KGgoAAAANSUhEUgAAAJ8AAAA6CAYAAACuyou9AAAAAXNSR0IArs4c6QAADQhJREFUeF7tnQeQbUURhn9MKCoiIuaEioCKOWBGFAyoiChiQDEh5gDmQgEjJoI5gpgFFQUEIwYQzJLMYNYyYZkzzve259lvnHNPmnPv293pqq16b+85M3Pn9Onw99+zG6iMbGrD/K7McHWU1bADGxT4kjeT9Hkb5/aSvlpgzDrEsB2IRuDykv4k6c+SriTpkpI2l7S1pEtL+o2ku0i6sqR/SfqPpNvalH+QdKYkdOPDkj4t6a+Szhm2pOa7SijfMyW91KZ4jKQ3l15kHa/TDkQjcIlOV/e/6L1Bkd8o6eT+t+bvKKF8X5J0C0k/k3RrST8ttbg6Tq8d4MVHOaaUEyTds9QEY5UPU/5zSReWdJ6kLUotrI7Tewdwr680V5q7GdeJocDFflHSP9y//9kw263Cdc+RdG/7/BBJT+29soYbxiofizrWxn5tiCWeUGphdZyF78ALgjd7tFNmYvmbl1zVWOVD4R5nC3qApA+UXFwda+47QMLCc3x9MvNbQzj1qNKrGat8ZwWFu74tChf869ILrOPNbQfIkB8v6fnJjAeE/2MFi8sY5buipF/YikjDoxIWX2QdcPIduJOkPUL8TtIS5e+SbjoFxBInGKN8D5L0rhrvTa4YU09wf7N23nicH/C/5wVs8HVTTj5G+d4i6ZG2uPsaIDnlWuvY5XcAd/owSdd0QxO3x5/yM7oRxyjfjyRd3dL1zSTxtlRZPjvwqgxsQka7b0kgedZ2DFW+K0j6pQ38ZUm3XD57vupXegNJb3DltLghWDsy3bnJUOXzaPrhkp4kiS91rqS/zG31daI+O7BxAJd3kvT+5CY81tOC6z2iz2At1+LGHyvp2lb5uqi58nVKc0OVjzLL3Q0lf6ekD0n6qGW/1HkJVClYV1n8Dmwo6cWSHhzwOzyWl5eFkuiJE7hZFJxEJhXme1b85RDl8yW1OA5fbntJ29kvYFQAVDLZbxe//6tyBVgfMDtqsWB4Xt4j6TRJhxXeGSCbjxhzpmnote59iPIdHKg6+yUjH2mZLwqICccqRvlWoOcAVGIZq0su/LQzwz3EngWKkBOez6snWAaZcwpQM803JJ3qKmH87k3BS+7dV/mo5R4j6SJu8bBYiAE/5n53E0vhQcz9tSggFvHjkv49wQas5iFzeJ3fDxQOxZtKIJZ4yAbCCfS6WB3ZxggNxJ7Ixn2Uj6IyvvxabvUo4iPCl4KAmBMgmJ0DwfRe4Q3YRdKF3EXvlkS8+DkjPU61KathXOJseJWpnG1gMaTQKQUql6+OMC8JaCpvl/Rw++WhXZUPSwZ75WpuNCAW2LBNipdOfF1JgNF3tqzLfw7F5ygzx9UidlcTWMnEWKmLJcwhrvtO96EGX0kGTdIS5YyQgN6oYTRiz1/ZZ6d0UT7SZPw2ZtMLVuyCgUveyuJCEhQsY2Tf/k3SZ2w+mLN8kSr5HcDFfSG4tqu4j7GAz57zhhFu3c3NuY/hiE3L4PnyshzQRfnAZu6YjETcFqlUY78rfQRYVqwo/DH6DSA+opAUt4F13mfZGVWVKkux1SdC2HId2wwIHri94+a8OeB433dzYoXvM2MNWOrP2vPevk35MN/7ZwabkrtHLwLxArFB6k4ARHnbT7dyHlk2TTKrTbzH2dvClUXsQZrhtukFz5S4D4O28yzlw2/jbnPSprSlNgIlvLGV7+iM49+pEHOSPeOiSYB4MMA7K1U8h3Id0HYBX/grAULDWCDgdxBN/tiwDggMKN+WBnif3KREGxnfP9JsSALo00AmIxd22LzLhjbNHcLa7mGlGzJw1poKsSMZHkkRYCo400oQPAExE0JGSdtCsW6ynhu0YygqnOTu4Vnk2mbRISwk3EAMBSEbON+a3sycNKXucy8+t2wIpSM658ikiT9oeCGb9pAOQ3zbMCbeVLCnpoaZnvs/98tjsM7EAPqLUjzmJ3a7g+3AGtA42Q1i9oOCJXy6/Z61U+/9brwup3zbBkjkm5lthSKPT1/kF+76tIGE7moxI+7ag58kMTRC46bBGbEgQ7P2ruspcZ23eos2AmTYsUWWmPtSyRdk7+nvwSj82Oj5/5cM5ZSP+ImbU1mkux378KhHYyF9Ro1rvnjIzr5uroy2wlPW475jb/X2KsxC6bu/Hiz2zUXs5ytM2RiTkywoQviMeO1cqfL5Vki/IOjy1AxXihCfkFARAN8u+VLEiighFCOOlVgf5IEGGrMWkkCgqUUJLzEvKoIXvF+g1HFGD0qGtUMB8ZIYK9jueJqseOUjoQARJ3bygonHV6/UQ4AIM6i8EFJ4IB0knkAZd/GTRT1pCxl4GcBDEeLa+PAXsSxPl6JeTDxNY/k1bDG8vE+R1IrJeuWDEHpo8m1Ar2GxLIc4r8SDIDMDPCeb9nHi1wyf+qCd0FBirq5jeHeLu8PCLEq8BWYNxH1XtcXwb4gkAM2dJCofbxXYWGQccDOW7sCMQnYaeAVchDuBKYJVvJh9H5gbuGPqpt+bw3f0fRZvcw1bc5g6OwUAfzzNKl4ATQ7Ih9CMIzg6S1S+4+1t9zdOxfvqvLj15EKYOXuaa7mcWxMvKxDD0RMlKb56QAwFSOtpa/PcHsp4L5G0WzIpFSZcLvSp3oLyUT4jOPSynDPb3pvQ8QawQ1jB4FkArBAuohAX8+bHc2s6Dtl4mT+GhIsW8TzgYdJIjnJBBPFCnAdh+IdjvijKB6ZH0B0FYDBXzx0zz0q7lxOhiA1JUigXRaFlAHgBIPuTfd2QDfLEhN7eVi8tvbeEYOhAGlvSGhHxvKZqRq+1oHxQcOjBQDhii77NKt13gBgIyAZem+c7/sCYJxAtAbQ5mqxN0jP25gUmU41gbpQO5okXuJZktbHrrdhpVTHm402O5660bVD9PL8DlPpi3RkQmJozChdLfSgjgDY/72iIE31mSz06De5L7z14IeftPTQZmBZYEI7nWn/2Ju5QAFwux+uOlnmxU0YvdBkOwCmtQBNpH0v8Kp+yFgKyRdg4uNt48CIWj9JfZ9ii5/5Q5CehJJuPmTxDUK/FyqWxq09+ilVXqvL1fGoDLsdq8MAAh3HN/L9NAPVLH3FLZQL8EgoUPTVRiOUokVGNgK6VE/qy6cFBCC2KHH1cla9NDcp+juJBEKB2DvV81jHCnAhPKQ03Bw2pz1k4zMEP3Do4kQDmnphL2ZBj7Tg2A8yyTQgV4FKS3foGsrb7Zn5elW/U9o2+GWsEeJzr9EoHxwWDtcFPTAW04nqSwCRzx5oRv1EuhGCBa+172GNk/TR1pQ3aiKp8g7Zt9E24YBQJTp4XDtwm3sI9U1lBoVLhgCZ6WogVUVqYOmSrWEbItgDSKAlKRgJDIrmWQzdg5Z7KhRKnax4w5NItVfkGb92gGwFrqaHvHrC8+Adb4kA55hDMG6orZNFN7YjcD9EAuIwMufTRxJAtUGaE0iLxaxGpyldkG2cOQqWAshRgMdYsFUgLLwpAP6SFKNSVaSm9TMiEb+i61GZNRFJA43jpmjPxIjXtqnzT60qxGXBXu1qJilgsFRIJ4jOOmAPPo22UB522qfr7yEZJRMBlb5PAJFwHrvhCO6Cp5Lk4MeYrWuarlq+Yrq0ZCE4k1gfMjgPTc4JlgqZGHEZlpM2N0SYKoYBmHZ9sABDHQ4GwkF5o1OHMbAgjJaQqX4ldnGAM3CqlKVgns05oJVvF2lELjphZ03JwxSQegM8x3mq6lh4V2CU5CIQkhHIpGfUYicpXtNxXLd+wR8KZI1gsDlz0pIx0NE5eoJIBvpfS9XNumCyWn759xyge7GGSmZww3suNEDvkG0flq9nukN0rcA81WsBhkodZf42HbBOFo9YL7YiehiaB+QIfEJJmm4Xr8hXIogGkgVxyEvtmKd01VTPS+3zCkWuR7LKu7DXV8rVvHQSBJ5uloxUwFY7/RXnICGHyYoXg+zUJVQLOnyHRwA2XFpIbXhBocSQmOaFzD84gCUTTCQPxPl/XrZav9NNqGA8Al0J/rmcCihQtpvyAweGCqR40Cb2rFOw5HBN2yzyEWBRXTAKUy7ZZA9YWmGdWic23SdZsdw5PjmwUmMR38uGmAILB48hUm46Bjcsj2MdNYWEW2f1GBg57hVCBFyUnWDQUK20U4yyYZ7gbsOqj2Mt+8up2130UPKRImsQdUQ8lPkLh4lmB4HecPZw78xjXi7JRcYDRvL4JbhglxC3nEiWUj0M6YbfDfPFnLINJQg8rJlX5lrYSKxb7d/k/G82DiH/CNbJEKDXljviHYgQtidrs74s9nWkHin/or+ng8HT24rpSfMBp92uS0b21Q4kiq5eHgqWA/xaPAevjsiZZ7ASDtikh9eLXdKRe9VpeVb4la0U2O0QotAPwroSmel42asqwVsiGCTsIH9ifSVosqvIt/YEUylBw67oIiQTuGGtAnbXKwB2oyve/jePNp/QFdQmgGKUE46M6QQBOYzSZHvBKlQI78F/WAVyFyhGSkgAAAABJRU5ErkJggg==','2025-05-13 02:36:09.760','2025-05-13 02:36:09.760',21,2,NULL,1,NULL,1),(19,'2025-05-13 00:00:00.000','87076004','Robert Bell','John Doe','0483076722','Engine Service','Engine Service','data:image/png;base64,iVBORw0KGgoAAAANSUhEUgAAAMAAAAAgCAYAAABEmHeFAAAAAXNSR0IArs4c6QAAB+xJREFUeF7tnHWoPFUUxz92d3dii2J3g5jYIoqBqH8IdmCACqJgiwEWthggdqH4U1FR7O7+qdiBnfPRe+X+xt23M/s2Zt6bA8Pb3Yl777knv+fMm4yGGg5UkwOLAnMBfwJ/AH+Fv5OFz78CywJzALMB0wLfhHveA9YGfgemzy3vLuA24Bd/92ENNRwYNAdmAvYAFgBWAqYD1gmT8HO/6RngcGBCowD9ZnXzfDmwGrADsD6gZV+wAmz5DbisUYB/d8IN2Q74ILjHCuxPraeghd8nCPwywAoDXo0h0IvAh7kQaHVg+WQuExsFgGOBo4GZA2NuBHYd8IbVfTjlSCFX6FcGNi6woDeBj5Pr3s3uf7/AfeklzwLfJj+8AnzW4RknZjnECeGaN8azAiypCwQ2yDHsq5BYldyLcXf5FsFrrhLi+KkCB34KMb1fnwIUUgVdq+zxURb/vzUkbq0a5hSHP2M8KsB6GQJwDLBlm004FDhnSBtU5WFFU/YENg0WXvQlkuiLwn5Hdu4h4MsQflRpPWsC92R7O2uY1IXAgeNFAWYA9gOOCMhDq43RMh0JXF+lXavAXLTsBwBHZR5zoWQ+r2bIzX3BWGjZq0wbAQ8mE3S+hmtjHgUSG1bo3TwTs3ZkHnBqlXdwCHMTrTkpSyZ3BDQg0mtZUnlahrHfm4vfhzC9wkNq8b9Orr4JuBy429/GsgcwNr0kQ3X8244+B4xln25zwdQBwvO0hRiLJ2uEz36fMhzrAl8Ay4U4Nz4uog5XABZulsqdV7As9qicD4Rne68WS4rzMnZN6dMQZkTB9NwPwNVhzeYx3ZK5kYniTplRmCYIzw0ZeqLgGN5YlKoLuR8v54Tf0GdC/G0sKoBJrZYrClGrzVJ4bwZOCbDYPJmL3DBs+I/AtsE4qCAKaCcyBo6xZadrB3F+l2Clvysx2CKBb3uFe1y7IIE8+r7Ec6pyaT7hFSGyDjGJcRhLChA3cLds07Tc7UihcN0jhUTpvRNboBaPBYvudXqF5wKEN3fOwnveUCIKkGP6XWut9Tax9B5/17rmvVVETvLKvHh4pvfr3tcKpf903sbnlwbLPZJQmtSenHmPJYKy68m877wahTn59ckvvWEsuGkQ9Wr/ozoqgMIt5uwh5mySptCnqEQnK6QHeBL4GRCPVsilKNji0eLSdSJrGVq4rZJJP54pqvnNfy4/OWcoZ96zSfhNRT4zHKMJoYbNs50zRb4g8dyGbnrEllR1BZgxE0Rd8nzBOmohDVeKko1UkycXn53F4dflsOCiz6rLdftn/LoomawCEA+Nx9aZ1zg4qX+o7IY5MU+pyzrz89wduCb3o/t92EgLqpICGGtvA8wObA+sWCJMSdeoVX8UMFGUKZH+wX3rursl551WO71VIdfT2TUZE2pbBax3aBDkWR3JxjmNouuw3yiS4IHoXyvPN8k6h6kAIiS6JsMYY1itfbdkY5NW7+EsgbXT7/gsFt87eZiMKFKe73b8qt2nMTEOtq0jJRN8K7Py55GaITp5HptLHRK8WTxnLUeLr8crRINUAC2Px74hETT565a0ZsbwLwHGuQq+cb1kDJhuvImk1d1buh2sZvcJYwrtxqPV9EeMi2uw3rPCnsapilgZ7pSu5fRTAbRCCqPHSJBkUX4ryKITCrvWqxUp+I6XkuHUeBB+PaoJr12tkSz22JZg730rEnmyovtE8JwvFN2MIVynDHkYxs4Zxlcmrgz5S1fV6H4ogD02thSMVugNWxR2W1rvbwEv5veglfB3TIKGsJG9HlI+290Y+W2jmYIfj+gVTY43KzC4IZIeVnRNyNjqr3JiIc+86vnwppXfDVunyHr9VZx+FMii0Bsib57M3bqLMOf5wBsF1tT2kl4pgBU343kRG2OzIiRCI34uRq4F8q8wpD35ZbsF8y7R8cWxDyoykZpeY4hjP0v0ePLy1mwtLfHusEbPldmjMqyxthHrG++EtmSVyMNGOaFVoVYTVJNXFcjczdcaVSTBDz8rk9Y3hLmjpU/nIaavR3e9o6bRKICVTzXUDkHDjCLkBijgrweh74XVyMf8zkPvoXB05RaLLKQC11in0NhoDYUwFQw/dyLbMXz9UEVw/0SA7JmqMrmfhjp3ZiGQ8X7PqBsFELUxptS6xh7wVhPyRYVrQ2yp1vdEY3MDiWnfnvtNJCDtWuwZsyr2II2J1e9zR8nbWYLV9U0p8wgP39VdDFi4zZrfDn39npbfypEePeX7/KFPyucUIb2HwIbhlDC2PTwCJR2hzCIPb3dNEQWwnCyyoMUwDrMo1Y6MxxT2i/s98VDmFvLM9+oYihWGwUbDvObeUhywrtOuWt/N22ClBi+rADH58I19y+ud2gx0wbqovmprsgh7Z1o1erXt+egJt5qHjDkOpB4gjyZ0Wqwuyr5qExJd4iDJknda5XVs5zPol68HueZmrD5wQAUwkbJVtOj/Y7Fb8PQQrw3K4ueXbtxpnJqSCIKQXUMNBwpzQAXI9420u1kLa6hjYvtJ4RF6f2H+9TZHuCrkKL0frXnimOZADIGEJmMGr5Cn/57Cdyn9XhVIUdRH9CclIU/n3VDDgVIcKIIClXpgny82XMv36auYSycvqPR5Cs3jxxIH6qYAvvhi+25Kx4V+9rG0L81aBsSBuimA1Webt+ZN+GPhxlJ7Qw0HSnOgbgrgAk2CY/+LBa9hIVGlmd3cUD0O/A01E3MPjcaJOwAAAABJRU5ErkJggg==','2025-05-13 02:37:52.195','2025-05-13 02:37:52.195',18,2,NULL,1,NULL,1),(20,'2025-05-15 00:00:00.000','12270801','Robert Bell','John Doe','0483076722','Gen Set Service','Old oil removed\nOil purchased from wholsaler\nSump plug replaced\nAir filter replaced\neverything in good order','data:image/png;base64,iVBORw0KGgoAAAANSUhEUgAAAakAAACQCAYAAACyLpSKAAAAAXNSR0IArs4c6QAAGPRJREFUeF7tnQm0fed4h38qiBpqTCM0giCSIILGVKEhVpSYUooiUtXVsEwtNVSIoakpKhFVilBNFK1UNIrQiCmpSEKFIiIiEgliFtTQ/Szv1t2Tc+89+9xzz/i8a9117/+ePXz7+fb//tb3fe/3ey8XQwIbE3h5HfLkjQ/1CAlIQAKTI3C5yV3KKy0pgd9P8tZ6toclOXZJn9PHkoAE5pCAIjWHnTJHTTo8SXf0tGeSM+aofTZFAhJYcgKK1JJ38CYe7z5Jju+cf88kJ27iep4qAQlIoDcBRao3spU4YdckH0pyrXraQ5vvz12JJ/chJSCBuSKgSM1Vd8xNY37RaclJSe4+Ny2zIRKQwEoRUKRWqrtHethTkuxVR74tyYNHOsuDJCABCWwBAUVqC6Au6CXJ4ntMkn077ff9WNDOtNkSWBYC/hFalp4c/zlYdzogyVOT7FyX+VaSByZhqs+QgAQkMDMCitTM0M/FjRk9/Vlneq9tFFN8TPUZEpCABGZKQJGaKf6Z3fzhzX6n+yVBpLpxbpJHO4KaWb94YwlIYICAIrX8r8TdGtHha+961Ks1+59uO+Sxz05yiI4Sy/9C+IQSWCQCitQi9dZobb1BkjsmuUclQey0wWnfT/KyGj25BjUaY4+SgASmRECRmhLoLb4NIyWm7tiEyyiJ0dIo8Y8lUFodjULLYyQggakTUKSmjnxTN7x8JTncJslNkty3ycr7QZJbj3hVRkpfr6SI9ucRT/UwCUhAAtMnoEhNn/kod7xK45N3lyS3qK9rJrllkl1GOTnJx5vpvg83037vSbJNkn8b8TwPk4AEJDBXBBSp+eiO7ZM8qhIc+HmPMZpFyjgGsJ83O28Mep4iAQnMJQFFavrdwvoRce8k+yXZvWcTLm2m+T5Ro6X3J7nA8hk9CXq4BCSwMAQUqa3pKpIXWCfasS5/9SRk3d0+yUbZdt0WnZbkq0nOTMIeJtaR+G5IQAISWAkCitRkurndh4QxK6OjUePCJivvrBKi85OcnOQnSS5K8tlRL+JxEpCABJaVgCI1fs8iTAfWWtJ6V0FwmKI7vRIZdmgOtjbT+Nw9UwISWCECilS/zsYh/E5lyLrbwKmMgN6XhCm685J8staO+t3BoyUgAQlI4FcEFKnRXoZ9avRDWvhgvLFZZzq6Ur5/OtrlPEoCEpCABEYhoEitT4kpvWeVxVD3SBIYXtGkih83CmSPkYAEJCCB8QgoUsO5YTHUfrVHkOr9Wj3uxnvRPEsCEpDAOAQUqctSe3MSSlm08bkkr07ypiSXjAPZcyQgAQlIYDwCitT/cSPjjjUn1p/aODTJESVOFAckcAw3JCABCUhgCgQUqV/WWnpVeeS1yHEHf06SL9Yvnpzk8Pr5cXX8FLrHW0hAAhJYbQKrLFKIE3557HVq49QaKQ2WTv9F55g9tSFa7f80Pr0EJDA9AqsoUrhCHNR43j12APMTa2pvkD4p5o+sXz4lycun1z3eSQISkMBqE1glkWLkxBRea/BKz5NK/sHmh7UcIMjwe2vnFbmR3nmr/R/Gp5eABKZLYBVEilpMz07CulIbuIi/ax1xao9DoBAq4sFVLHC6PeTdJCABCawwgWUXKUZN/9HpX1LI39JUpyX5YaNgdMXIq41lZ7URDz+XgAQkMHUCy/yH96lJXtwh+pqmSu0LknxlRMqfbkZOrT/f3S0kOCI1D5OABCQwQQLLKlJHJTm4w6nvVF13FEWmH+cbEpCABCQwZQLLKFJM73WTI/ZPcnwPrrtWjSdO+XqzJ2q7Hud6qAQkIAEJTJDAMonUjSsTj6q4bfSdpqN6Ltl+XIvoOwKbYNd4KQlIQAISWCaR6mbiUe12957de6Ukr+v49jnN1xOgh0tAAhKYNIFlEalJZOI9PclhHcDLwmbS74zXk4AEJDA1Asvwh3hww23fKT5g3ywJbufED5s6UXs0I6ovTK0XvJEEJCABCQwlsOgiNShQT0hy5Bh9/eUkO9Z5+PlRlsOQgAQkIIEZE1hkkdo5yV91HCFwMh9lk+4g8q433zGN8/kjkvx8xv3i7SUgAQlIIMkiixSJDQdUL46b5LB3Z5Mu6eY3THKpb4YEJCABCcwHgUUVqccPTOvdNMnZPZFeJclpjU3SLnWe6eY9AXq4BCQgga0mMK5IzbpK7STqO1Fy40kF+J+axImHNl593etuNXuvLwEJSEACGxAYR6TemeS+dd1ZVKmlQm7raM6ICgukvnHnJB+uk3BEx5Xigr4X8XgJSEACEthaAn1FatBy6A5JqGY7zWCKDleJbzQCdd0xbozN0Qc65rHjCt0Yt/YUCUhAAhLoQ2BUkdqpHMXb2krcYxZrON1Nu7ia/0mfh61j8fG7T03tnVCjKLP5xgDpKRKQgAS2msCoIvWiZpPr0zqNObT5ea1qtsPajMj9OMnNG3fyi2vD7E+TnN/jATGNfUMSrkXcKcnHepx/1Tq/zQikHbdKclGPa3ioBCQgAQlMkcAoIsWoo+sijjDcu0k6+PY67XxYU2yQ9O59O6Iy7HDWgy5f1yKNvJ065Pe4keP+cP8kf1ybbREaoq83H/d4c5I/qPMRJqYqz50ia28lAQlIQAI9CYwiUn2MWx+bhGKDbLTdTDDCwpF8rehrffSeEkyu96UkD0pyxmYa6LkSkIAEJLD1BDYSqcHy6+utQw2avG5F6xm9PaBHldw/SvLKJNtWYxih3WODUeBWtNtrSkACEpDAGAQ2Eqmu8JzU1FpiBDMsmBJkxHXlNT7n3B1q+u7MJHjl4e5A3L6TabfWIzDdeGKSI0Z8xquVG8XrO8f/ddkofW/Ea3iYBCQgAQnMmMBGItXd3Mo607FD2nu9JK/oeOhxCNNr/94kN7y3KtsiUhsFCRHXrvTyn9TBrBmNcm732jiYP6NT8v1bzVrXfjNIld/oef1cAhKQgAQ2ILCeSL291m64BAkNJBoMi8FpPkY9bLjtKy6b7azrJ3lkpaW3ozT2QzE9+N3NXtzzJSABCUhg+gTWEqkr1h92qtUSODz8zZDmDWb+4UROlt60BWqval8rpGTvPTvJa6eP1DtKQAISkMCkCKwlUtgdkXBA/KDSvy8ZctNu5h8f9927tNnn+K0Spwd2LoRtEwL1qc1e3PMlIAEJSGC2BIaJFHuKPl3u4GzAfVaSlw1p5k0GnMfHdYAYlwDrTtSTauPCpg7UIU3q+t+Pe0HPk4AEJCCB+SIwTKTuWQkPtPScxufurs1m2q8OafbBA+auffcujUsC3z4q57LZlyC549XliPH9cS/qeRKQgAQkMH8EhokUqd77VFOf3qSVY4k0LA4sm6H2s9s17ujsQ9qquHFlEbIO1sZ/JXlhEkptGBKQgAQksGQEBkWKPUv/2XlG0su/tsYzD270/U4SRI2sQBzKJxX4/TFy+u3OBRkxkcyBl9/PJnUjryMBCUhAAvNFYFCk2AfV+ts9M8lhGzT3lCRk1nUDV4h3JXnEJh+Vmk9/N7DR90dVkfclSSj3bkhAAhKQwBIT6IrUb5Yr+TZJGKmw72ij/UVMvf1LM+V2hSGMOPfIyhJcazQ2eBop7wfViGzHzocUJHxpk2WIgwQjNkMCEpCABFaAQFek2OP0p/XMrEMxdTdK7FIp3zhSrBXHVIbg6WscwNThQ8rtnOzCNiiyiBUSDhaXjtIYj5GABCQggeUh0IoUIyGmz36jxOA2ST7X8zHJAkTk2unCYafjAIEAYpd0nXJMZ49T1zWdZAimHf9WI9iePeDhEpCABJaMQCtSD03CaId4XTPt95hNPCfThC8oSyWMXofFN5uRFZ/hbEF8pak7dXTtcTpvE/f2VAlIQAISWCICrUhhH4QwsefoXkneN4FnZB8TGXjrCR5ZgIgTNagMCUhAAhKQwP8j0IoUbg3bN+tQZM9ds75PCtXja32LUh1r2TBRaZekCMTSUhqTIu91JCABCSw4AUSDTbJfrOd4d5WG38xjsb7EmhaOFCREEAgQGYPsaSJ7j7WvYUEWH67qGsNupgc8VwISkMCSEECkuk7m+OFRHHCUYDrvMyUqHH/dqinF9zZwQ8fs9cMDF/yLGl1dY50bccyLR2mIx0hAAhKQwHISQKSe1IxsXl6Pt1Z5eAoS3ijJ3klu3SRX4D6Oh143GAV9vn6BOB06AjLqP1HinczAtYKEDsTThIoRgHqIBCQggWUigEg9pzMaooItFXWJqzbOEfjxPapKvON6vm19dn4S3CaYwsMx/bTaCNxOG/ZldP8StVutcyLp66S4t0LY9x4eLwEJSEACC0YAkcL+CJNWYt8kX0iCeewBA5ZEePqxZsUoiU25G7lRjIPid0swf2cDsaJ0yAnj3MBzJCABCUhgcQggUk/sVN3F4YFpPab32sB5AoNXMgCnFSRekECx/zo3/FK1mzpWZCUaEpCABCSwZAQQKbLt2MDbjf+udSoEYJaxR+OEQZXg9fZaMeVIPSkKIH5rlo313hKQgAQkMFkC7b4l/PHuV3uU+HnW4jT4lDdN8oTKHsQId604rkZXH5wsJq8mAQlIQAKzILDW5tpZtGWUe7K/ihIgZCSSyLFePKWTtTjKtT1GAhKQgATmjMCiiVQXH0UQ2UuFQe16QYIFa2pW752zl8/mSEACEtiIwCKLVPts7Nm6Q2Ujss9rvSA7EfPbj24Exs8lIAEJSGD2BJZBpLoUr1yjKyyZus4Xg6QpB0KZ+39o9oGRJWhIQAISkMAcElg2keoi3qcKKZIQst067DG0xdUCf0H2ghkSkIAEJDAnBJZZpLqIsV16QFPh947NhuS91mFPCjsFGVnDcrPwnLykNkMCElhdAqsiUt0eptgioyw2Ct+7qQC8Vkr7RUmod0U6O/W1SG83JCABCUhgigRWUaQG8ZJ4QaFHLKHuUfW01uoC1rLeVqntbCI2JCABCUhgCwkoUpeFi4ku3oE4vjNNuJaP4GeTnFrmukdtYR95aQlIQAIrS0CRGq3r79JM+d25yQjcvda1BjcS/7CmBZkaZLSFSS9fhgQkIAEJbIKAIjU+vGs2yRVsKCYRgy/qbF2/c7ljK/mCtS3WtAwJSEACEuhJQJHqCWyDw29eQrVzFYVk39bVk+yZ5PlV3mSbJCc2tbEQL0MCEpCABNYhoEhN5/W4cRKyCvEePKSyBr/SFJz8Ra1rfSTJT+v302mRd5GABCSwAAQUqdl1EqJ1syRYOV3aOM/vUIkabCz+VJJvJvlyU0rlvNk10TtLQAISmC0BRWq2/AfvvmNVQ/71mi7E3umTTYr8xxr3DLIJv5aEWl+IlyEBCUhg6QkoUvPfxbetasm3aJwwmDYkJf6CEi8yCRGvc5J8df4fxRZKQAIS6EdAkerHa16OZsS1UxKKQZJheJskV0lyhcZN40NJWOPCh/DsJD+al0bbDglIQAJ9CShSfYnN9/Hs56JsCV+MuhAtRl2MtC5JcnLt4+J3hgQkIIG5J6BIzX0XbaqBZBOSkHGrmiZk6hBHePqdDcjvT3Jmkq8n+USSCzd1N0+WgAQkMGECitSEgS7I5RAvBIv1Lb6wgmIz8ncrm5CMwrPKEZ79XNbcWpCOtZkSWDYCitSy9ejmnodRF+LF1y5Jbl/ThggVAnZKTRuSYUiaPNOG527ulp4tAQlIYG0CipRvxygEdqtpwjsluUaJF4kbN6ysQupwfSbJGUnOT/LxxmHj8vW7Ua7vMRKQgASGElCkfDE2S4AkjevW6IvNyYzG2KiMFRSjL9a5Pp3kx7Xf6+e114tkjp/UaGyzbfB8CUhgSQkoUkvasXPyWLvWCAwRYzTG9CGp8mQeUseLQMRI4mAU9j9NXa+PNtZRCNnnKoUeuyj3gM1Jh9oMCUybgCI1beLer0sAJ3kSNpgapBTKr9XPTCvyuz3K7/DiEjLso0joQNRw4SB+Vj9/r0ZruHIYEpDAkhBQpJakI5f8Mdi8zOiLuF4S3OZxk0fY2neYTc2MwJhiZESGoCFkWEx9sbIW+T01v/gMQcTk15CABOaYgCI1x51j08YmQFFKphO7IzRqfeHQwTtPyj1TkGx2ZjqR0ReJH4gcwvX5+j0/tz6JjNjYT2ZIQAJTJKBITRG2t5pbArdMcu0adTFiowYY2Ys3KKEji5H/K4jUDyoRBAEkJZ+EEKyn8FAky/GKitnc9rMNW0ACitQCdppNnimBG1Ua/pUan8R9kny79pQxKqM+GIkhFLtE7N6R5Ds11cg05LUqMYRzEDM+MyQggXUIKFK+HhLYGgKsnTGliGghaNdJcsdK9ECwWBMjTZ/vb6lkEKYUGamdXufw/9NEkK3pH6+6IAQUqQXpKJu5tATIYMT8F7H6vSS4ezB9SPr+o5t1sxfWyG3nxvH+hKKA8H2gphrZXK2QLe3r4YMpUr4DElgMArfrbHx+SIkZWYoPqH1k7C8jMYSN1MfVI7GWRskWRWwx+thWDiGgSPlaSGA5CLAOxnoZa118kXq/e005kvCBqfDe5XyPdRXrYYzYEDVS9RE8HED4bkhgbggoUnPTFTZEAlMhgHCx7kUGI9WeWTtjyhCBYsqRf5PZSNXnb5SFFdOR36+RHPvTLOkyla7yJhBQpHwPJCCBYQTYHI0wseeMURgp+ozU2EuGQ/5Vk5xao7HW0gqPxnYk5hSj79VECChSE8HoRSSwkgRYJyPtHmsrphgprol4ERgNMwVJSRc2TPO3pp1WZP2sDcVsJV+d0R9akRqdlUdKQAL9CZCl2AoXjvm4fZCKj4AhbKTpk6KPuwfFNRmpYV3F1CMCdnbH/aP/3T1j4QkoUgvfhT6ABJaCAFOJZCMSeDKyOZr1MdbN+DvFz4gagnZape2zZoaI4fpxYsfmykrSS/FK/PIhFKkl6kwfRQIrQoDkDzZH88XPxL6dZ0fssK3i6yO1bobJMFmNBD+zfsaojqQQHECMOSWgSM1px9gsCUhgIgT2qqlFnPMZjREU52SERgp+6wrC7xmBYSjMOhs1zDAaZtrxgsp2ZMTG30z+bUyJgCI1JdDeRgISmHsCuHpgKkx0px9x0GdtrXXNJ+ORlH1E6+QqG8PoDIGjHAy1zch4ZCSH1ZUlYTbR9YrUJuB5qgQksPIE7lYE2vIw/JOkEEZwBKM1RI4gy7HNbETIWFsjUYT4ZlWjbo9jvc1wTcp3QAISkMBUCZC2z4gMRxB+bkWKDdVMSTI6Y8M0e9P4jL1qTDsyBUl8ov5us0eNzxG+pRY0R1JTfT+9mQQkIIFeBBAz1tAQKdbH7loixe+YcmQ6EdEj85HpRdbdqG3GuhnfLy53EUQQH0fcRtoaaL0aMquDFalZkfe+EpCABLaGACO0H9b6GiKHuFGpesdKCGEEtlsS1uBen4TSMXzO2hlf/Buz4jPLAossynFHa6zlUfV6raB9tJVAiN+W5FUlzJx7iiK1NS+JV5WABCSwCAQozsmUIeto96rUfEZoCBjTjwjV9k2Ns/0bF5HXVOFOfk9qP2n8D25E7SnNaO3wetgDy/vxueU6wp431uWomfbSDhCyKt+d5LZlekziyWPr85PK+JjPfqRILcJrZBslIAEJzA8BRmokfRDPKTFq0/LRFH6HSJFUghUWvo8vq7W19imwzWKKks9YZ+sGSSh/mQTBu0iRmp+OtyUSkIAEVpkAdlmPS/LwgoDAPVORWuVXwmeXgAQkMFsCjLb4QqC6riGHNr9n2u8kRWq2HeTdJSABCawaAfaNHdBUkN6jWfO6f9Uzg8FZjc3V22uq8FdMFKlVez18XglIQAKzIcD60zMa78RHNBl82w004Vcjp8GmKVKz6SzvKgEJSGBVCJDeTjIFmX4UzGzj3KYW2TuazMIXkSCxFgxFalVeE59TAhKQwPQJkFb+wnKs794dcXp1kvdu1CRFaiNCfi4BCUhAAn0I4HzxRDLzKsW8ey4mvGTwndCxelr32opUH/QeKwEJSEAC6xFgb9NLhoyczmnKohzVbAY+ojYPj0xRkRoZlQdKQAISkMAaBNjgy/QdLhHdwO39lU1F5cOqhElvgIpUb2SeIAEJSEACRWC/xo39kCR3GCCCe/sba1TFFN/YoUiNjc4TJSABCawsAfz7jh4iThR9PL5xZ3/2BsayI4NTpEZG5YESkIAEVp4Ada4win3MEBLHNaVAnprk7ElSUqQmSdNrSUACElhOAtdK8qAmW+/IZn3pSp1HpLzGB5pyIM9L8qFRM/b6IFKk+tDyWAlIQAKrR2CvmtrrbsSlJhVFFEmIeOdWIlGktpKu15aABCSwuAQop/HnTXXfgzujp0uT/HOSN9QIasufTpHacsTeQAISkMBCEbhas670h03F3KdVAcO28f/a/ECdKAohTi0Uqamh9kYSkIAE5poAenBQmcBSeJBgWo9svWeVS/nUH0CRmjpybygBCUhg7giwCfdNSXbttOz9lRBx8ixbq0jNkr73loAEJDB7ApRqf35n5MS0HmnmH5190xJFah56wTZIQAISmB2BY5I8NMkrkhzeTPmdN7umXPbOitQ89YZtkYAEJDB9AtsmYQ2KyrhzF/8LtlJwNbR8PRMAAAAASUVORK5CYII=','2025-05-15 01:23:15.718','2025-05-15 01:23:15.718',19,2,NULL,1,NULL,1),(21,'2025-05-15 00:00:00.000','59566940','Ben Croft','Tony Downie','0455284323','Seal toilet base','Remove old sealant. Screw down toilet. Apply new white sealant wipe and clean up','data:image/png;base64,iVBORw0KGgoAAAANSUhEUgAAAaMAAACXCAYAAAC4CTT7AAAAAXNSR0IArs4c6QAAAERlWElmTU0AKgAAAAgAAYdpAAQAAAABAAAAGgAAAAAAA6ABAAMAAAABAAEAAKACAAQAAAABAAABo6ADAAQAAAABAAAAlwAAAAAIJZB6AAAZ10lEQVR4Ae2dC/itU53H5eAcl8PhIJfknON+y3UwhKPklkjISEVqYgaDwUzTjHKNpFI9Ml04mJnGoKIokcfj0jyYQgkRdYQxLj3jFoVj5vv9n72O33+dd9/3fve79//ze57ff93X+q3P/91rvWu9a7970iLIRCGwiTp6pPT/pI9MlE7TTwhAYDgIvGk4zMTKGgH/v6ZJt5DOkO4p3Vm6vDTJffI8IH1IOknq9M2lUW5QYFfp6zESPwQgAAEIQCASWFqB2dJPS38o/R+pVzTWV4I/xXXinqd6EAhAAAIQgMACAkvJ91FpK5PKS8p3j3Su9BfSn0r/V9qs7NMFedwuAgEIQAACE5jAZPX9fdLnpY0mkmuUfqJ0W+l06RLSVsRbdN7Si7KDArGtK2IifghAAAIQmDgENlBXz5LGSSH5v6H4raSLSvslqa3k9qsd6oUABCAAgYoRWEb27C+9WpomAbt3Sw+R+hlRWXKsGoo2zCyrYdqBAAQgAIHBEFhPzc6RxsH/ZoX9fGh16SDEE1+05/BBGEGbEIAABCDQfwJ7qInXpHHQ96TkLbhBy5tkQLTrlEEbRPsQgAAEINBbAh9TdXGgt98rj2V720xXteUro6O6qo3CEIAABCBQGQLvliX5JOQvlVZR/lpGRVvfXkUjsQkCEIAABFon4KPWj0rj4O7X7lRZbpdx0V5v2yEQgAAEIDCkBP5GdsdBfech6IdfIxRtvnEIbMZECEAAAhAoIPBWxf2XNA3q/s5QP78XVGBCx1F/CnbbfrboOkZJQQhAAAKDI/BhNZ0moVvlX2VwprTd8t7B9tSHtiuhAAQgAAEIDI7AcmraLyxNg/hugzOlo5YXD7anPhzSUU0UggAEIACB0glMUYsHStObss+Qf9heLpp/ryhNRqXDpEEIQAACEGifwKYq8rDUg7dfKJr/JpCiKi9FKyL3Z53KW46BEIAABCY4AX8p9AvStILwG7MnDyET25z6EN0ThrAvmAwBCEBgQhHYUb1NA/dt8vvk3DCKf/k19SO63xzGzmAzBCAAgYlCwK/r8Q/VpYH7uCHu+KqhH6k/dr3CQyAAAQhAoKIEDpBdadB+Qf5BvU27F3hmhb6kPtndrBeVUwcEIAABCPSegH8F9TlpGrSPl39YvrxaRGNm6Evq028U5xOBCAQgAAEIVJDAfrIpDdh216igje2Y9GZlvksa++SfNEcgAAEIQKCCBHzU+VppGrQ/J/+wvyjUE1HqT3JXUxwCAQhAAAIVJLCibEqDtd0NK2hjuyb5dUSxTz9QeFK7lZAfAhCAAATKIbC9mkmD9kPyj8JzlHxF9ONyUNIKBCAAAQh0QmAvFUoT0VmdVFDBMvn3iO6roI2YBAEIQAACIuCTcV+RpoloyxGh4qPnqU92/bMQCAQgAAEIVJCAJ6LrpGnQHqafemiEc63Qp9S3JRoVIA0CEIAABAZDwBPRTVIP1n6rwlTpKMhG6kSagJI7bG8QH4X/A32AAAQg0JTAkspxr9SD9WnSYT+2rS6MyTb6myag5I5K32pdxIEABCAwGgSmqxtPST1YHzQaXRrrxbtqfUqTkN3FRqh/dAUCEIDAyBDYWD3xg/w/SN8xMr1aZJH43rw0GTERjdA/mK5AAALDQ8BfTr1Q+hcFJnur6jCpB+rvSzeRjoocoo6kCcju7aPSMfoBAQhAYNgIrCSD04D8qvx+uWkSnyL7utTp/iLrsL9fTl1YIIfLl/pt98wFKXj8BeZvSSMf+z8v5e0TgoBAAAK9JVD0uzw+KWfxQQWvFDwI3SP186JRkbTSS4Pte0elY132YxmVT0wauV02Q3EIQAACbxDwiz7zAWdGLdlHtdNBhf+U34PUqMhJ6kjsN79DNP8/W3Q9RE7R721dBAIQgEDXBJZWDS9K4wBzSa3WmSH+YvlHZVvGz74+G/rmvntliMwnEK+F6D9DyYdKY9zW84vwFwIQgEB3BG5V8Ti42O/BOn7X5mSFR0W89XiiNPXZ/fdPXSDzCeTPz8zJK2I/M7ScKk3s0rUylsAfCEAAAp0SyH/mwYPLRdLdpGnA+Zr8oyKedM6Xum/PSk+RIuMJpP97dFOO2fLE+ONTAi4EIACBbgjcocJxcLH/UyHu6G4qr1jZpWTPLaFvH6mYfVUwx6vG/HpIzwj9PC2mfbMKBmMDBCAwGgTi4JL7vR0zKuJDGE9LUx85MVf8n31/YJRYOedbsvhzHYlAAAIQ6AWBtVVJGnBy95960UBF6vCx9Ni/XSpiVxXNuCZjtZ7C5hdXlOdV0XBsggAEhpfAHJkeB+nk9zbdqEj+66zbjUrH+tAPf4k5XQN2f1prI27l3tiHdqkSAhCY4ATuVP/j4GP/F0eIyaysf9uOUN/60RW/azBeD14VnZ7FpRN1/WifOiEAgQlIIP/1Ug9CF40Qh43VlziwbjpCfetHVzbJeJndAVnc+v1omDohAIGJTeBidT8O1j8ZIRx+l1rsG28IaP7PfThj9qEs/MHmVZADAhCAQHsEJit7HKztHxXZTx2JfVtzVDrW537kb+CIDP+lz21TPQQgMEEJ+DRUHGw+MSIc/jHrlw8vIM0JFH3xOV0fdzUvTg4IQAAC7RMo+lLjpParqVyJr8qiNIDa9RdckdYI+HerIrvkf6y14uSCAAQg0B4Bv2/uXmkabOw+2V4VlcvtLcdfS1OfHpXf/URaJzBPWRO/5P5Mcb5xQSAAAQj0lIBXPz+UpsEmuT6+O6zit43H48hfUpiJqP3/ZroWkvuv7VdBCQhAAALNCfgO1+8RS4NNdJuXrmYOT6KxHztU08zKW+XvDUWO9vu3jBAIQAACPSeQP9hPg89hPW+p/xV65fMeaerDc/IzeHbOveiLz2brbbqdpWtIO9mu8/9pI+kF0p9LvyV1XQgEIDBBCdR7OO0BZ9jE23KXSG37M1Jvy3UyUKoYIgLflaZJvReuj4c/2KTO/1A6W6mCgEBgIhHYW51Ng8wJwe+49w0ZiDUz+/12aaRzAn7tU7o27O6ehWNaP/yLdW46JSEAgWEicJyM9SDik2a71PxxUFHU0MiJsjTazqt9uvvXHZXxnFWrzq/7iZz77e+uF5SGQPUIrCCTuNGq/V+8BeLfmkkDyYfl3zKEHb+mdBhkeRmZ+mH3Cam/oIl0TuAgFY1Mdyqoaqri3iU9Qnqs1Nuhv5DGctH/W6WdI/2A1Dc+60j9HC9+f83f+4pl7H+bFIHAqBA4Wx3xdf2Y1M9bJ7xcLgLpQ/9J+T05PRvijpZ/GMRvhUj9sPsPw2B0xW3MX5X0lyXbO0Xtxf+pD08gEBgFAkeqE/Ha/tEodKqbPtwQgFxZq8gvuIyQqv7w2Cewor32b1frC07nBLzKiVy9jTsIiTbYj0Bg2AmcrA7k1/WFw96pTu33HedLGRCfMvPeZYS0g8JVFf+aaP6l3DsUx/5rd/8xb5V9TRqvgw91V2VXpb+T2cJpyK5w9rSwt1YPlVb9hrWnne6ismkq+7g0fraSf0YX9Q5tUR93TgCS62ctlvjBf2p+VCX/7i+rku3JTW+G8GS0t9QD6vnSlaVIawSWVbZbpImp3a1aK9q3XPkKbbO+tUTFrRLw9/ZulKbrZPVWC07gfBsGXombXY9TE/IGy2+ljiDsTxdS/uNyGyitbPGKzf80f9fpJOmXpXOkl0n/WXqNNLc/hX1YIfmj+4riPQEjjQl4Mr9VmtiZ2/TGRUpJXT/YZNsuKKXVNxrxQLGqdHfpsVJ/GTcxyt2iu94XlH9t6bCLGeRv7/f3zrxNjjQncJWyxOvFN/4TdhfHH4gIw/51pUli2p0pss+uJ8ePS2Pb/fAf0+d+1Kt+hhK2li5TL0NF4r2STNxflX+OtCpbL5ODbclGRfVNPPn4zv9RaWqvW3ee6lpLWlXxDamvgUulqa9Py7+K9CMhLqU9ojifuEVaJ/ApZU381mi92Ojl9NZGApHcbUI3T8/SlwppvfJ6QN5R6mO/vqNKdpThnqn2ypSj1JhXFnnffHdZJZkkYy6XRjt99181ifbZ32vx88c9pXk7vQz7ehi0+Aj+FtJDpedIfydtp4/PKb/LI50R8M3/4p0VHY1SvnjyC26f0LVpWfonQ1q3Xm+55W13Ez5F9fkD5cHDE6afB20ufafUz5HeJvW2zs3S2I7Ty5LPqaHYdu43kypI0YrjA1UwrMCGnGG3qzZPwt6G/lvp3dK8/qLwrcr3MelMqVdPUTzAeOfBn6v3Sg+V5ltarrNbu1VFy2Ibd5XeIS3qTztxL6qOt0sRCHRMoGgyODyrLb8os+SOgkurVF5vs7D3VP1B9mTj7YE8vyeZVsTl87JlDQLLFbSd2+LwW1rpSB/zeIslt+v9fWyv26pzWzupzytzH2jJ62oUPlD5PWl3KnndK3RaUYvlfJ375uy30rztPPx6Lc/LTfIerHQEAl0R8D5wfgGendXoQwIxz5uz9E6Cy2Z1xvqj/yzlmyH1XWqU0xSI+a5QuJ0BwXdxsfz9sfI++6/P2o525P61+mxLUfW+W/5BgY17FGWuUFzOrlXTfN18VpqXLwq/pnzeuvKKqVeSt9POddyqDZ6AvCr7jDRvLw/7OdDJ0u+0kDeV9Q0WAoGOCSyhkuliSu6Ps9remuU5KkvvNJjaK3K9hVVvVeAttrzMfm0a4dVVXsfybdbRTfa8bYct35MWpV2ieN80lCHeYiqyoSrbhvUYrJTZ/Y16GWvxXpUfnJUp6neKc94la2V76RTtDvSy/vVU2ZXS1I8i9xal+2i+J6wjmuR1eef3TWKsS0EEAp0RmKRi8WJK/lhbnufBmNiFf/s6bTc6PTJNZX5UUK7dLY1LC+o4VnFlibeBEuvkbhsab2Xv/h7l96mbfaUeRDxxe9sxf0ahqJbEd7V/J0325G6ZE3VLBhdk8v8w2r1NQZ71FXeG9M4sbywX/Xcpnwfzfsrpqjy2eXuPGvNNY6w3+b2ys/8T0tWllk2lKb2R6x0ST1iWPN/8WP5CoAMCV6hMfkHlg9n5WZ5enfDwByG2/XgD+z0QegCJ+e0/sUGZoqQpBXW4Ht/llSmXqbG8L7F9M/aAlOdpNfy7Wtln5N4m/aJ0d6knnCjeavUq6G5pvbr/PhaosN+Tcd6HZK5PJl1fkJ7nj2EfKkiDbqqnX67/R7HtFbts6PCsvlj375W2Ua1+32ie2yBvLBdvllx8r6ycby4RCHREYDeViheb/fkWxCZZnmkdtVRc6NSs7sUKsnkwKLq7u0rxSxXkrxflrcgLpXl/HfbA3asJVlU1lenKkdvhZ1e5uO/5c7q8XD/DZ6t9cxsG8Q1UzuICxT1SEJ/ni+HvKv9MaZmSr0g8aXYq+6hg7E/u36lW8Sy59zfJ67L/Js3HBEWNrcDzuh2PQKBtAh7I84tps6yWZRT+Wcj3Z1l6t8G1Q922ZbWswtlZuvN4Emp1y8RbV83uhr1CKfqwKbon4j7ajv2l+0rPkebcHd5cWk/8f/BdelG5Xsd9X+28s54hFY73xNkJi5tV7mDpSgPqW36z5z5s3KYtnoh97LxR/9NXMPZski/VsWMDG3yTlPIll1VRA2AkNSaQLqLknpBl9wWXTlK9LL8/sP2Q1H5yPRg+Lk3h6BZNhisrrwfP06SXS38pjWUa+X1KaLK0l7K+KvPdZKN287QH2jDAk9alDeq/SWl+7uPJ7yCpVwfPS/M2Y/gZpe8nHZZVkExdSNK1GvvVyH+qamj3OeNCjXYZcazK5zb6eWgr4tX1AVJ/NvM68rB3M45uId8VyuODFM3kRWWIbdzSrADpEKhHwM8I4sX0bEHG40OeLxWk9yqq6M4w2mb/xdIpUk+Q20mPkT4qfUWa5201bAa9kOVUycnSa6Sttp3n88BShpjfilIz92nEQa0G1HTP5T2qMedaFN6y5y13VuE6dez1qt//pySLybOKdBepb7ieqGlR3/K4I5X3LGken4e9tdeKTFWmvKzDvb6ha8UW8owAgVXVh/yCWjzr1zYhz5/kjx+OLGtPgt4SyG1y+Enp2tKr6qQXlWkW9wXVlfdXUW2JbfKqqllbzdKvVR1e2SG9IeDVexFzr0A8qFdJmm2rFfWj1bivq6NnSBvln6v0NaWtylbKWFSfJygEAh0RyC+o/FmFB8eYZ42OWumskO/Yd5JuIU2DR6erH69UZkvfKvWqqhvx6sersU4mxXtVzivPyPRVhRvtySsZGXECXpXGa6Jbv7frPij9TJN6v6J0P4NsVSYpo2+85klzG5mIWqVIvoUI5Eepz8xy+MKLF9yBWXrZwc0ye6Jtnfp/1UKdP1Geu1vIl9twnsrMlray765syAQnsJH6n19DrYZvUtmTpN5u9c7FcdJGZT1R+aBDO7KXMterk2u8HZKjn9dzxzuky7fSVd+JvSCNF1deLqbdmCcOIOwVSbSpiv67ZOOMAbChydEh4MlkJ6m3bYuu8bmK/6rUefzML4p3NorKpLjdYuYW/bs2qNM3XN1uc7doBtmGiMC5stXXnJ9ppl2tuuZfX8ucLtLVs5w/z9KrcsF9PrMr2T8o1w+E/UyNO0NBQAZGwFtt35YWfQ5+qfhd2rTM9V1ap77URicTW5tmkH1ICaRrxK4XEWPiu6xcNlWEt52SHCPPl1NAro//HhbCHmhfCuFBe90nn6LbVjpL6udaVq/01peuJW0kryvx36U3Sx+RPiddRernYetK/c19z+ZPSe+XPiT14YnHpH5m9Xvpa1IEAlUg4M/AwwWGeHI6Teoby2aymjIcKvVBh2ZyhzLsIPVnAYFAEQFPQkmWl+fZFMjdeYqIM1dcRn00S/MAjUAAAtUk4Juy+Fm2/zqpb6jqyaJK2Fo6R5qXbRZudqNXr03iJxaBeB3V/f6eVxMx44aBUX6k2g9DEQhAoJoE1pNZ8bNs//YFpnonwV/h8I3mVdK8TCthxgKBQ1omEK+pupNRzHRrqHpN+WOaJy0EAhCoLoH4ebXfb8zwxOMP/x7S06U+UJPnayX8oMr59JzrQyDQLoF4jfn545jELbj87mafWp7pcufW/Hb2ld4WwnghAIHqE/AX0puJn/dMlfp56QPS+6S/kj4h5RmQICA9J+CJaSG5QTFpxrqsljpF7pUhftDfJaqZhQMBCDQh8D2lp89zPfcx5Tle6mdLrHIEASmFQLweFzpp7EknZkjfT7ikFv8HuYeVYiaNQAACvSLwV6oofa5fln+O1NtrHDwSBGRgBLzKTtflQpPRISHxjzUT48m5kwZmNg1DAAIQgMAoEZirzqTJaKm8YynB7m5Sf9coxV2aZyYMAQhAAAIQ6JDAdSrn+eUl6bjtYb89IU08dqeF8ON5ZoURCEAAAhCAQKcE4nzjR0QLZLZ8MfG2EGZveQEmPBCAAAQg0AMCcb4Z9yq5+EW3G9VQynh0DxqlCghAAAIQgEAkkOYYu37jxwKJCcn/oFLH7eUtyI0HAhCAAAQg0DmBNM/YHScxIfnrvqJhXEkCEIAABCAAgfYIpHmm6WS0c3v1khsCEIAABCDQMoG6k5HfQZcS/Vp5BAIQgAAEINAvAmm+WWhl5GdDH5fO7lfL1AsBCEAAAhCoESicjDikwPUBAQhAAAJlEogrogVz0LhjdWVaQ1sQgAAEIACBRIDJKJHAhQAEIACBMgg8GRpZMvmZjBIJXAhAAAIQKIPAtbVGXpO7YA5a4CnDAtqAAAQgAIEJT2BejYB/3HXdRIPJKJHAhQAEIACBMgjcGxrZI/jxQgACEIAABEojsINaSse7ny6tVRqCAAQgAAEIBAI+tJAmo3jMO2TBCwEIQAACEOg/gTgZjZ2o45lR/6HTAgQgAAEI1Cfw7vpJpEAAAhCAAAT6R+AIVZ1WR1f3rxlqhgAEIAABCNQnsLKS0mTEc6P6nEiBAAQgAIE+EvA76cZNRjwz6iNtqoYABCAAgUICC62GmIwKOREJAQhAAAJ9JjA31L8Ek1GggRcCEIAABEoj4B92tbwiXZTJaIwFfyAAAQhAoGQCM2vtLSF3FSajkunTHAQgAAEIjBHwJJRkJpNRQoELAQhAAAJlEpgeGludySjQwAsBCEAAAqURmBVaWo3JKNDACwEIQAACAyEwlcloINxpFAIQgAAEAoHnmYwCDbwQgAAEIDAQAk8wGQ2EO41CAAIQgEAg8CiTUaCBFwIQgAAEBkLgKSajgXCnUQhAAAIQCAReZDIKNPBCAAIQgMBgCDAZDYY7rUIAAhCAwBsEXmUyegMGPghAAAIQKI/AQ6Gpef6BIwQCEIAABCBQNoH4m0Z/zsqobPy0BwEIQAACOYENmIxyJIQhAAEIQKDfBPJduW363SD1QwACEIAABHICkxThbbqkc/MMhCEAAQhAAAL9JrC4GkgT0ZjLNl2/kVM/BCAAAQjkBDwBjRMmo3E4CEAAAhCAQAkE8mdGizAZlUCdJiAAAQhAYByBheaehSLGZScAAQhAAAIQ6D2BfO7hrd29Z0yNEIAABCDQhMCULP3ufHbK0glCAAIQgAAEek4gn4xYGfUcMRVCAAIQgEAzAs8qQzxRdxsro2bISIcABCAAgV4T8MoonqjjZ8d7TZj6IAABCECgKQG/gSHKb1gZRRz4IQABCECgDAKTs0b+m8koI0IQAhCAAAT6TmCFrIU/MhllRAhCAAIQgEDfCczMW2AyyokQhgAEIACBfhPYMG+AySgnQhgCEIAABPpNYIPQwNX2MxkFInghAAEIQKAUArNCK9+2n8koEMELAQhAAAKlEFg2tHKf/UxGgQheCEAAAhAohcDU0Mqv7WcyCkTwQgACEIBAKQQuqrVyr9znSmmRRiAAAQhAAAIFBNZVnH9+fEz+H1CfjwPn4D9gAAAAAElFTkSuQmCC','2025-05-15 07:44:16.824','2025-05-15 07:44:16.824',22,3,NULL,1,NULL,1),(22,'2025-05-15 00:00:00.000','65771247','Ben Croft','Tony Downie','0455284323','investigate leak from hardtop onto electronics','Unscrew fittings on hardtop and refit with fresh sealant. Sealant wipe around wiring. ','data:image/png;base64,iVBORw0KGgoAAAANSUhEUgAAAVcAAABSCAYAAADgi5cfAAAAAXNSR0IArs4c6QAAAERlWElmTU0AKgAAAAgAAYdpAAQAAAABAAAAGgAAAAAAA6ABAAMAAAABAAEAAKACAAQAAAABAAABV6ADAAQAAAABAAAAUgAAAACE4NWFAAAZn0lEQVR4Ae2dCfye05XHR0MitoolQkNCiJhQIpaMQZIapWqZ2KoqBlWVlmkby1AqiX1fB7XV2qC6oJWhVRIdTOxKp5ZWKD5E1CiVUmH6++bzPx+n17O+7/O+7/Pmf8/n88vdzj3n3HPvc59773Pff/r8Q6Te7oF+csBnhPHCK8KfhUjRA9ED0QPRA/LAEgIT5CHCPcL/J+Ax5V0jTBGOF34iJPFdofxI3e+BxdSETYVLhHmC7+u5Sh8u9BciRQ9ED/R4oK/CUcLRwmyBh+atntA/QM3Eb5e8SN3pgfVk9h1C0f6/qTubGa2OHqjGA0Ml5iIh7YH5i8oe78HNCi8WLhNmCpSl1SP/PWGO8EHAN1zpSN3jgREy9Q0hq6/Tyr7RPc2MlkYPNO8BtvpfFNIeCLb1ewtDhaWFosR2cakE5mWU53W9lMATs+rnAfrzBmGB4PvPxzkSOkVgEj0/ge815UWKHljkPTBALfy24B8O4tcKGwifEFpFTKheb6v0RLnVeGBY0F++725R2eAMNZ53agZfLIoe6HoPMKlyjuoHPSsSHqB20aVS5PW3S2/UU94DfLz0fWXx6cpfKUfc5KAuq99I0QOLnAeGqEUnCO8LPCCcm+0v9BHaTXdKoT2khJHq5wEmwv8VfD9ZfOcC5m4b1OUDWKTogUXKA5upNX4yY8XB1ZlWbvvzHPiQGOxB/XUecyxvuwe4k2z9E4bLFbDm00H9zxaoE1miB7rGA2Nl6QuCPRycjW1cA+uZ1M0mwkNrYFM04SMPhP1jfXXXRyyZsVVUanUI98vkjoXRA13kgZ1kqx/cM5TmA1VdaG0Z4u1boy6GRTsWesD3jcVPLOibvuLzd1+nFawX2aIHau2Bz8s6exgIOQpgIqsbnSWDvJ2dOPOtm0/qYk/SHeevlzBupnitb7kHHSl6oKs9MFrW24Am5Hf7w2vcIm8r8Uj18ABjJuyb40qYdrmr/6HifBCLFD3QlR7gQv+9gn8g+PVM3cnbe2vdje1F9vl+If5AibZfL15ff/kSdSNr9ECtPLCbrPGDucjVmDo0YGRgN0cZkTrvgZNkgh9PxIsSv8rydYcUrRj5ogfq5IEVZcw8wQYzv+3n56vdQk/IULOdMJ63dr7nWGX6PiG+bAGzuFXAEZSvO6hAvcgSPVA7D+whi2wg88dP1qydhfkGmf0W5teIHK32wNNSYP1BuHUBhUuK5/dBPfIiRQ90lQe4qnSfYA/A7l1l/UfG7uvaQFviX0j6yDedim0S9Ak/S84jfmAwS7DxyNhcPK9SLI8eqJsHviSDbBB/T/Eiv46pWxuwh6MLa4eFdbSzN9mU9GOBvPZzjHOOYH04Ja9CLI8eqJsHOPP6qcAg5u+kjheqoNES4n8Ky22DlasQnCODO4/2QBLumcMfi1vvgTOkwvdJ3raeq1U39tR5R+FRQqToga7xAFuuXYX3BAb+dwTyGqWlVZGHaKbgHyQff1VlKwitou0k2Ot7sFWKotzCHlg36JMRBWp+19U5oQB/ZIkeSPUAWyC+pA4UmKR4c7eS+InqkwIT0Q3ChkKjxMr3EcFPalnxtxtVlFNvLZW/EtjRTbcbcprXlcWsUO9yfbJtgVYc5PhvKsAfWaIHPuYB/j7lBULWRETZfIFL1vyOmv8Hai+hUWJlOk0wnYcpTl6jNFYVTVaZcJdGFabU+1RgBzcc4tWrFGe1MfuSnn7hhbp/Ab079fDbWGr1IqOASZGlmzzAgLlQsAFUNmQbzyq3LG2uCqbrMcWHlRUQ8F+ptB0pmFwLz1bZOIFVLfQ1wcosXFhQwT+rBrKfUZoPKJE66wFuaFhfH1PAlOGOn3qtPD4qYE5k6UYP3C+jbdA1ErKdLzN5MMH9wuls9uMA8pLsPjnDLl4oYZ2JymuWBklAKDde1WnWq83XZ/tv/TKjgDgWC8ZPyEQbKXqglAf86tEPJotPljRWYnxV5wxxY2FLYQthjLCuUOYckZ+qmmzCDYRmiDM0L4/4dUKRVQZHAWFdZTVMI1UzlMd5daTOeoBx6/sl72UXvnh37az5lWmn3XzL2EPguc/zg1giNeMBP+h8fGwzQhPqLqW8Xwmm4weK903gK5PFBGryLNy7jICE+o2eqX01QVaRCb6kuZG9pAcYdzY2CNcuUJ/rf1bn/AL8dWNhDNPuTwsHCtcL1p4wnKKySC3yQOhs0s1OeqGpo5Xh9WwaMjSQHhzIRP5GDcjxdhEfUlJGP/H7h9HkccsiUmc9wFGV9QfhvxYwh/+xwur8sgB/p1n6ywB2g9xiMLvLhqd3uhGLov6kLfXUiht6neRZZ/Nhhzdqs8R/9vaUYHIJOetshI5XJS9nQgkhewZ1TU7VL6cSJkVW5wF/5YpJM4tY7V0lWB8+kcXc4bLlpH+Ss9VsTgrf7OH7rcIzBH6Gzf3xdwTPr2SkKj2Ao72DifO2r4JWlBAvmy+1VdDuEuLlPqp0M2dHnBt7eZMLGMlE7utY/FLlN3qsUEBtZCnhgXHitX4hzCKuyF0rGP9vFG9mTGXparSMccVY/b5gdobhuyq7SuBn45z/ryKkjcdwDOODSBV6YKZk+Q56riLZ4wO5QyqSe1Ug9xKl0wZPUZXh8cK0jIp8uLtG8D6zOB/2ItXDA4wJ6xfClTPMok+vcPxMsnUi7p7zwr9f8G0iznnwCKERYrHj5TUiI9ZJ8cCOgXNxNNuNZslvs/9Hwqp4I4YPC7ae2KyhPfXDFfbUFLlbKd8PRotXtSJPURuzG/DAf7i++kpGfc4rv+t4p2TwtruIlzVXxmycEXLlcapQxbWweyTHZL+ueKSKPBBecsfJTLbN0DKqzMrXOqzsV/s03VxlMpkWTkxjbiCflYHJJTw8QcZVAQ98ZwpVvDgkJlKFHghvB6SJHqACJhX68i3hm0IdiKuJHwp+TL6g9G5CVUcVPKteftZuTaxtJe6sf6atGitW5h1L/I4m5a+p+l4m6SoofFDQsXYVgp2M5RX3th/iymjHB0E5RxFsJSPV0wMnySzrz/VTTFzN8cC7XwpfO7NZjZrdFvIxavMWGDEq0LVRC3SUFcm1sZMFPrzxsa0rPwpbx/mQt0WjtJMqmiy2GlXcBsAWVhYm10JWsVUTE6XJJ2Sbz4qU1bHPv13pTwqR6usBtvnPC/TbfUISbaFM368TkpjamMfzwvGZt4k4draKfizBXh8r2U4Qz/M+wl0C9rwtcKTDgqfryJ8vmXPHNNGKo1XX5OzehJywKpPYfCd7nuL9QqaK0uEkzlmufTz4q+ILhNEV6YpiWuuBYyWe8ThX4A/nhHSaMmy8Em4fMrQ5fWhgDzZxva/V5H1AvJ20mJRtLNwmeDvou4FCVxKTqG8M8XMabAlL9pt75HE+NLJBOUnVcLD/uwO3JDFVmDdMskK/WHqSyhgMkervAVY71m/nBuYmHS+NCnjamUS32Wrhj5TXruMm00k4p00NX116zhK8buJHCnntZmG1s3CUsLdQ1e5YopqnJSUibNRrDYodrHov98i7VmGVK8q1euRiK5M255utJjor9A3pDVqtOMqv1AMXS5r1o796taHLTyqv1IgcYbzIX02wZ0hOvSqL/ynQf0SVwgNZvPDYCZrffchd3KyFC0cGLG7Cj3sm4yCV1YIelRVmlIVlDfuEKkwQ7APPV8oKyOHfRuVmG+HsHP6qiv8Y6H1E6eWqEh7ltMUDw6XFxo5ftZ7k8il/UchbJYmlcuJF/bRgNlrIRNdumiGFpp+w6q04L7ZTAh2mj+O9rYQ06q+CLwi/FKxOVljlUWSaTZn54xMMZVtfhrgLamckHD43c06bpHeaMkMn9klirDiPbUaot2IVUVwbPDDX9SMrHl6O4UuTVVA7ifHLme6DQjjG9mynIYGu0JaguKHkCqp1hhDKtjRzxxopkrn9c1ZP3fk9odUjfFOYIowUkBG+pJTVGeKt5A0lzgq0DPHWNRmPK75qmco5vNjyhmDyLWz1ypGjDNPlw4dy7I3F9fPAINeXVyu+rktb38LTLmIVfZnwlGD6Cf9bGCd0ktiGe5uIN0rcMDhNCOX59GSVL56gYCPlzUqpO0/5s4V9hLSzVa9jjPjaTjTqfcEbkmZsmnEHu/o3Ks7ZbVWELd42i6e94arSOzZFL/qXrUpJlNM2D5wnTTZ2vuni5H1PaMcOCB2cIZodFr6ovLMFJvw60JYywmwjxF9l6QBV8DLC+LMqT3qGWUiF/ePr/lDl2wlF+ut+8VndyxVvO10hjWYAYZl7cxwbsIqz+vxqibdeVcQxg8n24VpVKUiQg/3TU/Riw9cT6sSs+nsgXCHaeGrHeSZXBll0mE4fMqm2egdWtnd+HdjKhFeEWPn/TvDtC+P/pvKkOQIdzB8hP2l2wpsISfWUnUp+xXxPKleLCsI31PUl9KwmXu+IzUvULcLK6tfLt/iaRSo3yDM4Rafp5oNfb6Ll1djDhFUWgUbfojZYPxI+IbR6UhshHUnng+g/U1haqCN5P7GrzSMWZL5OGL9d5QNShDBh8nEqrEOaGzrNkF/43dCMoLJ1+RoaNqjoB6wdg7pDyiovwB/aRnpYgXqNspysil7nLKXD1c4yjQrvwnr/HPhjjy5sg5nMi9/3LfEzrLAF4YEJ+kz/fSpjJVtXChdNozIMZUxYu5LCHTLqchzJV/y3AxkvKz1UaJY4NvA2TWhWYJn6XjHx4QUrMyh93VZcWbGvgl4PH8xaQetIqNdDnBX9pCD/y0r3Jgp9Qrob6VQZndQW8p4RWDlVQZwDpumxfMZa3Sk8Jkyy93PKtDaF4cMq43ggjVitsxt6XPB1r1a6yh1SeAzTtl3CAUHDLlc6jxiEvFXMIQ8oXuRQOU9uWM51DdNh4cSQqYI0ZzxHBrqOV5r8oUE+drSirRJbS+KFab73YS2NzTDqxaAd2yj9XJBH+xgHSV+rlf0xYhwwSfLy/ZXg/ZMW31R83UK+DfjL03pK+HIfv0hl/TxzEGfXd77g68xVmoVU1mSs4tJ0nGp4PRwPtIWYwb1i4nkUfrE/N69CE+XvqK63j615lcRLgi3vHMH03K34QAFaUbB8C9dcWNJ7/vlygg/wRbcQZ8XWdxZyNGD0M0UsPwxfU9ltwveFHwsPCjMF8kPevPRY1ekmYvdqbfrAGb6S4nNcmfEQHivwTKVRfxXMEHwd4uwa+MZRNf1EAkNdK1etJE1eqNgmlTT+oSrwdXjwWkWsCLwu4kVXFEVsWktMs3p0zFe4QBgnGK2uSKifayG9jUIfWLob/MCL0Oy18B8TDN8jgc/4mwmZuJmMupGulNG0/V1hfYFd3ElCkj9OVn4fIY14bq8WkuruklapiXwmcZ7nUN9OTcgsVXXHQPmhObU3CfjH5PA3W/yXQF9VjmE1+sNANl8iGTxGuysSdsxMK+xFYdbWr+5u2F4Ghn04JMNoVlxTEuqEMrLSt6v+nkJfoZuJRZa1k1sxY13a8gmnC0sKWXSACn0di9+s/KyjgyyZWWVDVWg6fEi/tIXCrf2rOVoPUrk3lK+IrSTe9l4f8WaJI5DrBC/3Z0pzrmvEQEnaSvxI+Tx8vYlor/eVj7M9rjOdIOO8vcQHlTB4GfGOE44RrhVuFTgWuECYLHxR4MWDzCWERY1eUYPMf4+4uOU9pby87TXlxh+GG6msFbSXhIa6SG/dCmVpMmcFRmS9QY4KeJdNE1phfugkzkUbJSbqsL04fONA4LpK3yeEnbNzwNdbkpcn+MJ8k7fL6ZSP2A7OS7B7uU4Z1IV6+Xpv/ZwUZl3Hsuayok2qe68xVBzygnspRefwinVlitsiMCLtygMG+8lmdqbUaguLXAHJ0zhWDEkdzDmxX4USPzmB92HlsdrtjbSfGp3kO8sbXUOncC5o9vnQ93UNza6VSfxCzfvOx49QWZ4vx2fUp6wVlHVenre6rtQe3uBPCua0tOUyEytHBcZ3uuJ5jhVLZXSjJJluwqL0KTFeJPi6Fj9c+WEbtkzg5XrOGKG30hpquPksLeRYqS7Ex5KklyNHA5GKe2CwWJP6myORvN0qC7SkupbXt7gZhTnXztD5kMrCZ72w4EYZb+sx6D2FrOCSiG30XwVzTKveOEm6LW+S048dWUTH7SbcIZjNPkx6gfDF2PNY/D+Vz8PaW2mQGm6+yArr4p9hMiT88IndHPFEKu4BxnxSf2+WI4JvFNen1EXeDjn1GyleJ0MfOltx+yDXziOdURemcHMO6Z3M26ETxATv7dgqwYgVlHeG4+MuntWZovgAISQGi/GEYXgGG9bthjQ+2V6g/ecIM4WwnZbmo5T9DLCP4pel8P4+IV9ZHSVWWc8IfhFAuy4W/K0PJSPleOCTKvfPDn6cKjAm0oidy9mCjaUwvFtlVfcDL8xQj0//QeX9hLaTP0vBkeGSmfTeghmLc3grdZL+JOVmD+FxAp26oTBT8GXEzxOStvOsbI9N4Lf6V6osayCpuONE/3D+y7HHKGEngdU9L8m3BWtLK8Jxgfx3lO4U7SrFaW3kzDVSOQ8k7VR4OacRz980Ia0PeGZXT6vcYP62GfrMjiENym66GqsZM4KQZbWnAUpcIBjP8b6wg3Emd7MpKzxffElnQkzCT2bIYJIYLtB+zqJb+dZjcuQcGzsZ0GsKI4WxAkcaE4UzhVuFl4Ss9razjAdlx8CeR5VuJ3FtJ6vN56q86lVSO9vXKV3h7hAfH5xiDKtbP0eE/cGCrerrVSwgQj0+/azKlxcaIh7IZomzlPedkCMU5yE22kQRtofQq8K3hBtI1IQGyo65KbbcrvxLBQ7ThwpsG8AQgTdslcQkPUegQ58X2I5C6GLgsU3lCGU9oYp+k5hc4qyxf8D1kNK/EGYLLwu8QF4XGJS8rJjQtxEYB3nEw/dHYT/hSsHoQ0VavdJnsjxRONqUpoS7KJ8XUqRyHqD/FiRUwe+MFSPG9Q8Edr5JxHg7RGC8VUWsVH+eIexLKpueUd62oqekCWcZTDHOvdrlU76DFXY45G1EZ35HYOI32xfFcL7a97xrIxOXb+ccpW8TThX2Elgd8DJhQm92tbaqZPxGMH1vKv6IMErwdJ4SxmOhL68yzuqenYjpyQrxQaTGPHCXqoW+ZaFllPVtgnozhBHGXEHIWN5GeFgI7SJ9mMDxXm0oPGdcuscyVndhA7busNWXJ9gU2lin9Bsl7P2deG8SJgu8wFjd8gJhsLR6BSgVhSjLjpslIfR9IaElmb6aoCfUS9pPAiVVRHZ5YF8h9Ot/KY+x+VxCmed9S+XrC1UROy/sWSCgh+MFwj8J04QBQkuome0lb4E7nVXrKM5DfpLwbZdPdLTAiqVTNFiKX6xQ+QuS9bIwV/it8G4P2Ea/J7Cl/1DAv6yU2C7z4llG4BiFfHjYEoPXhXkC8ljd0fmsOHsL/VQN3TFobDNjMxC18BvALcrkpZNFrJSezmKIZbke4NsCE1dZ4nkZIzxYtmIK/0Dlsxo9Mig/VmmOeZ4I8muT5OzPv212V3rFIM/K16qB1UxqZk9eyOToeV5V+nCBzorUGg+cILHe58SrIF5svAhD2T59tcprtR2souEdlMEK1fs3L84Obf0K7d1IspJWx/+ufBY5taaVZR1vF3Pa1xTf36Utn7BOExJOZ/V6t3Cq8C3hC8I+AtvAzYShQh9hMSFS+zywvVT5cfNOBar/JZDp5RNnDDR7plyBmYuUCF5S5uc5Lm55PrxM5VVNdug9JkUfHyS74nleSobypsFJCwSW2N5hPs72IFL0QBEPhDuha4pUyuC5U2V+LPr4VJVV9VBnmNAri1homa/ZsbIQO1G4Vjha2FxgN1EVfVaCmIdMpw/R1TW0uCx9XrAGzHBxy7MwbrPknEiFPcBL28YOIVu4RqifKnk5YXxII0JjncIe8P4uXKkEIy/FicL/CV6XxR9Q/nCh68gfBfAxxhrkwxe6rlXR4Dp4gC+2fhxt24BRPFReho/z0HHcE6m1HvA+r0LT0hLC6nS64GWHcW7JsPjrOuK84lEhbFCYPqfrWhYNrosHeDj8eBpZ0rDTgvpe1qSSsiJ74x7wfm9EyghV4tbIjYKXlRT/hnj6C11Nf5D1SY3zedt1dQuj8Z32gB9LxIt+gFhBvFydCutbelinG9bL9Jvf8/qQ/l1eYN7gxXivYHXtKqKlCX8uHCjU6QO5zMmmvKX0Paq+eraIhT/LfDmHJxZHD5TxwGAxv5hTgY8nF6bwvKX8VQTuH0dqnwd2kCq+xUDcW2U7P1vg4j79MVTYqidU8DF6SDk3CS8IjwmL7J3j89Q4//ZIivMBIVL0QLMeuEMCwvHFamY1gbNSVjpLCIOE8ULI69MTVB6pcx5gMvX9kRb/s/iuEPYVhgq9Zi6hwWlOIZ+3S6Togao8wKSZNd6KlJ0iGV1/BleVQzssZ2PpnyXQb3z85pvNJcLBAufpvWYiVVv/jmh81mDe6++4YyJ6oBoP8DEja9xllW1djQlRSvRA6zzApV9+c5s2kNdrneooOXpg4db/9YzxlzQu+dl1pOiB2nsg6z7ZSrW3Phq4qHiAX/edLswXbEJ9XnH+jiy/vjpM4Dw2UvRAV3iAe2M2kH3Ix4Z4ltUVXRiNjB6IHqibB/ijJn5CtTgH0HypjRQ9ED0QPRA9UNIDfcVvk6kPtyspJ7JHD0QPRA9EDzgPPKu4n1SJb+/KYzR6IHogeiB6oAEPhBPrpAZkxCrRA9ED0QPRA4EH/OTK19hI0QPRA9ED0QMVeGBJyThU4K/xR4oeiB6IHogeqMADfwOUwpkV2uQrDgAAAABJRU5ErkJggg==','2025-05-15 07:45:29.927','2025-05-15 07:45:29.927',23,3,NULL,1,NULL,1),(23,'2025-06-10 00:00:00.000','75083590','Staff 1','Domnic','111111','INternal 1','ASD','data:image/png;base64,iVBORw0KGgoAAAANSUhEUgAAAWAAAAB3CAYAAAA9xZrbAAAQAElEQVR4AezdCby831wH8ClS2UVIClFkX0O2si/Zd1myJcn+F6I/slT2rZJskSVZkiVkyZKsIVlCtojIFopCfd5jzn09v+c/c+/ce2fmmZn7va/znbM85znPOd+5832+57ud7x/V3zpg4FcyiT8IvDPwucBnAq8P/FPg84H/Czwi8JcTeEjyOwZuF7ho4HyBSoWBwsCGYaAI8HBf2Mnz6AcGEN2nJ//1wEUCZwicKfALgfMEfjQgHZePa0/gfsn/MPAngXcE/jGASDfQ9rdpM/79k1848FOBSoWBwsAaYaAI8DBfxsXz2KcFHhBAdJON3p+POwR+MYCr/b7kpw+cLfCgwI0Cvx94TeANgfdMINkJkvsvl1bjPzj5uwL/EnhZ4EWBawYqFQaONgbWYPVFgIf5Et6ax94wIP1FPm4dOG/gyQGcK4KZ4ugL+fhEACer331SvlIAd3yh5AChBmdJ/ZKByweODyDaOGTEOtVxukY+rxv4q8DXAh8MPC6AQ05WqTBQGFglBooArxLbo9EP5nGNuKY4TjjbZ4xLh/v4VG5H2MmOcb2I9q+mDbFGoHHTV0n90QGyZSKQc6V8l4A5vTb5TQOVCgOFgRVhoAjwihA9eQwOtXGbX0wbwphsJQk3/eo86Z4BSjsyYcT3LalLOOfnpPDvgRcGzh2oVBhYEgZqWBgoAgwLqwOy3/Y0VgytPET+8Tz0CYFLBX4kQAn4vuQ45eslJ5PGTd845R8KVCoMFAYWjIEiwAtG6B7D/XDnOo60Ux20+OU8/Y8C5w9cNvDHAYn44nkpfDjwuwHXk1UqDBQGFoGBIsCLwOL8Y3Q5yavOf9tKe74pT/u1wMkCvxn4WOAnAhSA703ObI45XIqVNhQDNe01wUAR4NV+Ea/sPO7eKVOUJVvL9F+ZFeePsycnknh2conZHIcQXPGL09AVq6RaqTBQGJgXA0WA58XUYvoxMWNq1kZjp/vQVE4SWOeE0N48EzxNgBLvS8l/OnCdAMsL8mI2zKlWKgwUBubFQBHgeTG1uH5dAmzU38oHu9xNsDr4SubKjA3xRXA/m7pk7k9K4euBpwRYWSSrNA0D1VYYaBgoAtwwsbqczS3i1X0i+1webndOY1dRl+paJhywF8k5MrvbBHDAyUbkxrdNgfMHW+NrpVypMFAYmIGBIsAzELPk5hdk/JcHuunHUnl8ADEjG+4q7NK8lomcWBwLXnzM2R6bWWojqhDH4iWpc4G+R/JTBSoVBgoDHQwUAe4gY4VFHCTuEOf79t5zxX4gG7bdR9wQsl6Xtaxy6Lh7ZvYzAWIVSroURxw+HpWC9YhlMax4IhOpVBhYFwwUAR7um/huHs0zTXyG3075fwPdxG1ZmErOEX+fC/cK8KRLttZJKE02w+fMLK8fYLaWbJyYtYnc9sbUKPCSVSoMHF0MFAEe/rv/j0xBfN8fT/7UQD9xV75EGh8ewGX+T3IiDJ5rYjecIvV1TSKvXSyT+7kAS4pk43SZfKqLX3HLlMmOk1UqDBwtDBQBXp/vm2ecAOs4R1HMvjljaj+QdpylAO5iN/xn6v8cYKdL1nrBlE8bWKckPvH1RqMRT7pHZmLfCEgcPP40BfEnbp/81IFKhYEjg4EiwOv3VZOdimJGlip05LMyReZdyWYmfW+Wq2St707+bwFETfxfkdFwysQZ5MkI/M/muvCVyXYSThqnikiS08oRc30R/Z2OhygQpxClkHNz8mhD4YBZVbCTvkFrrLwwsO0YKAK8vt/wv2ZqPM5s0VkViMvAOgJ3LJBOLs9MHDsE1SFfdiIGTplCj2nYh3LXBwLiDOOyRWX7auo46bcl525MTitHzPUl9kDQxRDmeGE8VhziDv9S7jlpYD8Jt08efMbc9DuB9oK5QMriHpuncqqVCgPbi4EiwJvx3X4702RbK8g67phlAdnwmdPuBA0RyxBnMX0R0jSfIE1roOgTCe2U0y722hB0MYS5HuOor57r5vPS5IL5sOygVHRU0m+k7b6Bnw/slhB1Fh84Yhxw64tTt17OHWW+1rCy3PzKGd53JgIe8D0KysRSZ57/j9xeab8YKAK8X4ytV38WB7btz8+0EMMrJkewfK8sJsiUtTv+CEH7u1z/TmDRCceNS3dahzCbwlw+LA/xvHZO3StSJxJh8cH9GgcsBrHz7ygiOacQd3BUSdeRdWj7SCqIQLJKS8IAUdOfZWzfmZ0W8D162Ytf4uXuhZsulRaJAT/URY5XY60HBhA9ogJWFX48vNP8qC6d6Z04gHs+KJAdI5o4JtyrH+2rMiYCT6SR4tR0tbQSiRA5sBNmE4xj9xIh2mAVcYv0MV/y7MbJO5QUEaBkzOVKC8YA2b/vEJ7tZKYNz76byMl3o9+0PtV2AAwUAT4A0g5yyxbdw3RMDIi/yZoQ0/slF1oTgedGfdbUyYVx3gDxRJyJKHJpaiLaYBeMMBNpOKcOt8z+ud2AKHuusVtb5YfHAE7Xy9FIot61FzORkJ2J9gZeuHdqlcoPj4EiwIfHYY1wLAY+mWrjlnBMftyIM9M4P+6L5jpRCQUeOSPi3LjdXBonXBaCS4zCxA6H7AKlHbM1lhSItraCw2GgiXe4jBNntdGIf+D/Ma1hkiPCgi9NqpUdBgNFgA+Dvbr3IBgg4yV6YB6Hm0KcyXspeoggmNKxwGhjM5uzTWaJoY3SkFMK+TLFoLaCg2HAS5Ec3t12HfIufDQVtuUOjk1xJxEX7VS2tGAnh4EQqZDVEcUkcRmrIFY6z8y62eKTk7cTztO0v3Q0CPD+cFK9h8EALpci6Lg8nlKIQs42uJmoUfTl0k5ip8yKApe201iFfWGA2McN8EjkozwNmAYKtNSusTvvupi39m3IBcXC9SO6uP1rZlGIMUaB7sP/JSsdzAJvVJYilODfSr/nBvYlIisCHIxVWksMsFe2DSZ2oATCjU2bKPfsZ0y7UG17YuCXJz0QYARnUp2a4ZAR4nbRySg4xFbfT46gsUsXgpXY469z890CCHuywRJO1ovFXPY7CQzCTXITHQYlOI7Z0V5pmp2KAM/GTV1ZDwxwW8Z9CQLPKYU3XX9mt0oDgo0rTrHSHBhgNugAVsSi65U461aOO7bd3es4RFvwbttuZdwloo3Y88y8QjpfLkCJi+sk70e4cJHETrm0smReOFlcbv+hPEs5J/Xbd6vjmB10C7/s5qf2XQEBnvrcaiwMHAQD3LIRWQ4DfcUdWTHZ8n4IwkHmsC33UISeKIsRv5nSNMU9EzGFXUm3437wjYtGtLv398sIFy6SBU3/2rLqON/+vBBdIgUKX4GyeGaeKxOQUxDDg5cGXUSad03s8Pty9PENRYDHaKiPDcPA72W+ZwiwiCB7S3GcTpdPMjk/mhQr7YIBAZ1cZlY4y/7X9T6Qy3O0ae3ziiIcNIDQtfv2yomdmDoiyHv1Peh1HDn7cpxvdwxrZK2D0Aoe1a7h0HHCCLM+FJRs6xFlcVu0tb7d3OEKQrQSvXTbR0WAj0FHVTYIA5w+bGMRgK69sCWwknidQsFMDHATtz12CsvMTjMucBHvXiIy6Nb7ZQSub7pGnkzBhZME/YMJjIFL50G5DKsL7vw4ckTWsxogoggsm/PWtleOKIvbYh1MLYUHINsedW70PIwBW/md5iLAO6iowoZiAGeFmJCzNVM1S/EjoLjjHu1Hoa3gexig7BIKFF7Izr/XOv8nUywEtN3hJUh51erd3Mkvfc4XB01BRaSB4AExRnCd3XGNg2Cx1hCcyj3aDgvk33ZR/XkhoKBPPPf7PPdTyCHM3XtZTdBl7LQVAd5BRRU2HAPPy/y5SXPsSHGczp5PAYLEn+DckWqlYECQ/GQj8t95ZJj69oHSqtuGCON0+9wwT8luP4cJ3CUN0zwj2YjfNdfIf/tiEYGnKLVYT6TLoZKDArrEl7xXbBIvgkMN3LmZZQnRhLE7zSO7tlH7KwLcMFH5NmDgc1kEzbqtpSOfUh0nP2hu0+JgjBuO+MeFJ+vnUNA/Cmtyac8MFwyv3Y6IGoUThRZCQ7whxnS3DwVqt94v2/oj7kzkxMbuXzfuo/uNU+vTG82xK1f2IhDidR5LkOkj7t5q7G4Psu2dehHgHVRUYUswINobO07a+S4Rtn21vaV42ZKlHngZ553cOc2kb3JprgyhZMvb7WynoR2neufuhZTZaxMLpbhnYhvMsoX1ADFT9wZEjCkbN/du+25lRNeccOndfv4vzLfbtshy/3nHjF0E+Bh0VGWLMCAS3H2yni4RJkv0w5Xn0pFN4i9bfF9GqW2/QMZ+6zlushXvc8xz3Dby0hRfui8eYFFAQfemDIIr7iv50jxOxAC43iempl+ynSQWifF3GpZQsFMgWukOfZtWKQLcMFH5NmLAthI3LKB9W58g9LTqOOTWdtRyxMuaD6KAc18fcLaUnpRPk2vHZNqJFDhzHHNhzor7KcfY3fZvYQaGs8UlC8Ha4jP4fnGf78kNcu7DKe4kY4lFstOwxEKfAO8wBUWAl4j1GnotMODHOY3TYy9MVrwWk1zhJDgVtDP+yFsX9WhEEhFG6HCWiDIipw24fthnsbvFRc8i5CwpWBr4bgHOd9ozjWGsadeW0dY3k+T9N35OEeAxGupjizEgmA/N+lcma/zvSS6jjRcYXvmoABOstlZigVZeVG7LjbMklkDkFkF4u3MjrxXY3zNYSnR3N91+08rEDU72MMa068tq678wBJsaP6sI8BgN9bHlGHhz1kepk2zErpR2nROCOvMjNqHK2wK7reMnJxdZP3x1Ut60DJHHZQtNyj3Yi3QWoX9HFscL7QbJKfTa/0GqK0v9uSHAYzFQEeCVfQf1oIExYNvJe840cE5+mMrg3vkQnzjZ1qcmfvh8Vrof7jHd1zIJJM+xg5iDYwlnDuVrZ7acTZjBOWnlhakPmcyx+/yxQrAIcBclVd5mDPDjF2/YGskKnYOGk2qcMCLMe8n1bQZco/V90ccWAoUXjlMg9U+v0fr6AY/YSp+7CPAafUM1laVjgDNGi6Jm28pri4zYg3GGTJ246aofGNb8RlyhKa4TcTKfbQeKOErJ7jpvVAS4i44qbzsGxBNoMkBH8QiizSazHT4pBi0zppNuMSKaEq6teYuXulZL8+LvK+NuUQR4rb6jmswKMCBmRHsMRw2xCZpoQrsIXAz/lbcRTj1ZFBnwpFjZkjHA2845h32zxy8XAV4y5mv4FWNg78cJGygGgp4iqNmSk//+QxqagbwAMo1TTPNWpSYDbmZ5W7W4NVqMeNVEXixNBBFykEB/eu8rAtxHSdWPAgYE4bZOXnE8poSxZCvcfg+nzEVEONnWpfZiEQlt6xa3BgtybBZFoMBQovD5X5o2LeKIB7V/uGkdqq0wsK0YeEoWxhY42eh2+Th5gK0wr7kUx+m2+TxVYNtSswNehhPGtuFq3vUQW9EtsKhxSkuLNjftfuE/7bwERPpEEeBpKKq2A2JgY26jm3oj7QAAEABJREFUgHLqAc73jJn12CYzuTCH2lIckZWS3Y226M/vva3vk1u0riGWcpU8lGcdouvopKumPit9IxcQZjbJYlfQQ2irI4mCmEpHEwM8qcY/giyfGCLZiGwYd9zclYVT3CYuGLFo66GVt+aC+TEgpCUOFh5fmdt41yWbmRBmOyk7LC/5rvPP+CZvxHGhPgoDRwwDrADeMlnz+ZK3UyJwxg5RTNNI4BrbReVtAMfhnH6ykK9N8sp2x8A5cvmegXcHXh9w/FWymYl99WNzlT35lZMLUJ9seioCPB0vm9hac94/BrpmQS1yFoP5RpiNiIORbwM4GNI6BK33AlIuOBYDF0qVkw4Fmh3RR1J/ZED8hmRTk5eZEKdCbrKqETDefVM7dxuLAHexUeWjhgFbRGd3WTevODnixHxIGYgtgENW3nSwFbYGbsjfUigY3Tg4eEngdQGOOswRvZj9DwitmeaZyctaMCdnEV4vvZ4T2FcqArwvdFXnLcSAExUsy5axWQhoay7KrpEFyzcd2vp4AG76Wg4yfyZhbL5fm5vJcQGFmJObBfBx8Gcu7ZqcwmFX5Ogl4ghB/wV32vWmWReLAM/CzD7bq/vGYgD3Y/InysdlAhIlHDmeMiAHFsZSeZOB6ZP5HxXxw8myWApWRNaaOUUIPcoNPZfmSpSVIqkRL3BVF4uYXJclzVwD7NapCPBu2KlrRwEDXc30JTsLZg0hZq4mW3cnLShvMlAqmv8XfGwhXCpr4lDDtZyds12MkzGIGXCsuTxXYuHAHd3JFaxGWDsQLxhvrgHm7VQEeF5MVb9txYAwlTgj63OAoxywk7VVVQbbYBPcuPjmcm1dmwwUXk40cbozcQJnGjsX3Oq8p1+zbnhZkODsQIeViinstGVBmd6Y9qWm7SDAS0VRDX4EMPCxyRqbidakOnpnKyRnjpRsoxOFogVsqgKOI4PodXYtCO6nshhKsCZaSXXXRFb7hvR4auBWAfEaeK1dM2WKN+7BKa4uFQFeHa7rSeuLAXI+s6PNljdgiiSKVavvZorU+qxrjvsV89j8GsevvM5wpUxObIVGcN+WOuLZXiSp7ppYNZD/EkvY3QhExJmC+/kzcye5cLLhUhHg4XBfT14fDLTTgf0emhNGm50fbitfpxU2MGcBceLJvJs78qS6FpkYzNx575vZECOQt746ZS688xBcXo1MyZz/5jgi8m5rpkB9fMaZdjJ2modN/uEOOYO6vTCw8Rjw47UIHKIIacrTwFE309o3oe1MnUk2jr/TNEiRRQGCK1yj70BAG0dF4VhZMOw2KS8R38dD04l4iKL0Cik7/81xRJRwqa53KgK83t9PzW41GOgqpXBi7aldqwhtfvDyTQRBh9q8h5IBsypgU/3ETMRLgPILwZ1Hwfnx3POqAOJM5utFyXb3/mlzMGeyzUtFgDfvO6sZLx4DXZkoLbgniIZ2c4UJiHw1KW5kRuHUJt7M61p9WTlLBAT2Q3kApZkXGHHAnVJnU5tsZuKhyEb7+PRgXsaNmojC/e9P21qkw06iCPBhMVj3bwMGvt1ZBIcMVWZJXdtf0dO0byp0LTyWFYz9+kEOszBBa7zUiAGIGM6Z9r2SAOZ/nk4C4bNMwLGTuT84bd3YHKluTyoCvD3fZa3k4BgQG8HdCLHAKjTlfeKLe9NnU+F0nYmTn3aqBy5ybhAzgXgAh+t8PWZh8Mftd7eBP5qLjociQmBehlu+SdpwzGxzU9z+VAR4+7/jWuHeGGjbYVYC7Ey5niIu7kR4bZmVNxmYYLX5d2XerW2enBjAzoA4hgkXYKp31jluJvMV/Ogh6cu8TGjM66ZMicbMLMV9pi3oXgR4C77EWsKhMdDlCB+V0brEiqInTRufuiIIFgfzLEhwGlYFrBPcQ9n1mNzINbe9oFKdmQQvF9pRoCMuveLjItivmXnHEbtQBPiIfeG13KkYIHroX8D5NoVc/9om1rsiiGnrtSY7ARwuMy6iGI4MOFTKr651iL594GX28jQi2EQQcOf4nSekba7YuOl35FIR4CP3ldeCp2AAd9ZtFh9iWzjftq4uAW7OJs41E3QI4SROICbA4XLNZVfb7p2SjxBcThK3zkUcrl2DmMocIbj7prnSXhgoArwXhur6tmPggVkgTX2ycaIYOte4tD0fuFHcbVuRSF+UZqJ+iW179VzYS6SAQJONs+M9f/ojuM45e0bKxeEGCQdJRYAPgrW6ZxswgPA6cuYBvcV8pVff5Cqi+vAs4AOBxvWmOJpHacaMDGfM8cGJIOyIyX45UYg+Nqq/w2OgCPDhcVgjbAYGEB12peLD4uYQ3nbkTDe49iZsn2dh/LS54IQGHmPWCO6Vtnk4euIHHO7t0/8iAY4oRAocH7yo0lRp0RgoArxojNZ464YBnO6LMim2qg5OdEICzjBNI7JeHCKiow4o3+SbAhwXWBVwevAiOS4TZ23Q1pjqzMT860G56mgdcnAcLpmwc9HSXGnZGCgCvGwM1/irxoAIWM79EsuXnBOny960zeNdKTw5QNHkCCJ9NyXMpLWR33pJWBtgVysIDUeGLGuu9Oj0IhfmAOEF5XDJNFVaNQaKAK8a4/W8ZWCAFh6XK0C3kyyc+2Ub3Z4lpgBOT1hDcIdcEAimHc1z7tRb2jMod+u4gpwYgFmXI3YQW2tj1iWozTyPZ052z3SkaEu2k4yzU6nCcBgoAjwc7uvJB8eA4OLkk+SdlGZECbhcR9S0USmKEF3mZGS/OD3cb7vechHPbjip6D8pLiwTtesSGc1zEH9xDnjcpWlqIiLxciAyYerFDtcRO1M79xrJfsl8iSDY7YqLi9vtx8I9Se++qg6EgSLAAyG+HrsvDAiufffcgUBSkgkm89LUyTvJLlMcJxG0WvQsplKIru36+OKMD8SxXfpgKxwwZ+rFTEsAGS8Apyt/M2PZ4gsoQ+bqJSAa2XvS7twxZlxObaAEw+VSEoqTS2mYLjOT/tYGB4g6kQKHiUfmDi6/np3iOIlzPC5MPvSdFCsbEgNFgIfEfj27jwGcIdEBzg1RQqS+k06fDuDkjh+NRpdNuZscU4MIIdIiaCF+iF23z27lG08uIoyicU2qc2WCnDsy51npTQmGKLIaEGBGzNqu6Ve6HJOctCHgj7PJzAHxPqZDr+Ll4qXjngvlmhcP7p7r9H6D18Bphqg0NAaKAA/9DdTzYYBHlmNoxI2lPOMMgSghUv3/Ue6xT8pNguZQPOFgESEEMM37Srb2F5/csRfRtq0nqiBffmPuIR74THLeYOIGm0uqC0vw4FnGJgv2crlWRnd6hBdTinOnvldbnyOee6DquFgM9P+5Fzt6jVYYOCEG2N7iWJ+dS2SWtuM8shj8nz1t3SRmwZvS4CBGMl8EmSXAHdP29IAYsskOnJhftZsR0lZuuZgG90nlrQFzfX5yVhOsJxDFVJeWvFDY5cITp4jDPMjOons/UUe3XuWBMFAEeCDEb+ZjDzxrCqjH5W5bZUb9lGc3Sx1X2SUOOLtXp10ELdtr7q5EDrdLG6+svjIpzYdKtvNtACKIVmZDi9sVWFxsg8Ylt+uHzSkN4UCYS/Je3mXEF91xcbtkxkI/nqV7YQHlrnx4AcPVEAfFQBHgg2Ku7tsNAwiYQN2URLbqtveIat/eVlDup2WgWwRssck2iSOYWrlXRK5cWkrC3baB3z4pECNQ3OF4cbuT5kNl1kBGbFzmYxRgPNMELnfKxisyOsUdmS6xi7l0OVTOEUQz85yblqGmpv7vvPvSm3pDNa4GA/0vZjVPradsIwbY0rJUcF4XF1hxXxGc7lad8ofogOxVbAFBudmosnOlZFolXsyzPY9DAkL43jRw3BB4PMVxEisYEIeMG/b4oBR0LI/THVgyOBmCoo4FB9nxbrcj+rjtq6VTlyOnzCP7deRPLu079WW+LDP2PUjdsHgMFAFePE6XNeI6jkuG2oJ1I2gsFRDi7lxZMJBjig3Lfpfy7DnpgEgnGyxxwsCdtwkgejj3Vm85m1nQ5xpt45nEsUwgvz5HbsDdUgqSG7OoOKjDA3kzsY0X2pcybkuO/HFkT6vPm5+s19H30Guq6hAYKAI8BNY3+5mIzWuzBNtkJx6wPWX0n6ZjEgJEfss5giZfXwq3YzoNWGH2RTSAkM4zDbJrLxihG71MrJkYg6yW6ZnTIuYZZ94+cMUyhMIPoYdv93K06Mau0LYX9H/nfXnzXvfX9SVhoP/FLOkxNeyGY4BdKzkkIoAoXH7Gep6b9hsFcIO24CwYUl2LdLbMQvBw3DiXZUSIXLrPDX49/cwbcRbvltwaZyskI7deHL+XSbqtJAklSfRAceeBOHEOHLzq1OeBvgiiHUI6z73VZ4kYKAI8J3KPYDdKImIFRJdzwzln4ICyjByXrJdlA639ornBGY/etVmAGoHWWU8gth9Lbwo/c8SVpzo+1QF3KWYCzpIsGGeMcye3ZZpGLqzvkIBgEvfwqDMPBJUYp3vOm/ZZoH/32rzy7O49VV4CBooALwGpGzzkxTJ3oQ0RXYqkvjw3l8cJgeUkYBvOXAxhO6yt6njgA36wLRZDgVUBImX+1kFeSmSAqBqadYMjd5iY8VRj5kaMwPOOCy+zL/3WEcirRUJr7tIUmCxN5pmreBTdfn2uv3utyivEQBHgFSJ7TR8liLeALwgoEyic47SpOnYGJ2wrTsSAu5xXfjptvMO0sVJgusWBw2m95LNiKHDQoASj+MPVmqMXBBECoNi6Rx5MmYW7T3Gjkji9XnzNikFUN/LovRZBidjt861upcrDYWAzCPBw+NnmJ1MevTkLFMRbyEPmUqmeICFkV0qrkI8C3SB2qa4s4fREOiMSYabFegIHTvHFZhgxYTWAG+Qtx5KBiAFXi1gRkaxssit4ENGD76Q9ikx7L472u63zJCfnnhQrGxIDRYCHxP7qn832lvcV7k+M3EvNmIJQiE6KoLhCyGznZ3RdeLNnEhEwVxOQ58N5AldkL4zTpIygstVlfSEYDjGCsjbyXi+UdNvaRH7LMxA3bJFcsylJlWdB3wytT5Bn3VftS8ZAEeAlI3hNhme1IGA5YsbtdZpsF1fEIQLBtcUX82DZwcl5f+G8WScIsMN0jbsyhRgtP26bqy6Rh602TpyVBW4X1/vZNcHvqqfBu84Lpz3XDoaSrtX7uRdXtw0R79arPBAG5iDAA82sHrsIDFAwkYey27WNR+z64+KGyU7PnAtcgrvb2zQtNBEN8I5jx+pl4DgdZ5qxOkB8iTi4I7NGEKfBdR5qXWeEhU5ogwcTtJ2pHIWjZfje+rJe7aAfDY1ViPaCgTFQBHjgL2BJj+fVRV4qmIw4uf3H+AESMbB6YA2A+6SE6/c7TF1cBQ4YRB48uniMkcnaMotiZhtNkYbTxgGbK1tX4o/DPPco3esFxT7bmilTnXWn3Ae2w902u51uvcoDYaAI8ECIX+JjmY/hGslR+48RX4CDhK0/wifmbL/Pfpsh5g4AAAaESURBVOviFOBsr5cbRTwT6wE3izvD2SKq5M24bDEgtCPGe8VFyHCV9sCAXQRnkdZN4B4im1ZvOa+6VhaPQxzjVq98Fwws+1IR4GVjeHXjs4O1HWUt0H0qpRUZIbkvuSri2L2+3zJii7PFQXO6YApGMy+Sl2DpzMHulkGvGDAnCjxOEEQhaaq0YAwwHRSQ3ndP2UY0QZzUfQzLkFY/UQrNLjrFSkNioAjwkNhfzLMFMWcXivB1R+RwwKKAHayYts2Av9tnrzIxApktgopzFY+X5xjPN2IELrEIr3gFcs4MnB2OqnJsL3wu67rIc2Ipt/HZP3fl/adrFyY52+lJsbIhMVAEeEjsL+bZT8kwXU8nhzwiuhwO9mPFgGu6acbiTcb9lmzR4Y5kuLTmYvQKoM5CwvgC0+CuVx1GMlOs1MMAhxgHc9qRuESBSemqDIgd5EAUOIeaKq83HIHZFQHe/C8ZMcTR+GExRaLQQhhnrYwIgSKMLBjXzMNNYHScrR8uiwNmYKwRKOiYfTFds9XF9c4at9qHx0AjwGZiNyLvg91Sv63qA2GgCPBAiF/wY5kZCcwiDkJ/aM4WuFgyW0o4oghxap3GS1RAOcb9mCiDKIFRv2OBcFX9saq+3hhAgCk4zZLYgRhKmbWLHJATywvWAANFgNfgS1jQFDgr8BbjoksMgatlsK8sBgIumWwQ9ysuAlM1x+RQkiHIC5pGDTMwBvwPtCmQ3St3RQ4O+9S2B9TlVWCgCPAqsLzYZ7DrZdHAmYFogKyWaAB3S+6Lc8XlEkXQdoulwGrBkTg4WyKGxc6oRls3DOCE25yY/lGetrr4H61c+cAYKAI88Bewy+MpxZwPJgSh88CYFwlEw5xLQPBr5l5yX0HFmXyx7eX5xr6XLbCg4ulS6QhigCK1LZvDCxFTqzsQtJUrHxgDRYAH/gLyeEqxiyQnp+XJxIkCYWVTy72UcT3PNe0UYuS9fPttNRtXK2ZChqi0JRg47DI42PgfMo4oduy0lcF+LGP0L1giBooALxG5vaHPkrpYtQgtjhZx9SNxPA5nBp5rgm7jdJUFOxe9rHG1uBrWDWS5GapSYWAmBrgav3hyVcQ4ThqT6qjk/Q0Ta5AXAV78l0AZJqIYZwVhFF+XRxAd4Dz8KBBXcRdE81Kmleap1Ce0ZLm5tVJh4EAYoBNoN7KEaWX6g1aufGAMFAE++Bdw1twqIDjzLmeHsTpwdhe7WuESiQuIEVxDaFke8CxDaB1bzosMR9vVUGfISkNjYEueL05EW4r/1Vb2sm/lygfGQBHg3b8AFgc8ioRpFGQGMSUyYElAm8ysC2H1z84qgSOE+gUyLOLMzMs9nBzSVKkwsDIMeLlPe1j9L07DykBtRYBHI0QW4FidmCuil9MGcLL+WY/Ld+PEBbIzNrX6OYWBlQJulteYM9VaOMV0r1QYWAsMUNKuxURqEtMxcJQIMIUW11rElBcYEYDTF5h1OQnCaQsUZe8Lqph+4WLJc8nP2FLiZhFZwWbSpdJSMFCDLhIDfS6YuAsTschn1FiHwMC2EWCcLDhPcCI+7YOTc0oQVEbQGiIDooE0j5h8MeUiMhBPgQhB1DD93pIO/lmTVSoMbCwGEGDB8HlEMmV8RFZCGZys0jpgYJMJMI6WyEAsA84HwiXiZu8ZxCKoIkBxWEBYcbccF3Cy/iHJZUX8oiRL90qFga3FwGOzMqEpOerYxaVaaV0wsM4E+BRBEmBBIEwiAirC0zPTjsgy8xLv9gOps6klh8XNcsflousUBva1lGXpUmlvDFSPwkBhYJUYWAcCLDgMbzDH15DPkr/yXaf8cmbYHYIQVgfgeSnfMuAEgIclR3QpyogZxERIU6XCQGGgMLAZGFgFAUZcyWUpwCi/7hrUIKRCJzqt90WpI6hcJsldyWtF6npA2hFZcQ44LRAncLFMc6XCQGGgMLD5GNgPAeZEIGas6Frgglk+7hTHKncW2QvSxqKASECsWaHv2M2qEwvgcslmn5t+RAiChDinjGkX5ZeDGh3ieBQPDQxKKhUGCgNHCQMI8KmzYCchiCMrgDMzFRwqIghoTRFRnl6A0wFgwnW/3CtYDGcFLrWCwrw/bY6rIbc9Z8rksoLNsJlFdBFi8lmy21yuVBgoDBQGjiYGEOBLZ+lsYhFSnlwtcMcL0358AEHG4V4jZUQUQW1AfquN7JbIgJaVKRfzF8D8JbdVKgwUBgoDhYE+Bv4fAAD//7bBWmsAAAAGSURBVAMAgyg5x3RUv0oAAAAASUVORK5CYII=','2025-06-10 04:53:50.385','2025-06-10 04:53:50.385',26,1,NULL,1,NULL,1),(24,'2025-06-10 00:00:00.000','36904044','KatHendrix','Blake Norman','123456789','Maintenance Item Description','Work Carried Out','data:image/png;base64,iVBORw0KGgoAAAANSUhEUgAAAVkAAABvCAYAAABGprPfAAAAAXNSR0IArs4c6QAAHlVJREFUeF7t3QvcfelUB/BliIqiqQxDdMEwFSmKQhfKXbl0QUjInXwkl6YolxByJ2VUIgmRSC6VKSKZxj2Kyp0kmWHca39nnsd/z/mf8777nLP3OXufs9bncz7/9/++ez/72evZZ+31rPVbv3WuSEkNpAZSA6mBPjXwLRFx9Yj4j4g45Vx9jjzxse5d5v/oid9HTj81kBoYTgPnjYjviIiLRMTlIuISEXFCRJw7In4oIo6JCHa12tYrpZE9ezHuEhFPKuty14h48nBrlCOnBlIDI9fAt0eEz/ER8VURcdWIODEivi4iju0w989ExEci4p8j4sZpZM/W2DdHxL8X5f1tRPxwB0XmIamB1MC0NfAVEfGdEXHliPjWiLhmRHxPh1v6VES8MSLOjIh/i4jPR8SLIuLdEfG+2fPTyB7RyN8Ud99vLlUU1kHfeUhqIDUwAQ18TfOdvlVEXD8i/jsirlC80/McMvcvFsP56fLv7SPi/cvcbxrZI9q6V0Q8pvz3js1W4WnLKDKPTQ2kBkalgZ+MiO+LiMtHxA9GhFhqF3lzRHyyhApOjYhnlm3/UR5ql8Eck0b2iKbEXV5b/msrcKWuSszjUgOpga1r4Ksj4roRcYOIuFHH2OmHGs/2DRHxv8WoCh+8qXye3tcdpZE9pybfWgLefisuKz6bkhpIDYxPA2zXNZq46H1LeO/SB0zx4xHxloh4e0S8LCK+MiIcz5ESi/W750fEPw5xm2lkz6nVB0XEA8uvMgE2xBOXY6YG1tPAzWTsI+IWC4b5v7Ij/WBJRsGq2qEKHdw0Iq4VEZ9oElwvblADfxURb1tvOoefnUb2nDqCc5MAqyKE8LrD1ZhHpAZSAwNp4DqNh3m9xmBeseBTL9Q4Qgxp23bxUBlMjtErStbfdH4gIn66+Q4bgycLAcC4/s9Ac507bBrZo9Xy0QYz+43l15JfkmApqYHUwGY0cFxE3KFgUzk5sKltgT1lMP17WhOD/aeIOKN1AHzrbRuI1Q1LeOAFDZLgz2aO2cydlKukkT1a3c9tthAyk1Wu0gTUX7/RVcmLpQb2RwOy/mBR4qQ/XuKss3fPQ31h2fZLVM2KuOotG6P6UwWe9awGVcC4gmptXdLIHr0EPxcRz2j9OpEGW39McwI7qIGbRET9qKqa9VZfXkJ3fxcRMKptUYkFQSAUoBLrXU2J658Uj/UDY9NVGtmjV0RgXFynLVmcMLYnN+czRQ2orvqlZpv/Ew0m/WtbN/ClJtP/FyVm+pJSkjp7f9/QeLPfFRHXLrHZV5Zz3jl2RaSRnb9CwMgqRKr8evMD5EFKaiA1sJwGkKco8pG8ast7G7jknzaeqPDcPOiUvIgwwPcWRis4WCWs1bguN4stHp1Gdr7yHxURlZXLEWAg6MtSUgOpgW4akNmHYZWAqvKOxgt9Xsnwz4utCgMwqpcpxQRQAIoDhOz+q9tlx3dUGtn5a9ImjKlH/Gh5i45vFXNGqYFxaAD9nwKB+xXIlVnBq/JW/7ohYhEKEBqoUukCIQpwCVwwImz/X1W8VmxWk5c0souXUHYS6LmKcIGwQUpqIDVwRAPQAfDloI6qJPGqire+JiJ+p2T5sVZVEY+VyELMAhFQK62WIl2Z0gKkkV28Wm2OWUedPhOsn9I651xTA31rQCLqbk0oDRrnkmXwf222+s8uhhXRCuGtgkTCn0t82faLxRJe7s5LGtnFS3y+8kC0E2BAzr+/809F3mBqYL4GFAYoTb1/SUo56gsly//ExpN9dUQwvugEeaoXLV0D7ACxWLU92r3RcRrZg5e6zWXgyOQz2JuvRt5oSwOQAbxRXmsVNf+nFNiVEMFlS7gAo9VDmvABhis/772kkT34EZDpbFd7yYj6XUpqYB80AOgvCWXLX+WPC28Aw2q7/56mKABqQGcREKuUGQ2kkT38kWh3THA09h8PWko3DWg6Z0v5L90Oz6NGoAFtWPS8g3ElYq0fjojzl+qqRxbugBFMdfxTSCN7+BohAn5p67AMGRyus3pE+wX1nAaec/Pup+aRW9DArQu2lQdLNAPkydrB/X0hY9nCtKZ9yTSy3dYPFOUXWofC9NXsabcR9vMolHRVYB5na9T3UyvjuWvgf0kquzPNBHmqelqpwMKrPFtePp6ZT2gmaWS7LZYKlHaN9BMi4h7dTt3roz4XEVp6VMnnbXuPgzJVva5k/LFVqWCU8VeuCoKlEABtIEYsVVYpPWkgH/ruipxFGkgG2E6lLNZA25N1lHYfSiRThteATgAIVbS45q3qBoDZimEFtbpNQwV49zIN1Vi/WHhah5/Znl0hjexyC66K5fvLKb/WVLc8eLnT9+5obPU/1rrr7Js2zCNwbKm64pFqew2r6mXGI+WdYriq4kUnPv5tTfmrEI5KLR1ZZ1+Iw8x0D0dNI7vcontA8VsiGBa78jDzEFLmawB7PW+qSrKZ9fOk1DbXmgFqreJ77IUGTqULADjVrODjUMV4n/KHxzX/2p3l89vPmiwcJY3s8gp+SgNnuVM5jQcgI5uSRnaoZ0BYChdAbSB44eKhntr8TndlrFaHiSICVVqcAq1bfnmozqyHTWQf/55GdvlVV2arDps3S65e4C3Lj7T7Z7RbrLvb9GQPX3P1/bx/GFXMb58tvBkaAPosw/wvHstz1UFA+EDslYFN2aAG0siupuwHNFnzh5ZTQbmuVr4Iq422u2fpy6RvUxW8D/gfUo5ogKfqRW3bL1ml86pYKg7jl63Rp6p2XjYObDe2q3ZsNtdgQxpII7uaoi9QPAPQLiIzK8aVck4NzFbLZSHH2SWqurCCU4nxq6QC9JdUnUdkvewzxbgq+oDrxi8gnJBdPZbVYo/Hp5FdXZk8NJ4a0RVTK+KEdB1sZP11n545L2MxVNt/BSwA/0hTgP0lUGX++xQG9mHFiAvNPLUY8T6vkWMtqYF9euCXVE2nw09qwbjEu9R8pxzRgA6igO9t8TKyJd5V4akiEbpYs7tBDagTgNp/JCpD3jeWLL20Ll7oODMsM5InLI3segvBO9FSwxeK6GeUca8jOp0NF/jLrmFlGVXwKJVU+lrxXG3//yEiNAvcBN0fA4u0xTy81Cop9npPd57diwbSyK6vRuW1NR57RilX/Nj6w+7ECJicYDPbMnXic0ZVF1XokpsUb1U3AN7qu7a0aq9thQgy/rqlRVh02TSy6y/IMU1m+HUl3ma0k5vSxdutP+xOjCD5glynLZIx6A+nJLUvFQ7Vny1Ul6gbt82fKgbrJcaTTeTGSJ+oNLL9LMw3NeWM7y5kKGJwsrs6dO67zPI90IeGefQ1ZrH1Z7i0pFZdpd6/gv7H0pcKXhvsy3M2xRfXmNe/17mlke1PnTcqrTiMqFkcTs59DxvMM7L0MzaimBuUmKpElcSR2CbQPoP6yf4ekV5HenjhfjVHIRjkLykj1EAa2X4X5XcLVZxRJcR8efdZlHM+Y44CtokrRu2H5u+KJWwhWSlJxUj5l9c6dlG0IERF5APoM2WkGkgj2+/C6HArs8xTIxiR/qjfS0xqtNm26nXymy5KOK4YVGEcLGr/2VTpvbKUmSKxmZp4cXmBPb4JadxzapPft/mmke1/xbHNq96x5eQVXbtgJPu/0vhHXGRkoTBk6IVVhhBEKLCqEkMqq5CHK3/WXVURwFjiqqvee6UlTC6IVTW4wfPSyA6jbByqmi3i+VSkIDt9+jCXGvWowiVITQj2J+QnVfo2EDxUevdSk6xyPf2pXrCDROHVyGaHjlE//mdPLo3scIt014jwJaBjfeh/dbhLjXZkGfqKslCk0Y5RrxsyUNbMoGqrgq1Kggqnav3s8kvttFKma+F3rbhjtA/zqhNLI7uq5rqd98RmS8zYkn1sV9NOfMFx8mTR71VZpsTWsWLdElU3LcgNIQA7BRwSYEz7Iu3nysvmz/flxqd4n2lkh101TQR9+THYw1yKFcLR7ov8fIOJfXq52acV+j4EJlUOCxnwVH+m8KHqdMuoQm1AAvCE91WEn3RAIBKtqBJTRqqBNLLDLwwDW8st941EhtdamabEZh8xQ3A+ayD0nYLIuGWDyrhUYTVjTI3BqCj4SDk7qVpbzEji8fKzjcxIn4w0sptZGKQdGKmIrR6+g31oXFeJo6uWPW/KbJXbVgFB+vqIUMyBEpDHL1n1rAYZgGAmZb4GGFnGloytuCPXrKWBNLKbeRzo+fcaVibbZyIBZNu769L2uMC1MFRphaJbalugAKAxQKwQraQcrgEJRYlF8uRW7P/wM/OIjWogjexG1X1Wv/trFPo7cCPkzbss7XCBLT9yc3HWtgDW15fPLuui73u7eylGMC4+CAnWTID1reUexksj24MSlxjikiVhUz0827yPL3H+lA6FJABdEwYgChAYVFynkBYV2qUHlTLXlOU0oLoQxeF3l9PEq+kbiiNlRBpII7v5xYDphOWke9vka21+CoNckeFEWs1T5aV7oYgbVgM6yyOLzFqra3KViHj9ILPa7UFnY97viYj7lQaMu4wTntSqppHdznLZHiOTwUUL4nT77Uxj7asqBOBJMax4ARhaJcW6rCrE+M0GIXDnchXHtXkCoAVAkQg0AeLrlOU1ALEx2+a7Et5AZuwz1G15bQ5wRhrZAZTaYcjzFPakOxVD+5Q5HQQ6DLOVQ3DBMph4CXiu4qy+yLb/IGpntmbFcDK+RNKrzVWAuFtMGv4VmkCBQcryGqi8slAbqBpnJTvWLq/TXs9II9urOpcaTExN2ACBCblNQ5ryh0uNsLmDT2hYq65W+Ev1M8NiJcmCbAUiYNHWVLKrVnjBwNrOtkUcEVGMuLRCjX2AtQ21apAG9TPvGr9dEmVi4Ckb1EAa2Q0qe86lVITBgvIIJYZsm8eSIb5qYbICNxM3fmlJtAgHdNmCtuOFFb41q4JHNQb63uWXYtXoB1PW04AQDmNL/xXiVUf0ktOWfFeTretpbqCz08gOpNglhrXF09rkR8o5ekgB4m9DFAPcp3AMCGnoYQXf+9Y5Xuhh86ucp45bhONsl4cm1vMwja7299k+a+sS86w2iz0+K43sOBZf51PQpspSxXOEPBhadAkQM+VBq7piWE9tepU9tOEM0ChwHeG9CgGQRUxR5y2YYffPyxJSSOlfA23KSaMfxhnR/wz2eMQ0suNZfAZOLb/WIl8sNfyqoPoW0Cpbc/XujBrvVXZa/PTTPRFa835rx17QLBCtRfKiFpZWfLbW5Pd93/s+XtujVbrsxfqX+66UTdx/GtlNaLn7NXh04pJitOSaJWPffYT5R4KIXabEWGX1bf8hGoQD3rju4HPObyewUBPikl0k7colP+N2SBlGA9rV0DHJsMEwOj5q1DSyG1L0Epc5d0mGVfo6WX3JpmWEl6rSSgsW6AVxX+EISTacCe9dZrAlj/2DZut/63KO6iNFCAcJ77WyazHGjHLKMBqQFMMNccEyfBJ+D6Pnc4yaRnYDSl7hEtbl5NIsT38qLF621YvEl4bXyzAzysp1waqcA4uqMGAT0jaYrneJjt1fUUGihISwUAWWUK7hVqudkMzY7HB6/vLIaWQ3oOQVL9Fm7hJDe+CMsWRUr1Oqrdq9sxQFAPeL735gxWuvelqbGWqZSjYYztrWehXPfdX57uN57Rg4IvU77qMSNnnPaWQ3qe3lr6XuX0txTQLJUxs+1os25alajrQFIbZYrgqrjy1/mV7OaBtYrFAqw7oKrgOFGeT+EfHwrifmcUtpACYZNrlKwuaWUt9qB6eRXU1vmzxL6a369EqmUq/NKAkDjIGXtm1gzY93xEvqKkprQb7OnyW2XVW29HHtppb1ZDuh+nJbesA8oZsG0sh209OmjwKv0YRwEUOX4oXZap5Nz7Fe70EllFH/v2qcD22fKrOPFKKZbd3Prl3Xzue3CmSrfW/QBXZEuvymDKiBNLIDKnfJoRlN1V6Vf9XpDI74Ko4AxQmYq2ro4A2ly8A2caVCGV4I6xpY5/9K4UP1s1CDkEPK6ho4sSRM79DsKo6fGQbSRDI1ZQMaSCO7ASUfcAl42Ac0CIDrtY5RV86Y6gn2ijnnzhq2bWBLvRAUMEAxVFkXDiTh5WVCdKitPdG2u0LTuTp4Fr4CH2EASI95supOYzqaGNlM08hufkHArHir128MyeVal2dQxVglsQ4TtIDwqGKYqsNk8jeVJVaR9rqZCa5rYA2HLAdelhcrBMEYpBysAQnDy5dn6QoLqA7rCO8sCcXsnLDhpyqN7OYUfq+mNfgtZry/FzZkLM8vhlWngGVErI1xvW45SeJInydbwaGEl4RsXLvuKhJyfbHwK5ZwDaTf9b6GupcpjovrgcdvnfWKq9wQB92Lij5JyGUSkVPUzWjnnEZ22KXh9dm68cyqIFHGSQCOhfB6HVGGa9ve9vq6VFmtck2JOED2KmKmj42IR68y2IJzxA/p5UMN+9fFexx3ykOpAFRBZ+fjxYPUZ57AUr8pIoQNNOz0syKPLrSUU9bP6OeeRrb/JfIluEnhSUW+UkUFl3gqb20IqV6gsREz36xHXoJ2lVCd+xCxPUQyWqeQeSTfQ+htjGMqgxaC0X1C0ck8EbtnRK0Nb1WpdLvzxBjvay/nlEa2v2XHF8DjkLXVjZbwKB6zQSJumf5HtrLJ6xpCzE0+tbtB1ZZE3RAMTvCyPH1FGEhthEP2ScRYUU/aNcwTSBLdMxC7o6RMmYAG0siut0jHFcYsSSdfEGIbjerPF6HdOHC9K3U/m4Hn3YhtEom0Op+uo9yjxP5msbgMoIqhIZMnFS+7DyWfeqUh0LlVi7Rldo3eUtZT0QnPNWViGkgju9qCiY3xtIDnJaCIEkVJp7HEwHjQkm1VzItnfVAHU3FQX/iHzVGLe3OPQ9+fOYvzvrlw3a62QuM8S7IK7A28CsJkUekxL/WZxWvNVjHjXMvOs0oj21lVZzU6ZABAZaogYdH7SuvrMYqXgcRY9WrrHHnZX4iI55RfiOXhm+XBCnu0BXkLXgT3uQnRhof3LbatEytmrimKBJR7EVNFkl5DSPPuRaJPXNW6uPcPT/GGc87zNZBGdvGTcYGm4urOpVU1lEBbfBme1FRfvXwiD5YYnzjqMqW4cLtQECBmmyy9RI+oGy7pi7R8E8tkR8NLhZCwwzkIXqWSzzOkxY826rz2L21iknmNzWsgjezROuf1MUhirG2v9VNlu323ibdIAScTFrhiMZ5tL1fMVaGBUMPbN/84fvmKPLuLNN72SaXf2BanctSllTUzpnh+tfKhR+ToEAGfaQD/YHVtgX+241HNpsWPbhT1JTKm+8q5DKSBNLJnK/bY4rWCENVmhlXlvji2zOKE6+JaB1rGtYZlcPUXO1+T2VYVNAbB13DjUlZcE4qbnJeE1AnFiIKS8VJ52G3e3tn5MKQSnRpC8kxt/5ctMNnkPea1NqSBfTeyKpceXGrlZ1XOm2JYQWYSf7ihB7Jc5r6lBFSYorZK6WMGQkCwy7xOsDRJJS9WnXp5oBJTh8lHmxCSjL+OE5pE8v55pympgbka2FcjC+itskiyZ1ZOKVn0JCjZ3pcGxWMlx/EirD3ADpuRJpG4HPBD4ELQ30zZL+PpWZ/dyi8aj/G0g7Gth03VF0sFlQaUKamBpTSwb0bWFvRxC6AzvkRavBzUS2sp5ebBK2tAZp7HSBR3tPkYJJT0AINRZlRt57GZMaTQCAeJuKgEk/NRRWqB7v9+73e2+QmZWnnZ8sR5GtgXI4s/QKtpX8hZEUt7SDLEj+oL4rlUiy9UwMBKGF221O/zVGXn2yXLvE1lpZ8tW3jH2M4zos6VtExJDWxFA7tuZJFq6BfF45kVSYr7FDLsrSg/L3qWBsRJ0fWJkdrm26bDlMriI0ch7yukMbbvjCYvFz+DuLm/MaYpqYFRamBXjazssAKBeZlpPY0ev0Fw/SgXfguTUuUEnM9wwpHCHis4kHTCi1sFQQyyG3Fzx6l+muVO2ML085KpgdU0sGtGVkxOP6N5BNbwn7zajLmu9qx0PQvMCfzp2iWLD0Mq4STO2hbGVKgG5AkoX/tyCaYqOBJ0V+W9HlQt1XVeeVxqYCsa2CUjqw2LdtKVS6Aq1JfYlxVBdkp/GsCUpbODWOmVS+kor3RWoDUYU8UN4qa1xcxhMxHKwSj2+aZbL3YucdaU1MDkNLALRhZLPM91FiguSwwtIOGVsroGGFN8BrxTcVJVTn4WS20L4hgMWjxSBlXMex0wvjUFsyOQBBVtsPqd5JmpgS1oYMpG9oaF/EQ7jlm5Z4m7bkGlk76kF5WSUSWtYqYVItW+Kdv8usXnocKwSj71LbcrFI3G1bYHj0JKamByGpiikRWf46HOEhuD6aCHg4MV40tZrAHbb4B/XqkkIeypl1ZbaryUERXP9m/XooA+dG+da7vzPho19jGnHCM1sLQGpmZkcZ3+xpxECCo+pZjJFn/0IyAzDyIl8YTVytb/Yq3D1NgLrUBd+Bl/AWjUtqVdkIAq0BqnpAYmp4GpGFlezfNmoDxwkghbGF20cfssyJ+PKQkorFCVGJqhAuiXcOIV2taj1vMzlv0Pjlhp4r51R7JuG50R32ZObdc1MAUji5oPR+fxrcVQBfSIHhsFTmWdGU3GVBwacP9CxavHpAV/+qoC0v9YSRSJn47BK11Vv14GXrBDdeBddV55XmqgswbGbmSRTD+3dTfYsLRAabfY7nyzEzmQV4p2UEZdNwZxUF0MZNthfD9RjKs4KVypDP6u8pMiZBHeSE92Ig9vTvNoDYzZyDKkElxVxAttg6cugPmYoRhSLFEqoRRR+Ngiq7/XjQA+FIepNuJ+HiKDP3ZdgoPZwaSRHftK5fwWamCsRhZbv9LKKrNMTGNfUtt3uvVSYFRl8P2Mfk8pqVr72nkAkYnYIyO6qx7pquuFGYvA4EIYpKQGJqeBsRpZJCC1Xn2MXozsPN2BPgHo87aA9i9dsvjiiDhJeaCvKVt+RM8SdbyzJDTp9lWpRjZjst30lUeNUANjNLI3b8i0n110dVppTy0ux5uBKPAZWpB5SyTJ1FeWKB4o46rvl4y9bb35iYvWunv/rlvpNPS9TWX8Nk42jexUVi3neZQGxmhkGdRFDPQSX/pR8Q79XA2d0AJIUldhLMU7cZLyNrE92dbznrUmuXAxltqfyHDbxvsZDtc2P0s8u2p69eOEXGocWum0hGdKamByGhijkaVEqALGjuEEW2J4eZISQwi4zztH04yg7SWDq+cSYmdwJ8QijKnqJkkm9yzpVA05mNPppe7esV0JTCa32BObsAIK3SpIGtmJLV5O94gGxmpkD1sjOFF19bbt8KISS7PsW3UMhpfnySuCI31HaX4nRsoTThmnBu7SvGCflEZ2nIuTs+qugbEaWS26beMllWTkeZ5o9BhX9Hro88xdIom3yxN9f6lg4gExuvhMazJqkUacLxygt5NwgWTVqyPiw8UT7q7JPLJvDbQRJsld0Ld2c7yNaWCbRrZWL+lGKgZa+zCdVLChvEyJJ9t6MVige17pshVMQgaIoyEAGGAIADFZnvA8/lPKr7FfrVAUA2CdMg7Ug4SY30t6+VlYYpl48MYWd+IXaheiTA3CN3HV5/T71MCQRhZdntgpyjz/MmoMJ6+EQYUWUFN/RmNUGdpa2bXpenrGF5qg4lrNRQdTTRcZZZVXXUQ893PlHjFY8cT9DhpCiIJB5i27bx40A+8FUmFKXa6xT8dgWXtGueE0svu08jt2r+sYWTFQRoPRtJ23jQe7YVQZG9twBpRRwfLECyQ8wClJNcLmLAbMuyagXJJz5CCveN69ihHz3nnnDC7PmCGGnOAxS74x0nTmb6rdpm6MJS+JF6371tfLx/17qc0iNtoVf7ct/AVTem5yrqmBszRwmJGVkffl1l4EXhQHaTU0gPh61zOgDKePunreqe31PouXTbsvFf5WOmRAefgMKO+ZcW4T3xymM56xjDvDZAy4XNVi1YNmkF0Lr4FjcB7wxP3eB8pCuITwrB1rfcW9/WwtteL2XGgrA0blRcoImruPn90LtIfPmeV35lZfBI4xP/NynUVJyfb9KtBQ/SYmbjfzhBaKBIH3yYcpJ/+eGhijBqqRlSDypbKNZxyuUTxUkCcYUZl53pWH3xZ3LJyjY9TpqnNisBgvHAaVo0G4QhKQkWKUl5VKJrPseWM7nsebVXJjW5WcTycNMLIMqeTOSwq+VGKJJyr5Y6ufMh4N8Col8XiUhCdsR9GWGltmmFSjKbrw4V2eOJ5b6TyTFzdFIDfqfHQemBoYmQYOCxeMbLo5nZ40ILknFFBFbFmMeZ4IN4i3d5VVdjni014WEAVV3laI2h9bwlBdr5/HpQZGpYE0sqNajpxM0YDY8dQSpLl4qYG5Gvh/6ucs7knKdLIAAAAASUVORK5CYII=','2025-06-10 08:18:44.688','2025-06-10 08:18:44.688',27,4,NULL,1,NULL,1),(25,'2025-06-10 00:00:00.000','96528886','KatHendrix','Blake Norman','123456789','In qui amet aliquam','Work Carried Out','data:image/png;base64,iVBORw0KGgoAAAANSUhEUgAAAHYAAABvCAYAAAA5fjRCAAAAAXNSR0IArs4c6QAADj9JREFUeF7t3QWwJUcVBuCzeIDgGhLcpbCQ4Bo8eEFBcIfgFC4FQYIFl+AS3N2Du4akcAnB3d2Zb9O9mTd733tz583cHTtVqWw2987t0/9095H/nN4W/ZDdI+KPaSgvj4iTRcThEfHTiPhSRPysH8Mczii29WSod4qIF60zlt9FxEMi4oU9GesghtEXYE3WoRFxtw1m7WYR8cZBzGoPBtknYPN0XDIiDoqI61bmx9b8+Ij4aA/mrfdD6COwJu1U6Ww9Z2UGrdj7zGfu5u9VX4HNI//fAhWs5kdvrtq0P9F3YG8aEW+oQMRK3nvasG2ufd+BpcELCrfnLhVVHhgRh2yu3nQ/MQRg942Iz86rttZLesGI+GtEHDMEYGnkTH1URbXZ/Vk7IftHxDvTX20bCrDexE9GxKlLuhwWEbet9R5P40Nsj0skVfceCrDG+6yIuFcJo79HxCkj4p/TwG1DLS8WEUeUPrHXkIA9TUQcGRF7lhSYt+NjJ+MjReDmyqV52XNIwC46awUsgDtlOV1E/KoyAbsPDVjj59fyb7NcJyLeO2FknxcRd68cUbsNEdiy9UefdxTnyw0mDOzHI+IKJf2lOPcYIrB0qEakrhYRH54guKePiF9W9P5CROwzVGDp8rbSSv1mRFw4Iv4zMXAvGxGfquj87ojYf8jAYll8oPiHcuR+RVboGRMD9uER8biKzvLaBw4ZWPpcMVFoThgRvy6CGPsll2gq+Io0sTnKAuyDhw4shV4dEQckzfhzzttF6b4xgv2LiDhDRTH2x5vGAKyk/LcjgiFBbhkRrxkjihWdzhIRP16gp7DiEWMANoP5yoJSQ5/fFMFw9JofjBxcOxO6UFVOGhF/GwuwlJMkuFzS8rnFmXvPkQMrbi5+XpZvRcT5/cWYgD1XCoTjKJMrRQTnfaxSJiCwKWC5I8Q6JmAB+LTk9vjzURFx8Yj470iR/UxEXLqi28ERwSoe1YqljzQeQM+aFH5KwSh40AiBtSBVTpy8opvQqhDr6IClE79OEl5S/i8RcYGI+NHIwKUbV4f/XhZ03e+PFVh6vbSwim+fNP5ECmSMCdtqYp1uYsZnzEqO7YzNeslRfj4izpH+Qm3QS0aE7I0j4s0lff6Rztanjh1Y+t0qIvi2xHnEahZ2HIM8oKhIZD+U5QkFTehhUwCWjs+MiHsnZV8VEbceA6oVvaiE/yVuLmW3Xca6FWf9hBkFynGTyViI5m8pkh03qryk5yl2qe9OBVh6ip2+L8WSWcnnLso1fz7wlculu0hJh2NK9sQkVmzWXd2tPCVRhnn1iPj3gMFFXmMgZqHTVcr6jH0rLu9MjI37RsTxi0l5ToWjPCSMEQxU+Zd9WIS2e0wRWDofT54ynU3cA7TV7VGagckiH3YnfvVUVmzGDumc/4dc/ZOUKPjewIC9SXpBy8O+UPGifn2qKzbrzXp8V5GMP29KyPN3h8S4wHHaHuhPgsx2+erLObUVm/U/RUQcHRGnTQQ4RLihSJmdmY3BNYaTv5wqsHTHFeL37RYRl4qIrwwE2R8W4dG9SmNlNDGe1siUgTUR8pnymqzMy0QEBkKfxcsoq5OF2+N8rdbuTHrF5snJFBNO/i0WVM/3CWgtktgHWXZyc/L/mPqKNQ/82ucXjD8ZoM+l6oLyqugTsFWCuLN1Yd+rGdhjYSu7QR9LFFbuUN/kq2nr3XRhzsAeBx3aJqYjnpTk/DXROHuErJ1FFucEaUxYmNiYC2UGdu208HHfkxIFVi6azZ97Au79IyIn0lF9pOnYBTOwNQHCsP9ycodkhTQwqZYq1nxUqx/7TnrhPHR7fc5GTx/riqWXsspvNMziiEq9taie161GiSb2nzKSXSXlYm90WlX8758KsHuk0JoVdo10FukN9ZiGaJw5IjTF9iyUmkcm67nh47b0tXJ7hk+XKh7WfeiQV+z1IkJAHEtCb8Vy1RkjQxUAUKuFwcvM8IlSA+zcTwqnCLdolYKrtYMZUbcOeEjAysjcvAj93bBMsyzN8NeST6c9H99uUSVaU0CE7VQZANpLo+fDF5s+bMnvsXwPLH2nFma1PrTkQNr8uLPuWglQIb8szjvVdCraTbD/dn9Al6Lgy5Zoy9c0TLUb96hLUX9UDkDYhfzdptJHYDEDmPIaTttuCYPBJGr7I7vBoNkVohYXpZUx89uCZ/SKgtrKDelKqqt13UhTdQB9A/baRffwu5aahthe356q1tckkruayRrPNWd3LrJCT0qd0FmndpW2pdoZR9SpTGDb8Pf6ACy2/h3TRQ//ioiTpO1HoxCrtK+dYCQMypXzD46IJ7eIbrVRmWf7jVqyq4BVDccYAqhtlwAQ79dWNxTGPiqra2VyH0P1qfmfWgCs86Fqb0TbPlJAbVklsNyS2yUfrNxJjRGEsa+QVxPlIYptk9WcG3hqMSu9JuasKylgqiL4gd8sBqz8M7s0i3ozu3PIEVVbVgEsy9bZacCMjyy2Gh1fhsgUXDTB108BEudvWc/fJ3aGuK6X+Gxpl6reUKJiwctfLWbGf5aYcMbWlq6A9dwnJp8TsFm8lc7O167zFtceeI8/iB7KelUzdPYtjPNPKXomTi1IsZSt0TawwnCPTdxdOU7CoXfuWJ0bxje3MAl9/SqQcX75nrmDnLGi4zif+cO2Y11uysKIdDypqmvUKKUtYJUbiKU6B06cRigbYXAvG/DZ2fYLYwVLA1aNQ8Dy2dUZ2XJll7wISlPUwsoyLSVtAMsiZPjkLdeWAWSADr34aanJbPHDcMFGZIydqUJgq/UzWwHWD/KrZPJl9W25qsaBivU3S/MZQABnUe9UbFX3kU2BFVTQ5yH7b/wuV4FqDzDL1mfgxcnHb3znQRNg/djr09gd8ugaoiLzKt06oJ4g/YhIh/6i440CsqVlWWBZvI9Iv8IMFwzfUR6/9K/PX1g0A3K+rlPdlP6y0fQtA2wZVOUQ0laLIiozXM1nQO2rPk2Z2tOY31wHWCEvb1AOQIvlYhQMqUKt+VSv9puZibh0CLE6zM2AxRiQ+8z9kqxaocGx9idcLYxrf028WNhRG73zpWrAxuPZDNgPFdyhq6anj60JVuNJ6+iLwqyoP9zFap//pX9yPWCV6SFOo3AS6TXuzSzdzIDIE4qPWLokgGbaW5JFwOrHJ+OyT3ryFG/H2NKkLvllDS/FAS6a+MKt3Pq1CFj3tiAkiyTlIPSSY50/vsQMoMjafhHUxQhaaVNUBRbBOl9s38pev4SCU/yoQL8VKr4uRNvalallYOX8kMdkZ6TXsBwaRT2miFADnQGJqOfIU9DMpmlNysAK4N+hSL259M5+v1P5e2u/Oj/IvIsHuErGhQ2otq1KBpYPJUcoGCGkhf0wS3czYH4FfNThSKSIubcqGdjc2+APKbM/FJZgq5OxoochscmCmWuBiE7qbzOwmXEuBow4NUs3M4DIxn4BKApuZ3cVZGAldSV3D0nc3m7UmvZT+asI5qoGuJE72rx3MS0Z2Ny0AmdJAHqWdmfAPOMd676q0zkjtfVztTxkP8i9kdjFNPc2TY1J2C6Ei5+m9FMAApHcHHduwwAWwzC7Nu5F63t3slUA0eZvoJ4K0aoiVKC9kuIywLoLTtDZDzdixLU5CyN7loWCkCb+rrxF2eVKBLB8WEwIjZptxzMrop2pVyCNNgRUxWZPb+ex9Z4C2PIFs/7cdWV4vZEN+1NKQeWyxYJZv6zglQpg+Va5ERSm+tgv1O16gu2AH0ytcv1bzH3lHd4Ay7/K269tow/Nqrqe/K6eb8d7XYoJKKNUXin9uXIBrJK/zAnWkHlV3VBWrmzHP6iNgFJIO6CctksTd1kiBbDIU+KWjKfZ3WmGvn5T6pcYn2qWtA9a+fZbDVDgsrrUD7CYE61QM5rNz+C+hcWptAW52yJBpm+zD0XjCckhRSvWBQgr9bUaj7ofX1QJ52ImxpGqdefp4f0Y2nGXPYiGqBOZkwD1kNExRk5VhkZLv9tslQdc72frfyqv2ExgY55rCjnL4hngDiLNu6uHW/jQVK3fCgGtzUnPwHKilRfYUjS46N1A21S6wbN4Dnpn5GaZMjWIf50kyRuMb6evZGB1PEGsInoWajQ5y7EzAEztbYn0ptQmSkuvJQPrUiGrlZUnptllf8BeT0hpcNr1CDbw7bE1Eec1SOFB9F7KLEWsuQPS9iKA7RLdKYo4r6YeOWjv6hZuzJbLLlY5mWVg1bvKG7rNQlEQwvjURAGa4IJOLS57MA+C+YMrGS0Dq0EIqxgdklGgNY2WPlMQwRlFZ5gOrh21WlFYBivVEg8Zfn6Zs9abut9gNas3cNuus1O+VDJEW3i+/OBz0ouKssQ6RaCIe99EV8YmdifEeGcn5ohGloL2R45F0UXA4kBRkAFF1G7qFDYGkfAQJeK3W61azluhWgLyCkYji4ClnG6l8onOHh3CGBMYdkMVBG27jwJugKpPOjRdt7LLUmtdTuZ6wPpN27EKAVaykgSGhQnpuzgrVQ6yDxiCWgHmHhpAlH3RPFriY7SyEbCUZlQw+RlTSixVC/Rpy7ISEa+1VNBKFpi5vUIGDZguiNB0TOX4JBqjbAasyXl26pfoz0elNNW6l+V1vASwFGRWtISVrMAvqoo+Sdw29ab6JNltJgFmeSLqAOszjAssgSwHJRpI/m/NSFiXOD8C5irKJBNMqq3QM0yuS44Q0u0Azjr+MkPNWZ4/o+exrVQYz3c128DFki/2HSIKpOSTNesyXzRP/+7jna8dv+uLH18H2PzN6nUhqx6wIwAf67DE8ui8TGLVCrb5e8sA63f3TRazHoqEK8RaxvWxPQvDWVna2mj2yE0S9MhbYb6JwurGr1okWH15+zw6MelZ5rMsMQP/B3iYZQROStNHAAAAAElFTkSuQmCC','2025-06-10 09:18:13.933','2025-06-10 09:18:13.933',28,4,NULL,1,NULL,1),(26,'2025-06-10 00:00:00.000','72209649','KatHendrix','Blake Norman','123456789','Quis sequi ratione i','Work Carried O','data:image/png;base64,iVBORw0KGgoAAAANSUhEUgAAAFYAAAAvCAYAAAB5ez3+AAAAAXNSR0IArs4c6QAAB1dJREFUeF7tm2XMJEUQhp/D3QLBCRAIHiAEh+BOcJfgEhwSCMEJ8gN3gkuAw93d3SUQSOAIGiBAcId5jhrSN7czN6vf7nH1477bne7q7neqq6ve6h0GTA4cyb9yHPBj/H/cnzYQGAbsDFwSOnYBLm1D37iugYDArgHcH58fBlYbh077CAis8gqwGPAbMCPwbfuq/98acmCPDj87PrApcPP/G5b2V58Du3EC5mXhd9vXPnZq2Am4Afihank5sFMCLwDzAV8BM4ydmLS8qpWAtYAtgQky17kh8GodYG3jwbVKNNbfvtbyNMaOjlMD2wGHANNmoL4NnJEZ33BgTmBSYGHgy1juo+myc4v1u8OAE+Lh/sBZYwc+Ta9i6WzX7hOg2lnLfAb4DvDZyiUadQ9XAnf6PAV2ReDx6HQLsEnTUxrcDvOGUS0OzBPL0BLFQ/eoZdYRwRW74Smwk0SYNTHwPTB9hF91FA5iG7fyXtnZsl7iAl2HLvBdYHlglhYW9kFmuXOnwKrjoewtrRrKVsiSh6daUNzvXYzTLwfWLkxUa/sT2KrGAgxH3wP0w9fFYX990m9YEdgjgi+wzbHZP8fUGGRQmhwfFupBlMs7wL2Au1RA02fpum6PJMoDapRDKhpNBdyW+N9VisBqpU9E4+eyQZcZFNQazHMOYF1gHWCDwnO3q1nmzICglIk8yl3ZC/miBg7bx+Fl09GAnQj4BpgstoU+po7SGuP2rIlchwmPseZshVH1nX7n+hrJm8BNYZWNLLNqEY+Exd6nmylarB0NF3Toyt7AeT2DpPWBdgQM4rXM6Qpq/ogsaZoS9frKa4Crw2+2MgtDMIFVRrrQRsBukW2RC7Jg2IkYvy3Xykg96GMWJKDFQygf+qcKy3w9DMjQ6MUOzPWq7KVsG8nCUtm8RjQCdlbg42SwRQC3SD+IaeWeWdC+UQuTMYy6Fbg7873Pt9C/rMsSycs5HDjRho2A9ftrgc2B8TKfdDGwWwcn0qwqX7QnutbZrHydxePnAJ7qLzXbuWb7cyPaMKGYK6/AlAG7dfgddf8SyUKvSzaGPztUbPWydcsluzUvzCjQN2qC02ozORV9q27zwOASRuoqA9YQ5KMkFNkjJtrqBOr22xXQx1vVaEbM488P6rOT23xMc8h9q8mFLsodUgmsD9Po4FPALdkNmT8sUyapGB5VjWdYaIyp33wgSJJuzK9M5+5xyPt8NMMrs1gbG3LdkVi1ii7q4Mz3C0J90SZ0vp8RIjcGxWm8OFSShleGaRrFKFIFrKSMyYEkuKKTlk5rR2TMVo/QpCrjScdwt7jVXIBk/FDLgtnB/lZMQj+utY4mVcDaWL+h71JkvBbIIoRPWliZ1m5drS5bJAfqKW7gLgHfL5KCamaWFwaaBtZcWuZcFkc5GDil5iolhSV11q/Z3kNHIkPmSHKk32TfhPyXHbP2VSpjslg7np24ALeA7qAsj5YU1mfKc5pijkkM2o2TBdMt36+yTbgi02OLre7ASqkDrFmOqV8u/2UXyXdapUlEkUVqNPjLcUFEn9kvGV0VSCfFTrWNiUp+HattYFUgAAuFps+DPzBhEEzrY2Oq6prJSQRr6YZJgyIeTnnWeXIUFmvNvY7FqsiDJyW99YeSDVXioeNknh6CGLPW4isamZq6o5aNNqWnf5mOusB6Gj4YxHCZLv2PJ/mh8dcoYhDF+F2fLzf9cxiUFWtT+9pSB1hB9Qaip3xR/gpmx+f64UEjxYvrOT0rqB4QX2ooxqgt3b6sAnbN8KW6gTKx9HFP7dfYvw1nD0Yv555HZOfKZu0wYo2AlYE33WwEqMR37neEqZ+J8Dqv0RstRjSnZfcKJowOFhclgtpyZUVgLYgdFFc684n59gyG09g1jRKadux1VtzlNjMF8aMB5dng30H9yd9aBm9LUmANmXIfqX8xrZQfMMtoJE4kFznJ/D5CWxPqcmd/FmCaflRCiXoouU5rVW1ZaTr3osVaoXR7nJmUcsvWmjI8ttHxa+39KmZPpwJaq6LxyEUY9FtQ7KjUiQqqBvQlyNvmyUO/XfLwIrWVZrMnL2XkIkFtwfTJjqKZKGsXWFVJTuvwc3Cl+HT+Qyn6Te8XWGLywkZuod4rkDvVzaWurONz7QSwTsrJe4jlFYChcgvSeHK+BvlmT7nIT8hOmQX2RDoFrJNNy8B+tmrpNtSCuyn6eg8kX6o3BFOxjO+d3ysii+rmPEbR3Ulgc8WSLZbOczFMeyz70O4FO+NMt7eHj9eH9J/eLWtEAFmdlTf2MO51dXnkursBrAmGP8grXqowHvb+vqmvHKy3UapES3Q7S0XK8aZbu1E/T3mJcgF9tmemWTJQN4BNh9J6tbLifaq8jW5Ci/owvsjJ8bLr6KlueQoZNO/06kPNAjsWh7b7YroNrPObIi6lWaqW0PGzt8Xripb4WXDC/tDv1wiTvG76e10lvW7XC2CLa1oyQjNvuZRZpn7ZEM5yt5VZ3chAyVAA2wggE42BA6/qTf8D4Z9Mv6Hz8z8AAAAASUVORK5CYII=','2025-06-10 09:21:03.450','2025-06-10 09:21:03.450',29,4,NULL,1,NULL,1),(27,'2025-06-10 00:00:00.000','86380453','Mark lewis','Blake Norman','12345689','Est harum earum cor','Work Carried Out*','data:image/png;base64,iVBORw0KGgoAAAANSUhEUgAAAEYAAABACAYAAACndwGZAAAAAXNSR0IArs4c6QAABOpJREFUeF7tnGmobWMYgJ8r83gzz2SIkLHIEEJI5ilDMiTiGkJmP9xMGUIylR+UG0XGRCiZ51lEMvwQZQ63pMT3dN/VWa3OOXufffZaew37rdM67Wl977Pf7/ve7x32HBbJLXE9L66dv8wBjgUeCBLvpeuVwFNdJyOYFYA/CiDmB6DO8hGMsgXwCLB5jsR3Cdj5wMNdpJOByXS/AzizAOJWoHNrTxGMTPYE7gfWzQF6HdgP+Ksr1jMZmAzO7WkabZkD8TGwTdfBqL9T6NwciH+Bs4C7uwBnKotR9xWBL4HVcyC+BvYBvmk7nOnAqPseac15sQDhceCwroNR/zuBMwogDmq7E9jLYuSxMvAWsEkOzo/ARsDCtlpOP2DU3XXl+QKEi4Abuw5G/R8DDs2B+Dt8nV/aCKdfi1H3rYGX00l8pRyIa4Arug5G/W8CLsiB+A1YG9B6WiUzsRgVXy58mNVyFE4G7msVFWCmYNT/UuDaHIg3gF3GYGBueMSr5mC4/nzSJjiDWIz6nxNnqez916d15pIxGFgT+CAdKL0qRgDXaNMiPKjFCMOTtg7e0gHnOODBtljNbMD4XoPoxwSMV4Ddx2AWEfD0/QKwWAAxsPVZG+DMxmIy/e8BTgk4L0VotPFshgFmY+CJCIMa5TNm/GrTyQwDjAx2AN4Oq3HdOX4MZoKAvoyhCMVw6E9NhjMsi5HBEsCnwKbAm8DOYzATBPYHngH+AU5qsl8zTIvJ71KnAt8nMJs1NUlXBphlklf8M7Bsml6NDWSVAUbLuSEFyi8ME9o2pVs+qsF6s2FM7aWA7XuNpywwqwDvA+tHXmov4L9egynheSEcnFyJA2LNy25h+vns6e5XFhjvuWvamZ6NqN/RFZeTmPI5Ejh9CutYD7DMZUopE4w3NeR5YizAWo8x4ipEB3NB4UZWixnMvzrFk37tNYiywWyQStm+ADTp2wpFAr3GNpvn82B0NIVkEVTfUjYYB3J5fEv+71zXzylbnEqGQzztO52fnOkNqwDj9v1aOmhulwb7eQKz0yQ1fzMdd+mvrwKMSuwYu5OQqpxSAwOsCowDnAe4TSonTLI4DqxEGW+sEoz3ujd2KXeFA1NdnzmpWkqVYATgLuV6s044gML5oY5kqgYjAwPmjwJ6x9elk/hlYzATBE6LIke/GIsEbq4bnFFYTMZAGFlhtUUCnshrI6MEs3jEifVvPCrolNVGRglGCKZ1LQbQYjzHHAL8Xgc6owYjg70j/WLtTW0W4zqAEY71NhdH+mXfSQohKzeiuoBxHB4ubeRQRp7qrQsYYdjt8m6sO0b/DHSNrLavTmCEYz3x05GjMjfltPqz8nk0YA1e2eM0iG4wXTFMccQoKijqZjEZ9Kty9cNfRTWF23llUlcwAjA8aYOH7UFmNu9KD9rhW4mfU2cwwlkrGjyM6ivGb43rlN7AWncwwjCQro9jy3MmZh/stLMrphRpAphMcX0bYeyWI/FQKr5+LjV/fAiYHhmaNAlMpvRRqdwk+yuC+DYe8Oq0y0r7LYFTtLTsNdNCbCKYPCD9HgPt5sf7Fa1M67Iczs7grGXaqjCbSIS5VZPBZCDMPFisdHg8YPmJSi4Zvzzgwm1PlWX9/cr8NoDpV1mLJv2pBq/GgPKtjPnP0EWY1yUwRYAm/ZePrIXP6QK8E172wv8BAvm0wTDznxAAAAAASUVORK5CYII=','2025-06-10 09:27:07.649','2025-06-10 09:27:07.649',30,NULL,6,1,NULL,1),(28,'2025-06-10 00:00:00.000','65798918','Mark lewis','Blake Norman','12345689','Maintenance Item Description','Work Carried Out','data:image/png;base64,iVBORw0KGgoAAAANSUhEUgAAAI4AAABDCAYAAABKiz1iAAAJY0lEQVR4Aezdv49rxRUH8CVtqkgp0kRJukhpkiqKlChE+QcSiQIqQFBQIFEiCgTU0CJKQAJBQUFDDQhKCjpKQKJAoqGgRILzMfesjuf5ru1d+3r8PGi+e878uHNnvvOdM2O/fY9fXZ3Xfw/GcP8ZGOnEDJyLcP4YPP0U+DDwSeCFwEgnZOBchNMK5cXgrC2LopGWYuBchPPYRMiPk2WIRyTiDyzMwDkIx70maXkrnK8CmUbUSSYWtucgnH8XTt4M/41AJpFoRJ1kY0F7DsIhDpSINB+F81KAH2aVHl39HD8WZWBx4ew5O9EE2sdq1Bl3nZadBfK9C+epwoFIk1l+jTr1HpRthj0iA70L5+/T3H8IW6NMZNdSvQetVYzMcRjoWTiOqIwkn22YvqiTxe5B2md+2CMz0LNw6qXXpbilQgSqx1Vt37Yd+QMz0LNwMtqYco0u8okqqBF1kpUF7DkIp0aVlpKPS4GjakSdQsgx3V6FU6ONI2mOA3VVWD6ar//p+dyTo/xODPQqnPop6estMySe2uS/NTP84zDQq3AcOznjVhhZntb9x8f1zIs69fksH/b2DODTHRK+jG4e7FU4eVTVYyjGO5teaWrGH342hNwim2LxO1DwevSBVxv1ox6FY8AQ47zaFm2upv9MporMzkjxTU2G2YEBvBMHoYgsfJ9crcOf4nngX/UonIdigJm23W+yHbuaEGeCHYKIKTvMDAM4IhBCAZuOWIgEbEqoG7NL4fylTLAVQ6m6xzW52h4h4+P5PTStCnAjIhMMyOPugahNsawJJcrXUo8Rh+IN8saBa7ABfl+nFp/golxf352PW0IBYsHX4zFKsPHC3S31JhyTyZHbAenvaoXY9rlLjjr4dGQTjAhjMxIIoeBJfldu19r1Jpy6yPVb4bVBb8kgpRJySVGHUEQTYgE+HonEpoIt9O1W3ZtwLLKRW/i7TBJR+kkgMf37yRKKSCKi+CQE5pdRxSZquVB/Z/QkHCTkhO46WcQRX/aX5Gb+nC2eRBKbwacgvvmY804XW43vip6Ec4hjqvJht1XxIBjptc05+MZM+MZPKCBvboTyn5iEjXaXCB1d7Jd6Eg6CcvSHIEEfCM0+9V/FmeU9WmMlFEcPobCOI/PxkZlYRBjiOcn4exIOYpBwSDJact2hLIr39AbjIhZCgRyryEksoov5tOM+Sb4X4SAtCRAp0j+EtTtrP71EHXMmFHcVfy8+xWLjVLGIMnX8Xfi9CKeSgbiav6uvP7s3++FbtMwvab2XWBw9KRT3FWMicJGF7VIslahehHPbP5+qc7nJF+JrJLN4N7U/ZF2KhVCASJSxRJJHUB3fId9/lL56Ec6vy+yORaDwL/p4lfuUxeMfGvolTKhHkPcQC6FAK2b1Z4NehGMhj00a0dQjwN3iUO9Msegzo4o52QTE4ghKsRjHod57sn56EQ7ik4TqZ9mhrF2e4nG3sLi37ds4RZW5+wqhOIq887bv6Pa5HoRjAZckqB5Zz+z54hSLqAKiiTKWSIiFUESaPbs+n+ZG2oNwjGNpPDe98K9hRY0ws4kwRCZCASLRmCUUuAixmHSiB+HUv9FgXEvcAd6NF+WRRRTEEUXXSZ6gCAXcXVS2YllirN7bHXoQjkU6BTGihIX3fiJJW+8s6h1togrkM6cYb1fvvGThWIhX/QiIOiILG9krYvFJyL1FZCIg5QMTAz0Kx86fhndwo2/icPQQyhPxhm8DEiuqpFiUDcww0KNwDr27CcVRlF/GEY0yn3wcPf+YuPldWMdUmJG2MdCDcLaNcd96UYVQiIBYCMWlVj9Eyc/I4pKszNGk3lcDnuUP3MDAosK5YRy1ysLX/C6+Zyw4oTiCiIMI8ln3FOIgGFGGWLKOVQ980Uh//IEZBnoUzsxQ7ym2wKJJFUttRBwE5JJLNCmM2qb6KSii0W+tG37DwLkJp4rF4srXKaVYRBYghlp/k+/ZbC9awU3tL7ru1MKxu9sFsIC1zALmMbRJLNp6RlRJscgr3xcuzOA572IHNjBwauFsGNKqiKBSLC65jpxVRflBHModRQSz7Sgqj866+syoYwxEO9v4kitOLRwL1fLvcgtE0dbJK/ddC7HkIis/FEQc0N9r8YOAwoxUGTi1cHb9Z9cIjGBEF2LJha1zOaT//NTZn8OOqBMktOkUwrGDHUOOIP/TsnZMmU+xiCxAMFm3m719q0/j0Tz6jNWYo2ikZGBJ4SDfIuQxNLeTLVg9iggox7ukJVTvNu5e/mbEkvO/8V3HFg7SiWXuu5Z2cI4gn47Ytm7pPNEQsfc6JueErv7icAzhpFi+CDYzuoR7T7IwFoTNyh4Ek2NhM+rwfTw3N/7F41DCQajIQihAEC6WLcFEos6dBerCtG17yTs2jdscx5E1rcpdhIPIVizKpq6vzTfhEYsF2CQWixJNuk3Gl5HQPDbNsdvBH2tg+wrHOb+LWJCN5Edi4L8PiCxJfmTX0jkshPmsDfrSM9uEY1H9eRCxuOD6CE0QylvukKtOVAFi8WsLbbs2XwW1z78y2vZzrLy5mpf+/bKXefI34HKK5oSDLGJxX3EpTOIqMwi06Op8MZdiUV7bbfO9K9v8IZ1OrLHZLDmcD9K5dNsKx1GEKIIhiJYfolBOJODeIrK07fbJ6zPb9xRxkgviMT6b5EnOwNX1v3OMHJGFaBBWubGwxPJAFBILoSiL7H2ZKhd8kyQa3y/xB4IBEefhsCKMu0y4q0QYrVhWFffhDxsF8mhuuSAakRUn9+H0bzclwnm2efT9yCNKZAn37JOoATaIzUEgIiuB5IVf3kbRLidMKKIMLrJs2IkBwnl78tP8L5wklQXE+iaYdaQhv0KZOtC+Qtl3U5/K5YEPT0ddppfDUZbQrj6r3GKz6hLeD8bEgjrtEu9E38oJRISpIomq60Qw2jiW848criuH8wsDhPNeuHaWkIy0yF4n5AKifRPM2rWIrVCmDrSvUPbb6DHL5CHz6qJ6lfhZzmrXlmmYderB+8GYWFCunfZzMF/wHBALnEu0nZvX0csJB3F2lpCMtLwE85URFVK1Ia6E5yqynNV2V/gVhpyoY9K7oD6vz0S23dd+Hw98HtC3OZlfglDAfKLJSNsYIJxNbRAIFssCIhXZhJRI0tNmOavtrvhXDCDf8//wvQvq8/pM5PvYbGOMkP0QB6j3nLa/ib7/FtC3tuYX2ZFuw8DPAAAA//8XT8pwAAAABklEQVQDAGFX8G7ivW7fAAAAAElFTkSuQmCC','2025-06-10 13:22:25.966','2025-06-10 13:22:25.966',31,NULL,6,1,NULL,1),(29,'2025-06-12 00:00:00.000','38451733','Robert Bell','John Doe','0483076722','Hull Clean','Hull Clean','data:image/png;base64,iVBORw0KGgoAAAANSUhEUgAAAQkAAABkCAYAAACVdcVUAAAAAXNSR0IArs4c6QAAFqJJREFUeF7t3QnYRetUB/BlDKFJUSoVukqpqFxpInWN0YDmrlJyM5dK15BMGULu43pcY4N5KCJSKYUmRUpdypBCKoRIxvaP98227znf2efsvc/Z55y1nud7vmnv93332mf/93rX+q+1zhcflwdFxJdGxCUi4g0RcYGIOF9E/EVEvDgi3lb+/uHWOfljaiA1cOAaAALkDyPim5uvP4qI10TERSPighFx/oi4ZkR8bjnuvyLidyPiXRHxgoh4TkS878B1lJeXGjhqDQAJ1sOrIuJWEXHOCdq4QgGLr44IP98oIj49Ip4dEU8vQPOfR63NvPjUwAFqAEicEREPj4hbRMTj17zGqzaWx/dFxA0j4nJlW3LfAhhrDpWHpwZSA3PUAJA4vXnAH1d8D1cfsMjLR8T1IuK0iPjyiPiTiPiDiHhiRLx/wLh5amogNbBDDQCJsyLiNmUNN4uIp420HmPdtNnCfE4DHH8aEX9WnJ/8HympgdTAnmgASFwlIv6mrPftzdv/GyLi70de/9dExCkR8SURcZMmanLP4vD8q4h408hz5XCpgdTAiBqo0Y2HNW/527bGvVaJdIw41ScMdeUSPblf4wv554g4t/z3PyLijyPiX6eaOMdNDaQG1tNABQlnPbVsD+oIZ0fEmREh7Dm1fFYTIfmyiPjuJlrCGfqOiHh1CceyaoRl3zz1InL81EBq4LwaaIOEsKbIBD9CW0Q8fj8inrBFBXKCCs1ypHKCXrYQu1gZtihCrb6zPFJSA6mBCTXQBok6DZBgVSyS+zdMzHtFxHsmXNOyoa9Y/BrfUgheXxwRf1t8GkhgAENE5d93sLacMjVwsBpYBBIu9mIR8TMRcceIuGTn6v+7ebM/qnnDPyMiXhoRH9mhdlg/GKGcol9XLI5PatHIRWr+KbcqO7xDOfXea2AZSNQLAxAevrtExDcuuNq/axyQ926iFk+ZkSa+ICK+IiK+KiK+skRrPhQRLy/M0LdExIsi4t0zWnMuJTUwWw2sAon2wpn3jylv7kXnvSwiHlt4FnOjZ39hYYR+e3GMfn4Tin1FRPxb4/d4XiGSvXW2dykXlhrYoQbWAYm6TG9oUYgfjYhLL1i7NzVfwW8VtuU7d3h9J02Nu3GDYmkAEaFYDFEJbH850zXnslIDW9fAJiBRF3mhhnSFVQks+AUuvGT1v9mY/s8qGaPSzecqMl05RW2rgIZ0+ecW3kZGUeZ613Jdk2tgCEi0F2ccqeYsjO+IiM9esnLsSvwHVsYjZ5zT8anFn4FUhlZ+8ULwemgyRCf/TOYEM9PAWCDRvaxrR8TNCwUbUWqRcCaKjvBz4GHMnZ59p8LZEN2xHbFe25OU1MBBa2AqkGgr7dOakOR1CjGKtXG1jkZVurIOvosnlwfPw4d1OUe5VKmjgRl6u4h4YMlDkf+SrNA53rFc0yANbAMkugv8jIg4tfFRKF7DCWprwgfwmZ0DkaKEWEVKmPne4ByicxPM0A9ExC+V0KqoCSvpJXNbaK4nNbCJBnYBEovWyen5taXwzTVKtuii46SbC1viOfAbsDgkh83FsXilxhryJbNW5ASHhIXxxk1uTp6TGpiDBuYCEl1dKIvHafit5aGTv+FvywRIfLD4OBTulePhwdy1+X/LYi2hsfNhSFb7vTnc+FxDaqCvBuYKEovWbzsCNJC6WBt8HbgOJ4kMVqBh24IH4Wd/Q5zaps8Dn0SWKzIXNuhfNxET1cl3DWJ9Pyd53BFrYJ9AYtltquFKYUpOUXyHL4qIy5RM0mXn4WyIrgCO90bE6wqR6n+28Hn4+sZvcbeyVpEdgPEvW5g3p0gNrK2BQwCJky4ax4Fj0XeRlW8qpK/aImDRuUACa/Qfy4OLVCVJ7B8i4pVra3j1CfJirlv6nQAMNUE5P1NSA7PQwKGDxDIl829wLmKKirLYurA+Pq/HXWF5AJEXlrCtrYxGRv4+RKzhx8rX65v1PbMwPtPCGKLVPHewBo4VJJYpTlsA4VgJYECD/4MVAkg+eYW2+ThYG6Iviv1qblS3M+veKAD2XY3/5A4RATDUBEVvT0kNbF0DCRLrqdx2xVZFAZxPKZGLPhYIn4fCOCIcSvHJmPV7H5Ebg+5u2wQofr1U5epzbh6TGhisgQSJwSr8/wGq9YEgBkBEM1ghIjHLRKTFtgXfQ1UtJKxllcpFd76zCfXetThaFRFet5nSeFebIx2NBhIktnOrgYWtC30L28pt0ZhZQZ+u6LPKytCrpPI9utXDdU373lIbg+9C/ks6O7dzL49ulgSJedxy25iabs8SUZYPiHCkirbURs2sDj6PSsiSPMe6uHtJbRdWzaSzedzTg1lFgsR8b6Uti+0HH4iGScADcIiCKMv3gNLdXed3NHUM1euX7Y00/AeX/8/3CnNle6GBBIm9uE3nWSRLA4mMJaFgsWLE+q1epLRS9D/d0mxBbl+cpft5pbnqnWsgQWLnt2C0BciuFWlhTfiO/q0osOQ5Wxa1PB+SkZHR9H00AyVIHPattmXhKMW5kDfCgfq+AhS/U0hhoil/fthqyKsbooEEiSHa279zWRtYnadHhP4kCGJCq9oLIIBxiIqucH7OvVLY/ml/T1ecILGnN26EZSNn3bpEVbRMRP9mddywjM2fgUHKynh6gsYIGt/TIRIk9vTGjbhszk/Zs6cVEpjqXzga6Ok3KjkuAEXNDmDy/FLM2PeUI9BAgsQR3OQ1LpHDU82OHymELiQtNHIJcTcu/A2WhtwSNUmRviS4PalpNP2qNebJQ/dIAwkSe3SztrxUrRFsP2pzJTkj7SI531aA48olBV+CG8CQX2J7ktmrW75hU02XIDGVZg9nXJwL9Ud/MSLOKqChbmcXBCShyVdx7PXK9gRoPLs0ZlKTI2UPNZAgsYc3bYdLBgIYn09owqnnFABQW6NbiFjUhBWi7YCCOoDDMVooKqxT+5bs8FJy6r4aSJDoq6k8rquBW5Q6GxycwqUqg6sjukxkw/J3yFMRftVKwXkPK6Bx0rmp/R1qIEFih8o/kKlRwW/SkLR+rhC18C1+uxTcOekSEb0ktQEPRX0U/GFlCLkqFMzHIZktZccaSJDY8Q04sOk1XNatTdPlS5YHXtOivv4IiWuKBLMyZMBKarO10Tv27RGhYVPKljWQILFlhR/RdEKlP122Fx5u2wpU8JevoYPLltobFy2+kB9quqWdWbJj/e2pa4yVh26ogQSJDRWXp/XWAAcm68DDjRauXaMoiaiHjmzrCmKXLc79S5YrX4atC2tFda/sZbKuRlccnyAxskJzuBM14AH/hWIdAAzZqXwYP1/aIW6iPjU2ZLuqBerzrHK5HiyiKfwbvpKzsYlmyzkJEgOUl6cO0oDw6J2bXq7fU0YR6VB5i4WBjLWpAB8RF05RPpJa3Uu2q9ArjgerQyPqlB4aSJDooaQ8ZHINCI1qH6AWRhX1PZ/RRD0eV7JUhyxCdXNOUMCBIartougJK0YTJjVEaye3IfMc5LkJEgd5W/f2ojgqb1cSy1TWqiLpjJOyMj7HuECJbQoSszYUJGZx8GmwMGr1cv6TuXSsH+OaNxojQWIjteVJW9CAt7/8kR8sdO86pW3DbxTA8BCPKbrXo5QDDfPbtsiItT1Ra0MSm/T5o5IEiaO63Xt7sZdv+pHcrGnqLAR6pY6Foejvwye6MhR0ZQAVIsb9kP3qmUH6Qkfn3zj4Aj0JEhN9unLYyTRgG8K60HdEVKOKcKrU9kdPNvPHBhZ+1Xz61GJx2CKp7lXDr7ggEtsOJqKSIDHxJyqHH6yBnyoj/PKCkdC55ZDoPXKZ1v9FSTA1Hzt49n4DAAoWh0Q2IKaeKP4G4pjt0bMm6kjfb3UDj0qQGKjAPH1SDZzR2kr8ZNNC4Owls+FKAArhVFmnbcH6/NUdhDwV6sE6VcgHmAERTZaeW7JhAYjfZy8JErO/RUe9QL4GQEE4Ed/QQxvYlxyefBickFWcq6HRI3qMMdUhtimXKtmweCIiKZyiry4tHa1RIeJZSYLErG5HLqajAX6Gq5e/nbJBkyHMSwxP/gvtBKq8oHE83qon6Ex5UzSZ1nlNn1ghWNbH28rWRBRFNuzOM2ETJKb8COTYQzTgrYvsRNTS9DANEUQt3c7Us6iCSHWvwvKsZfqGzDHGuSqBieDgcFgz/8pLmq3UuQ1D9T072DZ9NJyTkhqYowbGBol6jawLzlCd2b3Bq0hpv98MzX1MUY5RLFFbKU5RqfPo67Ymk9PLEyTm+HjkmmjANuEeRRWSt6aIVOhspm3AD7dU/tKIuEvxEcz1ToigaCTN4uB/AXDklVNsTxIk5voxyHW9vsWDEB3Q82Mq4RS9a6Foq5BF+AOko+9DzQr+lgs2fV/vW1LxX1YybPkzsEQH+TUSJKb62OW4QzTQ3moYZ8rPKeehvb5KWjJI9RwRRgUcRO9UKe3Yl12RFMYJep9y3JBrHvNcWxOOUKn5fBsYq4AD4YultBZoTKn8MS86xzouDbS3Gps4LeVdqFyFP4FK/YEmo1RehugBxyDugrevYxTlHSpS2286dJCJz2eNSWbjAEY84xBFKfcFCJdKgsTEdyaH30gDohqsCWK/zUfQFcVlVLyS/i08yiLAeLzYRjMOO+mBJXIybJTtnU1HIic3KJYGiwgrVBLbW7vLSJDY3o3JmfppQOThQa1DefMlUwEB5CiefuDAShhbbDsUppF7ga+gNidatXRxRXp/vFT3vlCZ+EPlTczxuZYJP/bCB44HkEV7bLVkvYqeqEnKApt0rzdw3Xn6kWjg/GVLgKIMAJ7Z0K/VeiAfKaawbcEYorjMa8tAcite15jfL4oI9Sr4JDhL2yKCcMtWlKX+TxSBj8K+nwAIfgkRmPeOsdAdjcEnU4sNs9Sk5N8nLYkd3Y0DmFYGpkiAN6wH3V7XQ617l5/9bZG8v7yhvKU+XPwE9Ti/Lztvlco8qOjN1sBJhxzFjP7f8p3zsY8AJKFRD4uKWVWeVkBEHgjrguAweANzdOpuZm49R/RD9Tbei9yMJUrhY0Fjf22CRJ+PTR7jAdDrE1ux+grkGchDQE4aKh8sjEJvZoShKsKQ7y6/+K5+g2M9jADAgy/3gYUwVDzoNaNUOJEAGoAggsGZukzwFlTU+onOAUKomhbtq7i3F0+Q2Nfbt511cxjeuJU/0Z6Vye3zw3zXOKfWT7Cn9fbuI2L4ogseco40GZJVvLklaU0tty6EKk2Fqq/BnK5Pk2R1NvsKx6l2h20LROTgOWUs25q9kwSJvbtlW1mwoi6/1plJKNL+3XdSv4+xIGHJuzdv7ju2BgMazxtj8M4YtjPaEmJamqP6PxzmgTbnrxROge3PJqLXiJyQ01ons4RQqR8yMTFsk/WeeE6CxOgq3fsB7eev1roKYMDTbZ89lbR5EeYY24rwOQcMKMy+uluk15SamfgOY0UpzKm+BRZku4KW66NLyWZ92x9Opfde4yZI9FLTURyEncf8b4s9+uMnvnp9P19cCE6m4uvwIL9ihHmFTYVUhfa6wODNfk7hB2AhCmdOIRcuFgsLog0WHLcK6TxqiknHHDNBYkxt7u9YIhK4AfVDvAnLcdOr71oR92wGOslJ2GceVaD4BlSGaguHpyK2Typv821GHzh5AS4CU1ush19ktlZFgkSfj9zhH6P0W3XQKat2p5F9Dss0CJQkbqFLE292xWA2EeQqb+ba2bw9BickYMBj2HVncuvTcKhyLKyTL8Q9mMIHs4kuP+GcBInBKjyIATw8thZEEpDy8dsQD8vpZSIkJMlIeneuIyISGI+LzHZdwJCchDDnJIhbT+6U17O+h3act7NYc4LELG7DzhfRfli34YeoF8z8r3JSodtFClLGHjeB1dPO18CjkIfAF4FVOVfBaLR2UZB2khlaOILWbLYfCRJz/Qhtd11DHtZNV9oucrtONAM4qIDNGWmfX0XeBT8EKvEY5KpNr2vd89TwfGLLcet8ZfVuP5ftR4LEurf08I7nF2jnLPStSj1EE6IXcjSqIE0BipMEONytSby6becgUQmcDhyLudSpXFc3ojCuHxmrimv5gULEWne8UY9PkBhVnXs5WLfAi67bNTdhqgvSOIdJTTA0kY4q/XrRnMhJLIR2TUrHyc7k09A1a9+Fb0VeiMreVZC5zmzyYaSiTxWiXam3BImVKjr4AzxkfBIER6FWZJrqwr0t285JyWDL2Js4BghO2JFt4XcANKyKk8BlqmuYctxFbNd6re+YcuJlYydI7ELr85qzzVPYBkioGVmrOJ3kixBhYT20Q4U09+bythW5OFRRN8N2TN/RKvQmgWzrQJEgcagfs/7X5YFtF3v11paQNIV0iVOSqpRPawtHnhTlRWFY9Gn0ao1rDl1klj6llN2r18qqYj2NRR3vpcMEiV5qOuiDOATbBKN1Ig3rKkaFqdrYlwnNMVdFERdZp3deMKgtxYML5+Gj1ZKORNTreGQnUUzNDKX0tyYJEltT9awnenST6q23RRWRAsSeMaVrsbQ/e7cppjSnaVe0+sPCxJo8RgEU8j5EhKqMQV3vrcsEid6qOugDZX3K/qyCoi1LUXm3MaSbPHZqcV4Kv3Ka1kI27blYD/gD3UIuY6xn38ZAvNJdrG1lbQ0oEiT27eMy3XqlL9vvj/224mPggLxCGRgb0jxtlmf3qiQ9YX7uEylqujvz8ZH5I6TtE8lpyuf16bQ+aG0JEoPUd1Ane5uzIGqylYvrQ3JapYQ2m5O/AwCoOt2uWVHHACBoylN261q13rn/v+383QqFPkFi7h+J7a6v6zcw+0k8hlWra/fP0NjW269aFPVcIc1HlA7iumenrNaAUoEqeQ/Jml09SzkiQaK3qo7iQBGGny1f9YIVotEHY93iMxyf8g/IsirYLAvbjlmmSM/4jot4sMYSJGZ8kw59aW0LoF4rp1m7ac4qHSD9qF25SICDfIup+Bir1rbv/1dJ6xrlfiwKGY96fWlJjKrOgxmMf+KMJf0thePO7pHKLGSp/2Zb0K8fUxyZB6OsLV9IO1IkNMyamFQSJCZV714PLjypXkO7gnX7gt5U8ieEKfXD6IrCKjcvXbmQtbA6+SVShmlAxe2ay4KyPnkEKEFi2A07hrP14pSlybJYJhySKlqdFREa6uijmTK+BrYe2XAJCRLj38hDHZGZKySqi5e8gkufcKEa9ohUnFu+ZH2KYqRspgHhYhbd95fTt0akSpDY7IblWR/TgNoOPrTqUvoQr2rqCyhsOxS40Q9UHQmCTfjCtD7O87HiF+LT4ZismbC2FkrerSrQM+pnNC2JUdV5tIPpRq2IDHblNRc0o1mlGIQrRVVqw10p0j6bfkcNt4VRB1IeB7+GehJbzYRcdQEb/F8HdX1P1e9QVId1BjBPKVEhPAgCGFy3lgdIZluPCCVIbHB385SVGpCU5C3Il+E7ApWHYgzRJBh46DeqFH3tOwpINPr1mfZVm/4qXFMtlgo8eBuAxu/ACSjpjk787ou1o4K3/ym0qzCtkK66mtZQ/we8PNzaB/puTHMiPAE4fzOfh55erN3vHLtdMefzS3d044sGua53jaG4TcdIkNhUc3neuhq4ankwdOzytqzi4emyMNtje6gQunQ2BwoebunmV+k0+F13PX2O10Ws1s1UnBYgWWu7GEx3HLT2bui3fYzt1hvLH0SF8EkAkLlYC7OTBInZ3ZJc0Joa8Ca33bniAke8N7q3txoUyxKhvNX5S/p2Ql9zeft/+P8BjYbUfi/WpVoAAAAASUVORK5CYII=','2025-06-11 22:33:25.098','2025-06-11 22:33:25.098',17,2,NULL,1,NULL,1),(30,'2025-07-07 00:00:00.000','88030625','KatHendrix','Blake Norman','123456789','Maintenance Item Description','Work Carried Out test','data:image/png;base64,iVBORw0KGgoAAAANSUhEUgAAADUAAAAxCAYAAAB6d+FmAAAAAXNSR0IArs4c6QAABGVJREFUaEPdmluoVVUUhj8VRQTBQA0EL3lB0UhFQQTRDhoI3oUELVJBfPB+AUEUTB9CBSsUhZDIBFH0QawUxEtFaF4KDLxgSvUgivkgEnggQpv/cc7DOHPvdfZt7X1ca7zsw95rXr45xhzzn2OdTryyjf5zj//M9EcnYAWw31OsBA5kmggQ1BDgvge5BbydBygx/Aa8AzwFhgNPsgwmT8luAqP83xuAz/IA9T3wrgGZDpzNKljw1CfAZgPxAugJPM8iWIBaD3waARwElmcZymbAwPEPMAb4I2tgwVOa91fAkjx4y0KNBS4D3Q1Ys/fW71nyloXSvL8BZkUAZ4AZWYYaAPwJdI4gJgGXsgIWe0rzVmpXird2EZj6GkCVJbyLQQ1y4XYd6B1BvAec70CwsoV3MSjNe6sLwR1e8AaOv4Bh7rf/OghMi62tIWv3NpEE9QZw2kmliRHAhw7sSAdB9QHuAprbt8DspHkkQen5aR6sm2n8zN23+gL/dhCYPCWP/QqMrwZKbXb5W3EX08GWIomkUYz2yBGU4AqsPU/p4a7AOWBK1PJNd2P+u1EkZhyrehL3VSko9SeF8Yu5b+m7Cz48G831MbDND/oD0FSNp0Ib3YZ/crUMbVbZS2CO37CNBJM2lbeC6Q74YzyBcjwV2nwAHDZq44S7/q8FHtWRSoftTD9xXY3mR1Dy3PZaoCSdPgdWm04OAUvrBKWoUCEoRIdu4wOBL8x4ysa9aoEKbY+7wd43HWmltGJpm0JLZYZgWrxrHtSOpdrKbftFJeEX2glopwvFwaYjXVtupExlk4K61uQfeqh+7S1qNVDqT2DyWDDtr03ukikplZbZCpdKdjr0ZcrE48wgBeqiWij1qTLaujqGoa1w2RCPw79AXdQCJbmyO9pfSiQq4tRqI6O9o1K4DluZVethHJ1XOrdarBYotVdh5qTXY6HPBS7+FY61WLyf7KSVDWM10yYL1wqliWt/6ZQPFd7HwDInOL+rgeoKMMG0L1V2kDCYnJanQj9x+lXCUM1QurFS04Ko5hhMe1elcGsqLwgkWJt9lYan7GCST8FOuTQ/t0IiZTVVtOx1RxfT8FbGdhdnwf4uQh7ogbShYo+VezCrnRKAPdQ1v6PAooSFiavKrfsubSiNL9miV0LBSiUO6UdlzdikKVU5Vu2xmA0F7pkf9notmrqnwhixmk5aPOm4YvV6leO0b0rZHWCEf+hLn6DqBqVxvnZ1+I/8gErx8pi1WJXot5/9K6QC5Z1AZ1N/a7KoR/jZ8W3i0HvlVf7HYkD7gDWlXFNiYSSlntQbKj5ENaer0RmkjKWUXc2BrdqkfZXbkizqDSWIYmB2wcvNkElOtNHQ0lcjoDQZhZsqU2+ZmekCuDipIlRBGFqoY642uLBRUGGOPfwrV+m3tP4DQPe40X6AlnOt0VAVOKDsRwsyYB6gYhXTNw9Q8fHQlAeoAr2ZByhtvjZpPS9QKnRKteuF+7y8QMlb+ocxqfbm/wFe78SxeorkowAAAABJRU5ErkJggg==','2025-07-07 12:04:08.161','2025-07-07 12:04:08.161',32,4,NULL,1,NULL,1),(31,'2025-07-09 00:00:00.000','92722082','KatHendrix','Blake Norman','123456789','Task Description 9 july','Hull Clean','data:image/png;base64,iVBORw0KGgoAAAANSUhEUgAAAGgAAAA/CAYAAAAMl43uAAAAAXNSR0IArs4c6QAABzpJREFUeF7tnAWobUUUhr8nFhZ2oRgYmCh2YYGKWCgqYmCLCoqFja2gPhUTCzuwCwMRA7sxsRUUu7Db/b03c5m7b5y9zzn3nn332Qsej3PP7Nlrrf/MzJp/rZlJNFJFDxwWlJo8qYra9blO2wO3BB8c2ABUvV/Df4lKczQAVQsgR44jSLkS2LsBqBoAzQk8CSyTqDMFmwagagD0BTBfospjwIYNQNUA5xjgtJwqWwL3NQD1HqC1gQeA2RJV/gac8n5qAOo9QPcAjpYo7wGXAWfHPzRrUO9A2hR4MPf6j4DlgV/rBtDAzrt3/i715lmA93OBgR3sAVyd9lSHEXQAcFEwagfg1lKu6k3j44BTcq++H9gCSDeqtQizZwe+T4xdDnirN34v9NbFgQ9yLQVlYeCzfA91GEHadCmwbzDua2DeQq7qTaPbgO1yrz4TOHI4deoCkLY9CmwQjHSac7qrmqwCPA9Mkyj2NrAS8GfdAdK+dP4+KfvDiRVD6N6wzkS13PPIvd01kp51GkHaKCAnJMbuF/YVVcBpZeDlIoFB2qZuAOVHkZ/nAr6rAEK3A9smevyQsQhrAO+OplsdAUrXIm3/GFisxwC59ryY6PBzCLMNDkaVOgK0C3BdzurNA+fVyh9j9f0TwHpJ5051q+b3PP0QJEQbfwFmSgzuZVTn5tPgIMrrwM5ZqO3/LaWOI0ijJRsj/eNnmeFFchvals7pUoMXwmiJ3blfu7xo33UFaInsVyoznEovaKC0AERdTC1sBRheF5K6AqTxX2Uc3TyJF84FDi3kle40mj5QOguF7iRHV8wYg9/KdF9ngCRQJVKjjHc0Z5bUbKniNGfwMmpIPRxwdQYoH9pq/3gRqYb1T2Uc4QKA3OD+gPug0lJngHTGIOo+FGJYkDHWclW2/9o9vGQn4OZ2X1h3gI4CzkicMx78nKPnw/DOK7IUwj7tguNzdQdoKeCdxEHm++Xnxkr05+chU2oUuQLwRycvqztA+ia/J9oMeKgTp43y7LOBX7PJmsBznb6nHwByFFm1GUPuY4HTO3XcMM8fnfRrTVtardP26/oBIJ2zY7JQS1TO2rbHhn9w/SxZGIMPAxOrQh/vxjv6BSB9ZdhroaDiiErJy058aZGhNQbWRigPA5t00mH6bD8BpN1ycpY8Kd2ifgR7ndCnLIFsgaxBV6TfADoHOCR47s1QJNiJI4/P6gtOTjo4PJs+J3fSYf7ZfgNo2awGQGCidJISN58jhRPl1VC08mMDUGceyNcttPMjnRGwTHf+oMpfwLqhYqcz7XJPt6NcVxXoQWcu6mY45eWUgbM4BXWZNjy/VtL+gqzu4aCCz5dq1o8A6SDzNOdlFT8LBm89E5jnIjxdyrP5uMyBjMG3pTxfsHG/AqR7nOpMR8QNbBGe7k5gm5xvS2VIC+Iy0KyfAdIJMs6OiChWBG00ghMlPvfKfXdWKNnNs+ZlcRixfb8DpGPyeaP8miQrcC0QM6PRmQJr3UNauN81YGJHDUBTPbFoOBMaAwf/JjCOsN1yrP+/wI1hNA1bT91NlBqABnvzjSS6G87P/4TsqHcYCNSYSwPQUBenl0mk374Wjrh0nEIog2oD0FBvuc+R8PQoi4v/l6FcSkrHwpNxlQagwe723M4jARzXl12Ti43GFZgmSBjqbo8meup6SUDqZuse13NP0bAZQVOB2jgD5oZQS2DBo58NGHoueYDcqJltlDYvQnv03IAuKLBnuFnKrp4OTIG1bJWQFKCU5S1LIFbCmJJKGAxYTGittHJNyBWN6cazpI4DU1yeAHRxvL5sZxOo/dJZ5vOOLAAwP+R6IxttMcnvVbPBEZTeM+Cv5/xMyaodvu2m3yQ7PS/kCNJe0wSV/TEKkGys9wwo430CoJuOb9WXd+B4zYrcm2KKQSqndEF7qxd183sBimc6Pw23XXSz/yr0ZdhsCbA5IAMgKz2PAC4scgSx1wYIUKxKsRJFY+oijpSLgdWDQd4g5cm2U4FvJoqRAmROw7BauSR3pmai2BH11B6LCL1WxRJfxSDAs0KurdYRTCjRIEtjPXU8c9C8k0qXXhlv8YbAOJV5rYrySQDFgnmrSSekxH2QxKA76Zij9yyl/+Lp5HEnCQt4U97MgsGDw87fR4xILQhxaru7imFzAbsGNUk3qt56YQ1zLOxLGwqQdV/ejnFTtsDOHa78koIvmheZIYxWHWs/9qGDnYJkje3Hfy8BljX5t+kSOsp2PmMizefi2qKensdxo+nephIUTVkgRmo/HBfnpQ8ab31xWlo0Uh9OHzpSWt45XgDiZ9cBHS0znF6cal9GU4LWrljG67ZA9tljH2Oe3WxX0U6ea0WWes+N6WCZXteo1UIVjL/gOB2Web/rQpwuDeu9bMKIyggrrh0j9efoMlnmvTuCkr+YqIweE6ZtK4BaGSJl4kFZxRsD5whXCr+STZWxBNaTZkNuEmzVcfP9VA/8Dw0nKsnBEGCBAAAAAElFTkSuQmCC','2025-07-09 09:37:35.552','2025-07-09 09:37:35.552',33,4,NULL,1,NULL,1),(32,'2025-07-09 00:00:00.000','64108972','Liam Chadwick','Sunney Hayes','9754857854','Description','Work Carried Out','data:image/png;base64,iVBORw0KGgoAAAANSUhEUgAAAMsAAABwCAYAAACw9oSFAAAAAXNSR0IArs4c6QAAC6hJREFUeF7tXb/PLkMUPrdT3MIfcOW6vUKpkCAaiUZBQoVotBI3Sm4UJBQaNSoSCo1ChUSpJNG5QqmQ0Kh4n2sfOXfM7s7uzuyeM3s2+fJ93/vOzs48c549v+bHFfF7fSAiV0Xkpojc9tuNaLkXBK54aWjSztcv/7+hPrsRhHE6ko6a7ZUsfw8YfysiDw9EeSwI40jyHDbVO1mgUb4SkfsHTXPL4RhEk50g4JUsPw0EAVlAFBAGfktoFyeC57GZ3skCcnwtIiQP/JjQLh4l0UGbeyHLo4N2AeTh7DsQPI9N9EoWmF0gCDULsKd2efFimn3ocTCizbYR8EoW5FheSJx6hpPhu0C7xBUIVEXAK1lAFBAGGgSahFdol6riEZVpBLyTBc49TDFe1C4piWLUA4HNCHglC8LF0CKpyQU/BhoH34ejv1k8ooIeNAv6wCx+SgqaYqFdQtarIuBVs+joV0oW+jMoE9qlqricu7IeyKLDx+Hon1uem/beM1mYa8nlVfSs5NAuTUXoPJV7JgtzLTmyaEc/psCcR56b9tQzWag9xshAzRMTLJuK0Hkq90wWOvJproWjpx390C7nkelmPfVMFk6eHCMLQKN2ichYMxE6T8U9kGVqLph29N8TkVfOM7TR09oI9E4W4PWLiFwbgIvIWG0JOlF9nsnCKS9zJtbbIvLaMKbhu5xIuGt31TNZgAWmvMxNyeeyY/yeI1ZtfKO+jhDwThaaWHP90L5LzBnrSID37MqckO3ZlqXPKjXDWC8nWIZ2WYp0lL+DgGey0AwrFX6tXabCzSEagUAWgTORBQCEdgkirEbAO1ko/LmZxzlQwndZLSpx49nIEtolZH41AmckS/guq8Xl3Dd6JwuXFpeaYREZO7e8b+q9d7Ks3foofJdNYnPOm89KlvBdzinvm3p9ZrJo7RJzxjaJ0Tlu7oUsa4U98i7nkPMqveyFLGs3Aw/tUkWMzlHJ2ckSvss55LxKL4MsIqFdqohS/5UEWf4d4/Bd+pf1zT30TBY9RX9pUjIFTp8ctjZYsHkwogKzCEDWbnsmC5Ad2xx8DerctA/3xlr9NQj6uYerZvGS5HV9OE3uDjGGkxj03zd6IUuNfujlx6Fd/Ah+rqUYSxCBQv/IIPwoSwLwPpTBD66fVWVY84SL37le/LV0pWTJ8MceySUoHVNGv+WpEaANtPBTY5Ak+A0C4DeFf3Xra7yRVz98440tyIImneWYcAoW37YcDn4OQcxdED5+xzexLqvfznwz62dps0e/zfH2h1B/MxAA//8gIt9dNkvE37osyQAC/Pfm3yhPs7f3QJa53V1mQUgKYNtXaBhcCBzsNhhLGzpSXgtm+gbGLfhMl9H949s3Z6qkb+0xIuj6csTRzWZZrQkqwVC/Gs9kYQSrNlmAMp19q7tYUphBbFw0R0iO9M2b2uLeXgD1JX9FjZ7Jwo2/W5AFUHJPsqO0i47YgAw0f9Dv90XkyWG8Pxp+/88hXSEPccsEAkGWcXBKNh6vIVyM3FA74H9t8uAZIALIEoSogfjKOjyThZGrVpoFAgtzDKRZO1FTD4smBf0G7TvQWUV/oC3CVFop1K1u80wW+hWtyEJnGMdWLH0GtQOiOCCGTn5RU2htEcRoJeEV6/VMFp690no7VpJyKlE5RQ4QAW2kGRXEqCjAe1YVZJlHm/kcCDnMMR1efT6jOUgO5As2J8Lmmxcl9kLAM1k4L2yPqSmMvP0oIp9cBgfP5KU1BzRIXJ0i4JUsOnvfkix4DrTHAyLydIYg4Yh3Soxct3ogy9bp+SkuJAi0iQ7hQqs8MTj7R+VeTiSa9rrqlSz6JOIa0+nHCELHnOYVnf3WQQV7khItcjvrWJNlLeFRB0K7nDICcaD/MWZejTn7IUonQGCtoB0NzZqEJJOCmiCcuo3ftwo71XqaTWEzotjeCHglC3MsU4cS6dwH/Q/mOGBGbXHO98rx7C0P8bwJBLyTJfUdUu0Bp/wetfhnC0E0jDoaVzvAEAJrFAGvZGGOBVPofx+iVtr3ANwg0pdDXqQF/GGOtUDVcJ0eyaLf6hraIzLnYY4ZFu7aTfNCFoZ2deacWOAzzLs6Inse0bHaEmm4PstkyeU+Uihr5Fi2Dg/NsTgBeSuSxu+3SBaQBKHh1AehmQVIoU2WTptvORQ0x1pOvWnZ/qi7AAErZBnTIrkk4R7rWAqgu6tImGNLEXNY/miyjPkiJEkuUchImDWzJ8wxhwRY0uSjyDJmasGMmcqF7DXbeAmGuiy1Xo1lyGvbEPc1QmBvstAX0WvPp7RI2m3rG3hrcwzBh7g6QmAPsqwxtcYg1turWs2c0xwLZ78joqArLckCLcBlt+kuJvBF1iy5ZdSpddu3DDNNTO4Ks6afW54f9zZCoDZZ5rTI1rlZdO4thY1zQwOiwH9BO6EB4+oAgRpkmcquL/FH5uDUzr2HxVcwx94SkedWatE5POL7nRHYQhaaWWnyEF3g+pCaU1D0gi8v/gB25McVy5B3FuwWj1tDllxEi22rqUnS/no8O4UE96AJW8hXV3UuIQuPYtDO+h4k4TM8OPc54SDJI/finDolZAE5uOdv2t2WmiR9lhfnPm038APRwxzrnCza9NFd3ZMkeK43537MhPTiazkX6zbNH9MsfBvmTK4j7G/r01xKRodmpIVlBSXtjTIJAjmyTGkTvdfvnmC+KiLvDA+8KSLv7vnwSs8Kc6wSkEdVk5Ll02SbUrbraPNBn1Hv2VHmi+hoPI+SN9fP1WTJaRRM1YBwHn1MAp17Osmep5DwNOQwx5xRh2TRCT8r2oTtSDeosDqBsnTo9boXCy+i0nafvhzJot/cn13OH3/GEDKpxvNOFkAb614MCVhpU0AWLYxHRLrm2qr9lR7MMIbCI/cyN/LGvgdZUueZ/gn2BGboGPPA8Dl/9jzyjTY+oetBs6Av4ewbI8Ncc0CWnL8ydd+fl9Dt1aGAPmG31bFw2kTsRbMQ33D25yTU0PcgCxcrPSUi96rIF88moTZhs6+JyEvDWYpp0pK70oM4NWYc53af7EWzhHYxRISSppTMDZuqh2SBSYG/9RHWNYij19yzHb2FXGMaf4mkGiizlSxpF0gYLifm9yQOVkouyZHkcj+123z0MLCPXmcmHI3fbs9vKXhzxCkx1c5AFgx2+C67ifz6B7Uki27VHHGgeXLr8/UaFtRnfe392pHgS8Fi6H5tn7q7by+ypMTR27XiO5yxguBCGl2DEGk/yNoulDUFIrRLTTQb1HUEWXJ+DiJsbybEyHW35wmI+pzMWLPfQNi3VmmBLDlzLT1FmGWggT6/bABR4u9sxeaI+2M3/iNQL3ymNbLoZj8rIh/P9ANmGX5aJUQLYaxWTOeVeguRVwPpqIoskyWdWfCXiLysdrlMMdPHdHsmD6cf9WxyHiXvm55rmSxpQvJXEblv6K2es5bmdAiITooycLAJrJ1u1v22PD47wWHnMZYHI9UsU29ahqavD0ECHUEj2iDMbyLyhYq62RmJu1vCyFhPU3usYl3cLstkSROSS9pK8iBQAOKM7XWm/Z2jV4PqQePk0SBLsSi3L7hEANu35u4n6KUDNZKR0FQPi8jjDsjzxzCzO8iyt9RNPM8yWXT2vrazy6QotE7OZANkR/k82vyMiFiQpQgBvY6lpdCUECclD4lU1JGFhbRGtfwyW9gt/8WtDobON9QwwUpHSvs66ZKDXB0IGHyvcj0os2RWdVqn9SXepTh2Wc4qWbTQ1DbBlgzkUvJQA3FiqP6fAQQdbHhIRO65LO1GFA/ml/7O6tgswa+rslYHRJPF0qZ6EGb+QMCxuvTBQokAWXJRufR2nhZmKTpX2MW+i1kli6fjJbT2yR3stESC5o42X1JXlK2MgEWyHOWv1IB2qdmGiaHQIJgcikNp4zKMgHWyHOmv1Bg2PS1H18cgQJhaNVDeqQ6LZNF5Bkv+yk5DEo+xioBFsgAr+Cx464IscQUCJhD4B58Gxa8485T/AAAAAElFTkSuQmCC','2025-07-09 10:30:09.649','2025-07-29 07:38:54.801',34,NULL,7,54,'jobsheet/undefined-54-32-BoatJobsheet.pdf',1),(33,'2025-07-23 00:00:00.000','70059909','Staff 1','MVP User','111111','AA','AA','data:image/png;base64,iVBORw0KGgoAAAANSUhEUgAAAfgAAACiCAYAAACtSt9aAAAAAXNSR0IArs4c6QAAIABJREFUeF7tnQfU/khVxi8dAekdBAGl15WiILv0Xl1ApFeR3gVUpBfpRYpIVbrSq5QDLL333kFQUKnC0hbNb3eGvTv/vG8myUySN+9zz/nOf/f7kinPJLkztzz3WGZ2SjM7zI6Sg83se+G/9Y8QEAJCQAgIASGwowgcqxn3A83sAWH8Dwr/v6PT0bCFgBAQAkJACAgBEEDBI28L/15WsAgBISAEhIAQEAK7j0BU8Ls/E81ACAgBISAEhIAQ+A0CUvB6GISAEBACQkAIrBABKfgVLqqmJASEgBAQAkJACl7PgBAQAkJACAiBFSIgBb/CRdWUhIAQEAJCQAhIwesZEAJCQAgIASGwQgSk4Fe4qJqSEBACQkAICAEpeD0DQkAICAEhIARWiIAU/AoXVVMSAkJACAgBISAFr2dACAgBISAEhMAKEZCCX+GiakpCQAgIASEgBKTg9QwIASEgBISAEFghAlLwK1xUTUkICAEhIASEgBS8ngEhIASEgBAQAitEQAp+hYuqKQkBISAEhIAQkILXMyAEhIAQEAJCYIUISMGvcFE1JSEgBISAEBACUvB6BoSAEBACQkAIrBABKfgVLqqmJASEgBAQAkJACl7PgBAQAkJACAiBFSIgBb/CRdWUhIAQEAJCQAhIwesZEAJCQAgIASGwQgSk4Fe4qJqSEBACQkAICAEpeD0DQkAICAEhIARWiIAU/AoXVVMSAkJACAgBISAFr2dACAgBISAEhMAKEZCCX+GiakpCQAgIASEgBKTg9QwIASEgBISAEFghAlLwK1xUTUkICAEhIASEgBT8/j0DlzGzC5vZnc3s5GZ2hJn9pPn//zGzUwU4fm1mh5vZwWb2vf2DSDMWAkJACOw+AlLwu7+GuTO4b1DqZ8y9wcwe1Fz7wB7X61IhIASEgBBYCAJS8AtZiIrDQEHf3Mx+N7OPD5vZj83sNGZ2/sx7dJkQEAJCQAgsDAEp+IUtSMHhnNTMHmxmd+1oE3P8Q8zs02b2QTP7WsExqCkhIASEgBCYCQEp+JmAr9zt1czsCmZ29y39vMbMvmBmjzKz71Yej5oXAkJACAiBiRGQgp8Y8Am6wyR/UzM7e9LXf5vZe83sH8zsdROMQ10IASEgBITAjAhIwc8IfoWur29mL03aJQr+c2Z2qQr9qUkhIASEgBBYKAJS8AtdmAHDek7jP79Fct9TzeyOA9rSLUJACAgBIbDjCEjB7/gChuFjln9AMpW/M7M3mtnb1zFFzUIICAEhIAT6ICAF3wetZV57NzN7fDK0WzZpcc9d5nA1KiEgBISAEJgCASn4KVCu18edGva5JyfNi5ymHt5qWQgIASGwMwhIwe/MUh0w0Mub2ZuaXPdjh78QIX/J3Z2ORi4EhEBBBM5rZj81s78ws/OY2c/M7Aeh/f8wswu5//9Fk11zhkBX/XUzO52ZfSdcCy9G5MaQu6/gAk3RlBT8FCiX7+MaZvZyMzteaJoo+b81s38p35VaFAJCYIcQIB7nDoGJsvSwX2Zm/LyodMNqrw4CUvB1cK3Z6q3M7OlOubMb/zMze0fNTtW2EBACi0UA1kpicW5nZn1qTQydkNyAQ5Gb+D4p+IkBH9Eda/VQM/sr18a/m9mhZvaBEe3qViEgBHYXgRzWyhqzo2YFbJnR7F+jD7U5EgEp+JEATnT7iYMJ/i9df+83s5s0P1+aaAzqRggIgWUhsIm1klHiL8eq96HwjeAbglzCzD7TWAFPH0pFU3+CMtGUi0Yu1mTlnMzMzmxmhwT/O4WqDjIzLAVertuUnn7lsiDRaDwCUvDLfx7OamYvbnLa/9ANld3zbczsY8sfvkYoBIRABQTaWCv/y8zeGcit/rNwnwTtPTGc2mPTuASeUbgfNVcQASn4gmBWaOosIXDu4q5tAlxubWaHV+hPTQoBIbB8BG5kZi9IhkmA7Q0mGPr/uT4oZvWECfpUFwMRkIIfCNwEt/2Bmb3KzM7k+uIkTyGZX03Qv7oQAjUQuFmI8P6GmWE2PpGZvd7Mft4EiREwKtmOACWgSX07jbtsKkrq1GqA//8NWrBWBHCBgM/HzQyL6xDBTYJrhHRH0qB/0rcRKfi+iE1z/YXN7K1mdsrQHR8/ouc5vfsd9DSjUS9CYDwClwl0yvy7STiFYmJOyZvG9777LfCx/6PwDTjODMqdLgnwfVjom9x4zPayJB7z2UKpwyx6zuSRA69PmdlvB+6SI0Im1C/DtWQ/RM6BC4SYCN8G7hcOfLhln5L7OEvB5yI13XXnDxzy8eT+rSZQhrx3+dunWwP1VBaBNn/xth740D1C/t3fQMSm6Fpmhkncy10CJfWPyy7Xxta+2vRHwB2yC8RapA+fwMx4/s5lZicJGxICCjlVYzGCBAjlSd2O1zbBiWDtyX36QEvQI5kFtSt3EkB52ZyBScHnoDTdNcc1M+q2E8WKkAZ3leYB/fR0Q1BPQqAoAkReQ47Ch6+v8CF7bPjw9r13LdejNG7uFCvzwrpHwNtrJp4k36N48MDKwgZjqJw8KFPiCS5qZicMCvf+wWUztF3uo9DWpYPFY2g7bAAY08HNPCm53SVsDCjV7V0nXfeM+TubEGqObGUXlIIfA3H5e58dFo2WYafD306ai0QI7CoCVw6nozh+Pkh/b2aHmdnvhZMVp8LrNQGl52uZJB+y5zW/R9Htm7RVicT8e4+ZgPAneE6QY6hr37xh0/ftZhPxjwPXm+cIJUuqXynJJfX5Yniefb8/DIe0tue61PgIrNzIYCoFXwrm8e1cMARk0BJ+GUz1XxjfrFoQArMiwAcXE2mUbYqBwNI/Dz9+0JhQ77hnVMze3x2x4ENOQN0YxTrmYfAK/myOoz63TfzPWCSZw6k7buq7gcAcT16+f9Zyx+U3n/i94eZnY8lpnO9wl7RlNbAxwFfOs8vpnrZ+y8zIjCJuASz4f/6bVGg2J/RJLQDcBgQvEoCKtQYLAm3BYcD9Xt5iZlfcNEAp+K6lm+7v7wkmJYLobmFm/zRd1+pJCFRD4H9DtDwd5J4++Ug/LpCt+IFl+x6rzWaahlFWWC1irQn83eSbz1kCGiX1Njf9vrqDNWXTQgBxKrDhYbL3wnzJs88RgpGh725T7jwzxC/xw6aCk/aPnEKlXzI68McPzeIAFx88WjOr4TlBP3hcNp7i+y5SDti6pj8Ct3UBRUTKsyOUCIFdR4DT+D+4SWA6zXU58cGkaEr60eYU+4oVFzzhBPlvzue+FOuFdxf0zblnLVFMMUAvPhK0w0GG4DY2dGkQYa5+en6juG/snjMq58HQR+ZRbaZPqvDhVvBCVU82ZbWEd4p3Kwqn/hTbI/+WC2CtgardoyI7vxl2sOwsSZfone8oIIXAAhHwQVkvaeJKbjhgjKmJnyYILiPAK5YxHdDsYm9hA4SrApnbJO9B8kplq983QfbsTSzRl5PfYZYmcDD1HacpwDlmerILSB/zAvlOulmoteDPChuJ2P5XzOwctToL7abWFH59p7b0OSn4yiuR0TxlXvHXIDDUEWgnEQJrQMB/sB/V+BvvM2BSnJBQLtdM7sX0iqVrqFl1wFCq33LXhBmujyKtOTiCITFtRyEnn/TdHEk3aK9u/Nr/2ijBf265OTU/E3eBuXuTYJonGNlHrk+N2fcT9wJZH/fKAWbkNWm/re4rKfiRKI+8nReFwg8EXBBMMSSVaOQQdLsQqIaAV/BjvzWbIsr5PZavNYhXhn3N4DXnj7k51sIA73gg6eoTS0TqktmmgIk9eKFrFBM7Sn+T3LsJRGPjGGXqGA1IbV6XDG6qAjykAvriYwzjgHds7EvXtcD6+3YECAwhkIR0Ch4MH8Qi7ITAriPw3XC6IqeYXOex0qbkicrGZ73rwikUvKJMfRLdhB/seQQAI2T3HL8H0OmJvCvlDAww53PgQYgcx/TcJgQie+WPWxN355SSBtfB90C65xTSZqaXgp8C+cw+YDt6V7h2Sbv1zOHrMiHQicAjnVmejzckTmPFt0lbfaKtx/Zd8/57NgrqMaEDmOnw4xJgN7f4TdXLzezQzAGlZn1uIx2MiPVtQmrw74cL3tQEq8GjkEobMyKcIQTbTSlpzEDXBqbk2NIAVsjQDkjp0wm+JOT92oIakYeXFBEC68Tp3A8/Xb18BPyHuNS3Jo0yBwWsA0MLeiwFRX8a5BSLgpxbyLvmOxVT2MjLzv1OPanhU7+zmwCm+hwCmlRxoezTSPiUJGcsq95QnFNymymfQzZKv+MGTgolzHbHkFIv3VCA9vU+T4yAqYmcV4kQWBsCD23Mun8dJlXydEMEts8J79t2JDMhtWgu0hi/1qm59eoF6FpLPEsUR4ksbK0KZEsn6en2Ipn1NFIs0kC7qybYTO1391NmswOdbRRIaMiIqi13C5wSvp/WjAMp+NpL0d7+RwPhA7maBNatJUhoHjTV6zYEMPVivkSo/hUjjolO3khxWQhSz87I6aIkUQspcph8EcyTfxysYduG3lbRDpPwqZoSrP8ZCHkoRALBDKVs8e1TyfEU4f+faWaYjUtLGluQkx5Wegxpe0S7x8wFnhNK1OZwstNOqqT7KmG/OUjdlzC3Xd4NlnF5roXauMT223zgY9ftdIFHn+ea95RnkB8wIP2OGAhcuxdP8t55F2AWPECk4Kd6HI7u5zaBa5nfsBvFBCYRAjUQIEgJsphNgmJEYdXkNo8f67Efv3QOqVLsil7mVPziAoFYmItJZ6OGfSnxZumNH+tSnXW0w0mbFDbPn95XT6Rm9r6nf++uSO9NLQN9x1YKRjbLvggYZDexEE+fPshOIFD0kIQNr08bG4l15gKnz+DXdC0nhY8EPuF3h1PHmuanuSwHAXLOCUjLkVwK2Zy20mviB5l4k9KnX++L7VIiFDBhc11CCI4lrbVUARwqw8XKbJ8NlpYS4+zTBim7WHoe7m7qe/KOt6bPXt+1T6PTo55KN3VDx9cHl03XtmV05OpTKHMh6AFvT3Hbd1yc7ONP6725A+rbsa5vRyCS2uC7IYdyCf4/rdU6EfAc8DkzJEULM3rJkyn9RgVPOigR7yUljaYm6Aj2vDbxJmf+Dj5j06pKWSW8Qpv6BB8LwHDq9jwc5L5fo4dZ3mP+6ITshWIomNZzxStPn2KZKv6+sRe5/edc11fBE+/BN59ndoxSZ2yxwiKuia1ET1LwOUtZ5hpMOu8PH5WhtJ1lRqJW1o5A6j+FTAlzIj+nbchECDKDVCT90BAgRLpWSd98TQXPOr7A1W7Y9sFPP8jQmUJxyoeXOAUU/ndCnjfmVqxtJ3A1xa/TUhAF//25CjxM7wuVwmhqylMpzwBkMinBFiQq9x0xL1whf+ruB2P40nMl3bidu3lePx9KwfraBJQd9pH6ue2XuA7coKmNwrNz+qRhourZJBGLggtpm3A/ufxEx/+qqRCHhRdFTmW5Yzdc/ScNfnh0RzZFsxR8iaXOawMTItG/fEgONjMC7SRCoDQCqf9zE2EKNJ+YmdPqXiV53vmwU2IUqXna8gxwm/pJFfyQ8aQnSOZV4hQP7SupskiXq6HE84JyYnMXgy99m7DDkdUzJge/hJ/cc/LH0rTpsw1fAIpvDsFa5HP6KXBD+VeEd+udYTPdVhYXbCmYxOmbDR3WMzbhxUUKvjikrQ160gcicakeJxECNRDgoxFPEtSUxiy4Schv5kOUEmRwgieQrATPe/zY1zyZpie+tlrlvvDNGEWa5mBTAvURIxfS11mvpeAp+gIr3KYiLJwKCcjkmRkjWQxrGR3wXJIZgcQMDIoVUW3TSw3XT8bwDsgU4J642Wsz35MxRewG1rXJXLNS8DlLOf4aGKAw0UBqg8mFlByJECiNACcyym9GyQ1u8qeleO+QE27bfOLptJbiin36U3waNNiWTTD05I3JFStHlBJmeq/gxzLz4QrkNIjrgJMkmx0CurzJPF2nkvXL25TbEKyJBSHLCCHLgzVFUitKKRrkIe9iOhYyD+JJHA4BhMI6PC+zEDFJwQ9Z1n73+HQKiD/u3+92XS0EshHwxCR9IuPTlJ/YYRuLWPZgkg8yHzkUTS3xJ0dy2cklxqfp3QSllHIJE7THwbfXx9LB3P4mRN0fEUzEFHjhNN5aHzwBn3Q4qleWPFGmHPF0uS34cdPz4MuwEtkfCZM8N368dy7e/rQue1f1u1rP/sZ2peDrQ/5aMyMH96fBdIrfSCIESiPg62LD+e5LaOb0lVby4p4SNRLiKWeK6PBIfvPr4PN/cDOJthNlLqvaJtzSk9uQE6pv21tQtlk6OJEfFm70eeo56+uvwTpT61TZpuCHULheu4kPeWUYNN/QSLoD8Qu/94GB+LRR8iU3KjmYPi5xeZQmc8oZw9ZrpOBHQ7i1Ab/bXNzuru7U1frECPjc46E1qdPqX5yA8YN+bMRc4kewLcp4RLOtt0aGSP7Ixx4cOKGWrhdeWsH79ig4Q6Bbm7RtVnIx7MyZzm2o47q2MQ5x95CXH2lfWdeDXL9txWZI60PJb0qTLDS9YzSzpLz81vlJwddY9qPbZKfJThQfG4UbxkSm1h2pWt91BLwPeuiJEjM35lA2plGoOU1e81CJkc/fD37hmu+AN9NzEua059OqUAKwfo0Vr5BLbFx8e13KMPp2mVuOGZ7nAu7yEgGTubiVcGFAF4wliih50sYICGXDGaXURiJ3Tm3XeSpm/t5a0W1MB2PvlYIfi+Dm+30axf16sIrVG5FaXisCPksDrgXoL4dKGgVN9C/c10PFm2xrf298X5zg0zz/3KDDrrl6k3ofn/mmdn2QXZ/2sEzAzge3AXXaqfaGRP5yIv4J7J1aPh5yv+n3E01K2IUGDsC3wzPIs+jFb2rj77FUkMMPd/sUklpzSIEmA2ARUvuFW8QkZxrECwOZCLtOiBqmNB3NNGV1OxMCfU6AXUOE3OU9iUl0iA819uM3DEMtC11jjn9PXQz+vpJR/EMV8qZ5lDjx5mI0xXU++GxMVoCnF4bQBmIbL1hncE0RWOiFIkH4w6ewWqTugpIZCaPXSgp+NIStDfgT1aPCQ1inJ7W6RAR46fkgsbkjJZKTB6cslEw2C1WPieGrxGdJtSlOcmPl0i6Yi7bGMJv5KPYSQXvb5hZxSK+BJhW61FJSWiH7jQkuDJ6VXRa/4exjkUjnzDtEXXmEWIpbt4DCBpK4hVTJ137W4lB476gvEuM8FmWml4Kv8xqRooTfi3QdaEFzyyzWGY1anRKBNrOh7x9qVchE+CnxXHhf5JNd0ZIxc47R2jFSO7cc66Y+o0m75kd3U6ofYyqdRlVaIfv0xjnzusc8M/5e7yoZE1lOaVTIYRCUaKrEfZ9pRDt/47klpqEk9XIbRtAYw0wXZcycS63Bke1IwReF88jGoCvENHSywOvNgyfZDwT8h7prxpzUyKwY+/GB2CZSjuLrxOdZQlLTY1c51m19Rl/qGH9s15y81SxeC7aYTEunT6VxCm3MeV3j9X/3Jv8p0gn7jG3ItaXcMicMVjC42LFO4T5KrSd+fKT+QUTUJmyc8I3jfvp5cEGxKYRQB8vaGCEAEKtFpH0eY7UYM44D7pWCLwrnkY3FqOEfhWAnyj9K1o9AGxtczqzHfAz8h7RUhHgcM1XGYGCM+cZjTt+e3nWsMtyGqd9gUUiGk1UNSTc/Yy0EpU3+Nebcp81SCp4+P+molHOIl1K++pxxj80U8d/92F/JmI+cObReIwU/GLqNNxK9yUcMk82flG9eLS4QgZTRilMY/sNYQIS0szOYGVHcbYLyxM/dl87Sm+dr8Cx4RUaRpDM1tKFsXPuKp4odqwy7+iZvn4DWGrEOsW/8rRQIiTI2sCoNDqSSXQn3TRdWY/4OMdL1womY59ZbSfxz07dUbDqm55vZjcMvr2RmbBa7BIpblHZuWdYxm2w/ljSifnZTvRR816PS7+98wN8YzEo8XJzqJOtFANPc08yMIhhRtvlQ8SFSUfAmZnaKFlju0pQpxY+eK9Hfj7kf7nFyzUsLG9V4Eh4aEe1PVWMsAaXnNqa9kn7z1CJQ4kQ5Zm5d96bc/mkBLb/x7Mrr7+oLam8YCRE2FZSizRU2BqQRdin6sWOM4+E9gY48xq7MHk8hBZ/7qORdx8eLXS07ucvl3aKrdhiBNnMgCtwXfGmbHh8criMYKRVSfA5NSD3a2mCDQI1sTpO1laYPHIQyFOrQPpL6rNfw3Xmky47BYgDvxRjxJWOxPnBYoJDNkoR1pOKcJw9ifG3maL6BCKmRYwQLwJtCA8Qz3XNgY1HJQ+lMvAauU37AGkVcikI8peplQ8LGZBZZw4s2C3AtnWK+5EU/PJx44kO5lPFpHOUR8MFRtN73BM6On7Ks6QkDNw8me07M2yT6bkudQDb1lZ4wh3w3PFa1zfTlV/rAFlMmtbE5/lh1KP4SZSjdcI25s5kkFoMCMMRmeCEFked0bLDopnHTd3RXEBPC5nfp4l0u1EUgvW9sIF+fORPoTbzCJ4a8qH062qdrqer0kOYEj+kOP+AP92nyI+cKjS++NgR/NRSVCLth6CBh5kIo2EOxDV74d4zsc+ztqdLDVM/pZogQ+XuzlpMRG0Y+qiiTVEqaQXPG7E/xmD0ZVx/xcQpz1fDuM96ua9O0vBJzel+gtI59jy2K0zWHnL/zbDK3NDqdFLTbhqwNTyGb02bfa3gPOEDNbvLOHDjxNgQHEkuB1K6k6IdFWjb98e9jpeAzVyzjshhcx4fa78Qzbt37S3wUcTyNepKLNoDwN3N6iEU0pgYRnoNYo5q+S7xLmA6h2UwJPb4egjbv7ibpFW7J9LhNOPpqdb66Vy7ufkNS26WQO6ax13k/fIk5pZsGni/8z3PQzYING2wOLZC5eKmVfrhpPWJFTnhFTj120Sa6H6sceiBiV2IDmDN0zwfwtRIfpZxO135NDK7j5Ekdak6akm4EeAng6Sc6FvEfyUj1293KUVdwouRkOZWkJtqS7xIngJclRV+YFyeZewScfKBTyb634efLsRJDEK0uOZgTYBiDTtkMnyPnpoVf45+BUgx0kSQrTr22+6UNYjYaPF+p6+hnwdJE1HnNokHpmGK8A/nrBLYyjl0QWExjZUAsHneqwMmQ4uAPS2+f6sOwC4sxZowx0pgXnhdS0o0AaV2eWzo9FRCZ/qLuZo5xBSlcMF9R/aw0ucm2F4m/1XiXUIpPbFKDYPTywtxwAVGpsFbfbdD74h9DUos8VwCRxp/pub5LuxwTOgxrCG6jaJIdM05MqwRa+kpxU8Us4F+/SpPSiTslzfKAJOZ5A1wzY7CI98bANQLhwBjSm10QGCE/52hsS1h5ts07PXRcvcZHaReALzlGcp2JgEV4KTGnSroRIIKVIjxR2qpFgefFQmUo/G9EjFMpjZecv5GxEFNSfI+lSV/aZuN3ykQ7k6ZWS9qilzlBRf7rqd7jqzXr8To3yb79oiSIT0FmzxEutFhU7+PZLVkOlzxuGNaiYDmBSfBjhca8qZk0jztex6HlCTO6ChgHbqhvVEoFrQlrqnRr8FVQUhdXCkG+UY7cgPd9QWsCsattR1+siG3yVzBNm+LOoVHImBMx8fPi4MOOUnu3fAxTWIF0oBz0COzjQxsJdOI9Ndnh/LjSdeu7Zj66uO+9OfjMcY0nYmHDFQNEx44lNdXXfJ43pb+h2FEUta1hY7Fa+v3ecoX1gfz8klkHacBvJNp6rRT8+Efjy03e89lD3nvM/Rzf6rpbSHe1zLbEs5gqQPxepB/VOPn4tK8paSmxXBCfQLZBlL4EIGOeLixUZwkN4CJ4dY/G4AGP414D5zpTr5nNkL4nQ4mGti0R6W9sGr0lDF839Q2m9rX3eJR27lIsPMQPRCm1wfUbTNrm4MEG4kj3ZomP6s4hXXDAB4XUDT5y0R9asPnVNpWaAof4czeB0xYgVMOH6SOop1Twcd6/asxyxwn/Q5nUqHRrPzSekKVvYKNXWGtR8PGjyr9jKWvTtWMzh9XDB7uVjMZmQ0wwXXT10D/fMtwD+OEl5RBgDXlfOAxGYbP81iZrhveX94GfLmsJxD8U3YEPoI0oiziJ3/xeCn7cAsZKXiVfunEj2o27a53g4+wJbuEjRX59FHz4pNuU8iXid4dMAvliyDudEv2U/36KuAPm5wPtwPjqPSadmhKnci30GOKgS6O7ptZGL90QU+PClyftO2h8/A931c/8/aVOln3HtA/Xpyx32+bMs/SLUMOC4Mcuul3aOiDjQgp++GNFKUNY69iFYd6qTfYwfKTLu/NWSTRuLQILounvlUy/FPOW96vVGv+2lUsLlLS+4BWWPqXnxeQOQUuOpD78GpaVnHGUvia6Hsh7hgejhvhNMeWoCewjbbKPbCJUoo2paqf3Ge8ar0XJQ4hF8HBJad1cSsEPh5go4Gc3tys1bhiGPkiNSmWYrmrk1m4qH8nakWvuo5X7zMSfqkq6GHLH0Kbgubf2O41CR6FF6WOmT9ei1ok3F8NS1/lnuSb+n2ie2Qu4QffpC+sJJCgpaQ3NsdGSv73U05DXDnrjPmbGQXGo4NcnWI90Y5jzDpA+D8jQQaz1PihT8cFfuAnk+tJaJ1lxXlPWwObjhnKJtc3jtDxxTN+pzq3g/YkO4pjo25viVOxZ9PpsKmq7ZvquYanrY8DlFHEFPqiK55e0RdgP29jusJhgzr9kQ18Kp0IqfMPYZLFZlMyDAKRWpNiyVod0mOLZhPGM8e1h7TpLIkvBD1vU84cdk1LjhuFXMk2uzwjaFAz3D2EL8z7wGtHNXfPyTHYQo8Ra8zXTqeKYMPXCdx0ld1OR4j+Ha6ML1yF/j5u9krnwm8ZB4B2xJCn/wytDdgWbPQKw+EZR+W+ToNgJyOoK6hqCh+4ZjwCWltOFZvDBD1onKfhhC0G07O0Dace7hzWx93dNeYL3YHOajz/+91DAem75rgXyCrZ09HRX3/wdkxwfcQTSIE4CpOEwwmwNAAAOBElEQVQQC4JlqXapUW/BgADnDRmDbtvYnbaSayZjOMUuebOzDk31Td1EStM1KTZVxKUMUhhdjevvy0JgqodxWbMeNxpK8VGHG/PIweOa2uu751LwEXRflCH+LvckyvVzR9FHemTGwumN9EBoThE+4JQbrSlEYj8pKHbPoLWtzzYFv4Zv0JMDzzhzp/LhFLUoyBRhU4rbyWeLbML/gyHepK0yYc3nRG3PiMAaXq6p4Ysc6bCnsXOXDEMA2snfCbdOmccdR4uy4ecBbvh9fKhzR9H7ExwuBngYiAdB5gj6y3kK2tKE1pAqx3PM5vDbA+on5ODWdQ1R2fykZvtYcZHNYN+6Dl196u87gIAUfP9FIuqaoIg1VMPqP/tydxA5H+u8Y1Y+Sbmms1si8Ag/pP8w5irHyGBIZ1NXR4OY5Ltulo8Jpnm/WVliPvNaT/DZD1zlC8EXK86JzIzAv1dV7k/NLxwBKfh+C3T6JiL1TWZ2T53e+wHXcvXcJvo4JNYSBeklRznOOf4bNSQ7L3ADJoqaoieeKjlnDqMXsWcDbQq+JH97z+HociGwbgSk4PutL5zfD9XpvR9oG67mBBopMvuYxot0njRCRDiR4VFyTvGei37q8ccgzzjeqMz9pmNIZkANbH2bc2VP1J6X2hcCi0RACr7fspBrSgDTM/vdpqsTBNIPfY5CrQ2ip2Clr653Y848eL+5YKyRKtnHBSyVPplqWsd1i0kFQNwdEiEgBAoj0PURK9zdTjdHVbJbT1QWdKeByhg8ubwoqShLYDSDkQ0K3Sic6H3t83Ranuxlitxz33/qHogneL/pWKKJnjlQ2Y/a3gibqhgYmPHY6BIhIAT6ICAFn4/WuxrTPFzTqrKUj9mmKzm1UaAlCh/9i4xvdlQLKY1q1wl4Th982nc0x8MJH1OmHhWoMEeBUuFmT3azBMtNhSmqSSGwDASk4PPWAQKRp4XgOlJhJOMRmFNBto0+5XbvUvA/anLNYZhCftzwfJ90PCTZLfgIfm56pJndLxQMIR8eYUN66ewWp7vQp8pNbfmYbpbqSQgsAAEp+LxFQLlTf/vOeZfrqgwE0hMzxXsw1c8lsfRv7P+iDdUnrF+bZM4NSroZYdN5psC37y1MS8wx9wq+axM117OgfoXAKhCQgu9eRvJK3xgi59OPevfdumITAmmg3Rx87n5sn0ry4SEv2VSOc+5o8Lb+MdOT9/wRN6mlR9IvNU5Ab60QWAUCUvDdy/jwQMKSS8fZ3aKuAAHM2xRJofxoFGpcQ6k5h3gF31UEJQ0SZLxTn5bTSHrGgE+bjUkkYYJpEcbFJQl1AAhQRK7Y1HN4y5IGp7EIgTUhIAW/fTVPFT5A0EC+d00Lv5C54PKAzzwKPlkyFfBpTy1ewX/aFXJpG0fKJMc1UxdNuVYmUxlVqb41NZhb+vNBdku0MCwIKg1FCIxDQAp+O34Q21BPmVOHpA4CPnebHvoUfCk5oj4+9blN9HHeUO1SaAYlvkmm3njkrElk3MNELxECQqASAlLw24HFhEzVMf6V1EEgrS1OrettdazrjMLshy4Sngj5k3V0dHgTvX7CcM3PzIwqg3PJowMBU9r/UiPp58JJ/QqBvUJACn7zcqN4nmBm5GxL6iLga6sf0ZTjxXKCuX5K8Sf4nPxslOelwgDf3bhy/njKwW7oK1bI48/MQTW/F7AoGoIQmAsBKfjNyB/WVGZ6oZk9fa7F2bN+iVgn1QtBud/MzDgZTyHU1Palf2+fse7yJU+xMupDCAiBwQhIwbdDd1ATffweZ4IdDLBuzEaA0ydMgdGf/Hgzu0f23eMu9MqalnIi4n0+99w5/ONmr7uFgBBYJQJS8O3LSnUxzK4whEmmQwB61Xu77qCvhca2psD89gFXm/4VIbCyq0+f7jVXYGDXGPV3ISAE9hgBKfgDF59cbKJ8L9CYib+yx8/GHFOHVOjzruMpqExJgSQGIApFZ26TMXmZ6DNA0iVCQAjMh4AU/IHYYxo+hZlhgpVMj0BqLn/shgjxEiPDLQCRkSfb6aKo9f0q3avEKqgNISAEqiAgBX9MWCkYQiEPPvyQnUjmQQDKVYhcosAi+OQKQ8EFcx/XLix6WHAkQkAICIGdR0AK/phL+LehPjXkNpL5EPBpc4yCnHP885zuSwqMeSdxDd49pEaW7ENtCQEhIARmQUAK/mjYT9RU46Iq142aU9zrZ1kNdRoRgKv8eqGC3/EcLATgPaYATJT/fZmZXc611UVPW6BbNSEEhIAQmA4BKfijsYYX/W5mdm4z++V0S6CeWhD4nJmdy8wo4QqBzNmTa2AWfElQ0rDO9ZW0VC33s7F7Ud+GdL0QEAJCYKkISMEfvTKfDPXICeqSzIfAcczsp03w2/GbFLnrhIDHG5sZZDSpEBBJNbK+FpeU//7lZnbofFNWz0JACAiB8ghIwR+F6QXNjI8+tLTfKA+zWuyBwFnM7Ovh+lg+lvKsD2hKyV69SWmjklsqmNdJqaM6WZf4/HWuhUGPEqsSISAEhMCqEJCCP2o5n9mwpmHqnYo5bVUPUeHJXNWdyE9nZt917cNy9zAzu0ooz9rW9TOC7x6u+I831ek+Ey5iY3DHsFHw993OzLhHIgSEgBBYFQJS8GanbgK6qAV+XdV8X8SzfavmRA3ZzPfsqLVJy7gySE70rBe148/XMervmNlnzeySwezvL/+wmZH3LhECQkAIrA4BKXizGzZFTe5rZtCitimT1S36wieEmZ10RehjL9ExVvgKMOOT1th1bVtT1CNXxbWFPxAanhAQAsMQ2HcFz/wx4xKtXSL9atgq6C6PwBuCCZ7CM1SUyxXiJ0ijo9Tsb3fchL+eNaf2vEQICAEhsEoE9l3Bw33+0Sbl6jwKrlvE833i4HOHkwB/+VMHjuqUIXCSE/4hQeGfyszeYWZvbFIhXzywXd0mBISAENgZBPZdwROZfbCZXX5nVmzdA/WFX8h9/+q6p6vZCQEhIATqIbDPCv4EZvbqUEmMfyXzIkD+O8Fwv29mTzKzu847HPUuBISAENhtBPZZwWOWhw0NE+73d3sZVzF6Ah0fEXjnr2hm717FrDQJISAEhMBMCOyzgqc62embqnEQn0jmReBCIZodjngqycFgJxECQkAICIERCOyzgqc0KLXAXzECP906HgGewVeG8rCwCJKv/q3xzaoFISAEhMB+I7CvCv5qwf8O3/mv9/sRmH32jzMzyrQi11Tq2uzroQEIASGwEgT2VcGjVAjqUiDXvA8ybHTkpLMWzzezm847HPUuBISAEFgPAvuo4OE3R6ncT4Fcsz7I8MlT9x1SGgLqOL0r2HHWJVHnQkAIrAmBfVTwnBrvFOhNf7imxdyhuUS+eYb8saYGwJWTojI7NBUNVQgIASGwTAT2UcE/MKTGwUMumRYBnjf87Q8xM9jqfhKC6j4x7TDUmxAQAkJg/Qjsm4I/g5l9uykPekYz+4/1L++iZnixQBELQx3yOTO7RuN3//KiRqnBCAEhIARWgsC+KXhO7wR03X8l67cL04BQ6LFmRp33KO80s1s0xWS+sgsT0BiFgBAQAruIwL4p+AeHtDgUvaQeAmdp6rnfxcwuHcq5xp4+YmaPVrGXesCrZSEgBIRARGCfFDzK5rCmophqgNd7/qnJTj13gua8oNif2bhGntFYT46o171aFgJCQAgIgX1U8FSO4+S+T5uaqZ70s4W0w9u6Dn/ZFI55gZk928zeI8U+1VKoHyEgBITAUQjsi7KjLvjbzOyWZvZcLX4xBMAVsiDPHU/qIXXcn2Zm3yzWkxoSAkJACAiBXgjsi4Ln5M4J/rRm9l+9ENLFKQLnCAFzhzYFYlDwUT4dqvORAicRAkJACAiBmRHYFwX/1SZq+2vB/z4z5DvV/XnN7JxmRpW3mzdm+J+3+NffLlx3ak01WCEgBPYEgX1Q8CgpTpcEfyl6/sAH+8RNidaLNMV3Dmoi3PnvMzescncIlo7TbHgPCJaDR0B47smHQtMUAkJg9xDYBwUf/e/7Ej1/VjPDjB7X9n8arvcrBuX9i8Acx98u2rgt/q/xlcPNv0k4nWP5+Hq4IP4/v5MIASEgBITAghHYBwUf/e9TKXgoWCF3OV7IAwfjK5jZCc3sBIFoh98dO/zuZyE3n7K1/BBx/qVQhOXH4dkhduBCZna4mf3UzE4ZotI5eZ8ktHvc0Db99BGY5OCDZyPw6sYUjzuD/lDmEiEgBISAENhRBPZBwcOY9pxKEfQQulw/+KmhYL2wmZ264rPAibvPmnHyjqdtItojLex7gz89/ltxyGpaCAgBISAE5kCgj7KYY3wl+sSf/JRCPnjwukEINMNnzam6r3zYzP63x01cT0lVFDWn7B+18Oh/qqmQ99892tSlQkAICAEhsHIE9kHBxyC7j4ZAsiFLetJGKd+rMZ3fxMwgdWkTTOefNLPPNpuAz5gZ/f3KzL4QCtwM6Vf3CAEhIASEgBAYhMA+KHiAwbTNyffaPX3LUK9iAbjZBnS/Y2aPN7OXBt/1oEXQTUJACAgBISAESiOwLwoeHzy+eALHoFMliM0LfnMizwnEI2jt3E2w25WCaTzFnFzwV4QKaZjP2TxIhIAQEAJCQAgsCoF9UfDxFM+/3wqK/viNb548b5Q5UeNEtW+TH5jZ083sWS0bhEUtqgYjBISAEBACQmCfFDzR7rduYWLb9hSQtvYOM3t5Eyn/wqYE6vf0yAgBISAEhIAQ2AUE9knBx/WA+Ab6VU7u5JHz7ylCLjmFUj4UctHfGcrLYpKXCAEhIASEgBDYKQT+H2SGuIBxmJjmAAAAAElFTkSuQmCC','2025-07-23 17:30:07.482','2025-07-23 17:30:07.482',35,1,NULL,1,NULL,1),(34,'2025-07-24 00:00:00.000','00405718','Staff 1','MVP Boat','111111','AA','AA','data:image/png;base64,iVBORw0KGgoAAAANSUhEUgAAAfwAAACbCAYAAACH1ClFAAAAAXNSR0IArs4c6QAAIABJREFUeF7t3Qncv185J/CLUUZNiVASaTVaJswgWoy026LGVhg1JDIlLSRZsyVjVEREUURJ9q2MCInsJISURJsaW5aZ+93vHP/z//6/z/N8l3v93tf1ej2v5/f7Pvd97nM+9/me65xr+VxvFRHvGBHPj0tyu4h4Xfl3/koEEoFEIBFIBBKBE0HgrbpxfElEfHEZz5eW/5/I8HIYiUAikAgkAolAIgABCp/8bPn9oQlLIpAIJAKJQCKQCJweAlXhn97IckSJQCKQCCQCiUAi8G8IpMLPyZAIJAKJQCKQCKwAgVT4K3jJOcREIBFIBBKBRCAVfs6BRCARSAQSgURgBQikwl/BS84hJgKJQCKQCCQCqfBzDiQCiUAikAgkAitAIBX+Cl5yDjERSAQSgUQgEUiFn3MgEUgEEoFEIBFYAQKp8FfwknOIiUAikAgkAolAKvycA4lAIpAIJAKJwAoQSIW/gpecQ0wEEoFEIBFIBFLh5xxIBBKBRCARSARWgEAq/BW85BxiIpAIJAKJQCKQCv9058C7RsR1IuLVEfGK0x1mjiwRSAQSgURgFwRS4e+C0rKuuVtEPCYibtp0+9ci4iUR8U8R8XPl86tExPdHxF8va3jZ20QgEUgEEoFDEEiFfwhq873nSyLi1hFxhz26+D0R8eyI+D+p/PdALS9NBBKBRGBhCKTCX9gLO6O7d4+IT4qI/3bEcN4YEfeIiJ85oo28NRFIBBKBRGCmCKTCn+mL2aNb/zUiviMi3nPLPX9T/Pc326O9L42IJ+Rpfw/E8tJEIBFIBBaAQCr8Bbykc7rIhP/FZ/y9Vdz8+TeKiBtExBvK9Vcupv9tVgH3ajslEUgEEoFE4EQQSIW/7Bf5/7Z0/3c7pf6gPUzzovm/sDvRf/ZGW6n0lz03sveJQCKQCFwOgVT4/U2I94mIO0XEXRvz+msj4i8i4moR8acR8ZSI4G+nZF8eEVePiFdFxC2KCf1JESGinpne9X7Oku/b4rMXdf9xBw7JMx/fRe635v+HdH1/7IHt5W2JQCKQCCQCM0IgFf5hL4NyJDeJiE8sv+W89y2U/7+PiNtFxOuaxpnhKfxW+jiRi+5/+EaUf86Rvt9qtpcIJAKJwAQI5GK+O+hO4x8UEfeKiE/e/bZertxU5j9brAC18f8VEQ/u5UkRt4mIZxTSntpkzpOewM1mEoFEIBGYCoFcyHdHfpsJvb2b6f4fOsUrve03IuKaEXGrLuL9nXd/xL+Z8VkO3lxM+u6/edPG+0fErzT/f1nnr6ekuQb6ko+KiHs3LgOWhv/SV+PZTiKQCCQCicD4CKTC3w3zzRN1vYuSf2lEIK95fmGz29Zi9cn/befHv35hwXOvVDr3v0tEvDIiXrBDd57bPev2zXV9mPK3PfYjIuKHmz/crzv1f+sO/ctLEoFEIBFIBGaIQCr881+K1DVKuD3d/mVEPDEiKNqx5Z3Kqf+q5cFv6jYb79Xz6b4dk42KzQ6xQbllRLxm7EHn8xKBRCARSASORyAV/vkYProzrT+iuQT97IceD/vBLTygcxU8rrlbVP9nHNzabjfK8685+S8sbord7syrEoFEIBFIBGaDQCr8s1/Ff46In4qIdyyXMLlfd+I399uNP1/Rm/8UESwOQ4tnXKs8ZCgXwtBjyPYTgUQgEVg1Aqnwz379AtXer/z5X8pJ+skTzpYP6HL8nbDJP5dIeoF1YwiOgedFxDuU9EBBhH0GCY4xhnzG8Ajcv2xIawXGv+riU75p+MfmExKBRGAXBFLhb0fpf3bK7X83f/r2jpP+f+wC6IDXIMCpqXcW1M/qFtdnDvi8zaa/LSLum6f8ERFfzqPEeuCj2OZesnGW5vnUiHj1coaUPU0ETg+BVPhXfKdOsX9Y0urqX5nymfSnFNH8Ny4deEWJ9Be0N6Y4sdU0w5w7YyI/32dR9l/XZXRwgV0kPxkRX75jNspFbeXfE4FEYE8EctG+ImBfXdjm6l8eFhGP2RPXvi8Xif+SptFjKHSP6VvL8DdVH47pf97bLwIKMv3gBh2z1NPvLi4fVrFtcS/mDlO/INiURCARGAmBVPiXB/oapZxsTXtzkpYrz4c/pXx6kwPPd36fLlr+JybqUMtJIGMhF+2JXsQMHsvVZS5WwdOAk6KdEzaJMj22lWh23SdlPMgM3mR2YRUIpMK//Gv+2oh4aPnoXyPizntUnRtywnxXYb6rz7j2hP5QxYF+rHRk6jTFITHPts9HQBGoZzeXXGTxUTDqW7riUB+50axMGPEh7k9JBBKBARFIhX8ZuE71/PRvXz4SbITGdlsJ2gFfydamUfUivSFS86TjTSmt20OAY8sNMGW/8tnjIaB+gzLM5PUR8bE7Wnuc+FkF7rLR1VyLxnt3+aSVIpBfsste/KeU8rU+cbr/6I5h70dmMi/+KCJuWPqixO5/n7hfcvJr/v/vFjKimoo1cdfy8SMg0L5/jzukeNPndBwX37jRVz5/boKURCARGACBVPiXgdoWx3lDIZpRwGZquVJEiMZ/29IRuc6ofacW7Ht8syQZ+KZ+G+M+/zsj4lObR6KeZhHbV0T4f2WpQlnvTYvRvijm9YnAjgikwr8ElJrz6s2/XcFN6tCjdsRw6Muu0sUViHyu8iGlUM/Qz92l/Zd3J7J3LxcmA98uiC3/Gmmr3vt/KEM5loFSTAiK6HdroMlg0OXPk11HgMn048vF+BqswykDIZAK/xKwbWU45vybdkQifzAQ5vs2K+9d/nsVClb2wBykZeD7mS6/+o5z6FT2YVAEPjsiHt88wb+Z548Ri75qkzWSn3vo43aMCTjmuXnv9AgI1rxn6QYiMTEeKQMhkAr/ErBY9ZgSiapwcofnEKynP0rnVoYyLgZBhf8w0Hw4pNnWtH9RpPYh7ec980LgVxuSHYr5P/Z4Kmvdai/qskHQSaecNgICPqVDE65UFqSUgRBIhX8J2N+KiFsUjKUOfeZAeB/SrHQmmxDyJx1F6Q0OaWTge55QqH49Jk37A4M9YfNqS7S++iE2eC2b450i4qcnHG8+engE2vdtA+mAkzIQAqnwL/kiW4paJqUxOeoverUU/B+XixSw+bCLbpjo7+3Jjzk286onehEDPvY7mgwRVieZLfLo+5TWvZbBoH0iO8+2/m/HZFqJzlguaxzVPHu78F6lwo9wisDxTTDqSTl67YzeK3MXsxdxkn7AjPrWdqUl5KHsWUkyAGemL+uAbskSeU0TrCcdUwyHyo19ish9qXnVkqV+hLTUlNNE4O9L0HQdXeqkAd9zghvxhRHxFQXjX29K4g4I+15NM3GJhH6b7jeKXaxkc5XWn3+/hg54rv1dU79QRD+6O5F/cNnQKnbDPM+6hW/idzpmyV/qKjK+8QxQEOs8q/nbQyJCBcchRLqnuUSSzXEIhOfRps0dqu4qspFq9sc8enhivUiFf4km1umUHEIgMvSUkK5Uo/Itui2d6dDPPqT9lms/59chCPZ7jxgQue67kDX9XVc7Qo49i9cPbXSjDagTS8K15PdQUk9+NiI1vmaoZ2W70yAgQE9tkMoxwpIpYyNlIATWviA7NTM7X63gS/FPVZTmrFf8vhHx4vJHlLqodecscmq/t3Tw8zuf3NfMubMn3jf+8G8+o2LdRUNnslf21gbA90TgaC2NrELex1zUwJF/Fzz7GaUNqYCq66WcHgJtNhSXqrmWMhACa1f4+Onx1BMnCrvLOaW86VfrG5eSd5bJdaApclCzggz5YJljFUsRmJMyLgJ3OCfCnfJGa+sdue68zA/xGE/fsCx9XkR8/cDDad1DadYfGOyJmnfQ2lzPBPCxNKUMgMDaFb4AuFr45UcLAc8AMB/VpJPUDxRLxDWPamm8m1vf3CeX+ujjPT2fBIE2a6IiwlSv8NFmSWP+/feOiA/sfKqYHL2/VphduQacxtxrTv7NwDBv+nfXvlYNDPdkzW/ynbBo1kPYZJ061Qev/UskCIlfnDxwSzGPObx3gXrqjC+NlOJXSrXBzK0dfxa1p+P69H3oailbxaNqNbx2BGOmyokRsBkha1+rxp9Fwz9R4KiNaSu36Rg7XzD8o9f5hDV/iRSlYdp8p/Lqr1c4wuc2Ex5Roqt/v1D+zq1/Z/Wn9eV/WvEFL6XvS+7nvbZYVA6tQoeTgi+9ZT8T6f/IkQDKANCRgJ7oMdvmquBSFUFTBkBgzQpfhS/0nQR5yJ0HwLePJvlacZX/8kZVsT7aHroN+MJ5CEa2ofu+xPa3nZiOtVx9UDHjX7kB5G6d+f/HRwCoDdy7fpdp8KcjPDMfMR4C0qBxObQiTVpWScoACKxZ4TulqIpH+DW/YAB8+2jyqR3THj+4BdZCuyQR2PW5pcOHllBd0nin7usvdIF6t246IT6l1og4pm8tG5p2xgqia10Tyd54zBuc573bFL66JttcSfMcwcJ6tWaFL73t5oXURiT8XNPdBOwJkpIHXctILmWaSSP8uVIcIzn2h31rm377vpSyqOmaZSGDRSlpMsYGrh2TSowqMqacDgLbYk2+q1A2n84oZzSStSp8Fb74xMlLSoTyjF7L5bpSiYHkQ/OFL01q/39x4/S5tHHMub+qygmmqyI2xUm/DxP4dUpsy7+LiOeUYD7PGYOkqlUI39BYi+b8LrJvuyPQWgDrXU/rqJTvvXsTeeU+CKxV4TNzMh3hAefjnDOph1MNVrMndmVy77/Py53JtXK2EbgQxC342FP6RaAtaqPlPq0p71U2xdrlBvvEUre+LwvCeUi0MQlDUvn2+zaytV0RaIMy6z2qI6pvkjIAAmtV+M+PiNsWPHGL4xCfq1S/LA59KXpLk3bRzmj9/t+eTRRWvMqC17cibgl8bDxv1+Xj47onfcUInIWKlLxK39vnJqb/t5At7ovAJs9Cvd/ajAsiZQAE1qjwFaNR2pPI97SA/esA2PbV5M93vku5qU9qqEb7anusdiq5xoOLKXis567hOdKYnPCriPdAfduXfFap0qi9a5fvzh907Hs3KeyUV+nrQVvaaZVCKvwBgZ6g6fuWQmBIdtpIfXn57z9Bf1bxyDUq/PuU8ptvLicVEfpzFiYupywpSkrOLlEwvDHT9X36XCIWffe5LWqjboH6BX0KRfuoErh39cK25zkPKw9h5pebP4S0J/zk0x8C4enarG4oacdtJonNpBirlAEQWKPCVwUMvzuZY7GczdeM8lc63pKjV2twzsu6cdxwgHm81iavGxF/XgaP6vbuW2hzj8VGbXqb5JdGBH9+FbwQqHiHrGanfc8h+zAFHjvmvH94BLhRbxUR71HcNoJCycs7ixUStJQBEFibwleGUdCYmstMRyKZnfTnLM+ICDnIS0zLq7hWs3Mq/H5nWhvFPhR5VKWfRqIkG6BKG2E9FP95G/+B6nezZG+/aGZrYyFQs6R+raR3/llR/J5vfa7xKGP1ZzXPWZvCbwOQntkFO6EOnbvIIBCdLx//HnPv7Bn9w9YmLY+5Tv52Vs87/kVWTLUk/Q4T3RBS2RI3i0vhWHhuoaYeylVj4f+rMiixN+oypCwfgRoXUuMycHWIpSK4HsSFbBbVWf6oZzCCtSl8/vqHF9yXUsVNSpvUtrlW89tlGrfBV5j35FSnHIdAe8L+ieKeOq7F7Xcz5d+48PP7zrTSuseGWEvEfYj/IKivWTFSlo9AtUxVN02lDzcyAdRiRf52+cOc3wiG+JLOb5SX9UhUvjQ8spQTw0O7He/XFsa6zbKlc8a67VsbfCW1UIphyuEI3LQL5JSuWYvaDMltrzSu6PxtMSQsZFxNZIiUS1aE3yzt37KrbPlbh0OWd84IgZrlUfWPiqVcR1Wsc079KT0jsCaFLyiEKRk16JCBRj2/ordE5n9zMYm3POl9P2fo9mp99iEiyYfu+9zab333f1RO4EP1UQqrzfFZTI/V9DpUgaTa/prWqqHe5RzalWIs1bh1A12tcKG8d0S8dakd8t1z6Oyp9WFNXyJ5w3aW5AldcMgDFvIyP7zze//ICaS0Oak5sXFRsFqkHI5AWyd+6Oj1+izR+srsbkotgDJEQOY1OhIWbGzytMfg7j/8jeSduyKA4VQa3iavQk3d1Q53FTdmSs8IrEnhS8WrUb5IH57cM5ZDNYfdDL0uggrR0EuVSqP5rRFxv6UOYgb93mQoG/o7rOaEqOqzglxx6qtuNoTCB3e1DKXCn8HkO7ILH1EIxAQg41VopVoyfSZlr7pej3xk3t4iMPRiMSe0nehRgRI+0Fo8Z0593NaXmpo09yI/F+FYFb44Cma9lMMQYJ0S5UzGYJ+TXSEjwAnsLlu6XFMuh8rAqM9f0ib9sDd72ncJxFN8yYZV/n1b7MnIr1zy8RVr+pcSn/Km04Zk/NGtSeELfGNKlndv8v3j+HAf9ETpVk5PQ52gDurUATdVhT9UCtcBXVrkLa05f4zAU775exYa6m0btaEzMOq8GWNzs8gJsZBO1yJa51n4MDY+ooxHIN+zFzK2xXRzTQq/MoYtzTR+rY5S9y87s+kbmqjsxUywpqNtXu2a5l2f7+oGXUDTH5cGx3KNqOHAdy9CXqT8Nnl9l2rJ3z5EBkZN/eMGMuaU5SHAFfni0u3zvvvXLAHVskKWWixs1m9nTQtvJXcYKpp4qBeNHfDvO7+39Kh3G+ohA7f7Tg1pSp7wDwe7jc4f68T7ZZ2J9Ys6pf+KrgbFu5/R9SEzMNSQ+IwS95EK//C5M+WdTPkf1XE53KjZsJ7Vn6eXEszJqT/AG1uTwq+mUIumxXIp8jbdgvcXJaXQCW+J0lKkjnUyXSJOF/W59d+PFcRWY18QoaCk3ia1EMoQm5Da9tDZCBdhn38/DAFEW6Ludy2ydMeGYCnf+WGYn3nXmhS+ID0BITi5nTKXJEvPRW6Jd87K517S+5iqr/gjblYePtZ3t2a3mINXKgFVm+Ovp/AfLie5PvGpCn+sDU6ffV97W5U4SeCldRdP/i5S4zaUeVbuOaUnBMZaNHrq7lHNMIsj3ZHuIe1jSdLyiS+p37WvbWBXmvQPe4PcIq8s0cxjbpo+pGyQLdY2btsoT6tSHkLhW/w912lPzYCUZSDgcKXS4VVLtc/NqPzzRtGuF0OySC4DyR57uRaFz/fNB0netQTB9Qjj4E1Z9IhFb4kyhe95iTid1+epMGRRYFnAUqmYjeImmzJkBsbSrVunNg93GQ+98j1d6vPHl8woZFv7SrUaLS3mat9xjnr9WhT+bSPi+aUwQ627PCrQRz4MS51+3/zIdqa6veZqe75Sv77EKfsh0Prvx/zeOqmxLChqwofPUrYpdXHu24dfy6guPSV1vze9/Kvv0wV4yor6seLikVe/ryDpQSl+3YhA7vTgfRvI66+IwJgLx5T4f2AxL/HjI91Zkpjwf16i3OVdL1FaE10G4hz2BmvQKX/omDUVdnl3Q0XS8wFLo31YoWQ+DLm8a0wEblG48h1QrLXWrkOlLc7EjfWUBcZfHTr2Qe5bi8IXMCIAZIn+47rgjum37XuytV9cUbioglN2R6BNaxw7y4ELTJYIQQK1zY9eTfp9b+a097yuONDTIuLeu8OVV06EgPnhu/0eESHYU9nmY6W1bP1u51L6/FJb5Nh2V3n/WhT+w7uAva8uXPqU/5KkKsslF52Zyv+8pPd8Xl/v0J3qf7pcoCb92JXE5NkTkfLbBDEUgqi+A2Ix/HH/fFXDwHYq7/TUxvH2pd6CufrYLubjIT0OsF0/NJtuwQPBXYvC/8aI+JziV9pW8etA+Ea5DekIk+mSmcZwv9upE0UzvmkU5E7nITUKvirdXxt5aDVw7iwq33rC73s9wdzHovEFZcM+8rDzcXsg8A0R8cCuIqbCODZqLbPmHs2ceSlLp3XEAYj0HS/SRx9n30bfX9C5DvippcbyEoM/6u52yRO8NemPbZKe65zcp19Vobpn7O9s68M/y6RfSx9j4qvZMPuM76xrK+nP/SPiiX00mG0MgoATvaA6MVIKLf3NIE+51Gi7+eXmxNH/ugGfd1JNj714TAVepXZcotI8BYXfKo0lvoOp5m197i+UQD3+c0p3TKksiWc9e5egvkP7q266+umfVNK8Dm0n7xsOAZsxFlSZHObCGFwJ1WJrVEurjTLcm9ih5bUofMEjdy5+JbvRJUlV+Es+GafCP27GTVla+E6lNO5ZAa837ALq/qjk51+to1D95+OGerm7Red/TQkA+5Ee282m+kGAu1HqnLRJBE01uLOf1s9vRUyW2CySh4gdEV+Lwq+Fc0R4WkCWJNUcjh1QUNQSpcYh6Ptfdz78paYXToV9DYqbwiVV391ZG04R2X82UDXHWtI6aXWnmnlnP7dy5L+64zi5fRdI93sTdLH2waMzk2OHF7A2he/E8JgdcJnTJTUPX5/69pGONc7NKNu1zLs+8H2viHhJaWiK1MyLWPTep+NJ//ULqukdisMzI+IeEXGVMwh/Dm037zscAfTkDy1ZEzaiTvYvP7y5o+9sT/pLtoIeDcQuDaxl4WUO/PDuFPKg4hPcBZs5XVOLpiw1Ur9V+FP4oef0LvftS1t4aArTZQ2SOmuzoeypGBnm3D7LN79DRDg9CgJcapXIfd/1Eq6vJEu48W3G+O6nFtX4nPbJ0qqhjordRQpfbuUnloIZ6BGxJ711qZrlt9SLN3d5smq2+xu+bZ9fOSL+qYugfFO597XNxPCZ+1w7ljwrIj621PX+irEe2uNzLPSPKicpQVR9p7z02NWtTWXxnMMRxl9fiydNQVp0UQxJpU3GqMa835dYd9RGz5S8vhA9rh264Nmlnge2R8reCX8u0mayZJ7+GW/lIoUvxUKwjhf7j0XR3KS0xYz3xvJvQRvbzDoKbdgoMMldPSIE+EjhoezvFRGqa9nBX6MQd+Be9re6gXhpuf9VR84qp5NPLbm8FpClSWvWZUJTF2BJ0vrw+z4JLgmHQ/p6o+678oflxr6Z7HbpD6Ifaa2v7yLlzUMxGK1UjgVuh/fepcEdr7Hu3KaUA/6DHe/Jy4ZBQAwFKylyJUF63vncxKHi8U356FT6W97QRQrfLdfsSGuc0IcQpxdRvUyBCnNcuwuqe7sysSwu/EV2lk4OTrWsB7/ScWv/XTnt2hhYDJmJWRrO2nFi6hKwJ8WHWX9p4j1JP8EtbiH8sFLMZCnjaIvnpEl/v7c2NUthu+HYtoj6Xvl+2cjz5/chtyqb2m+bqXLpY4xLaUMdkh8qegDbp/c9V6H0uaC4wQh638zuaN7WLgp/Ti/3/YvS59+zKBALEh/f2zQ5ymhImUGdOpBAvG8JNFlyUIcKVNjqbII+oItJeNGcXswFfWmZ9pZYz2BKqFvSorOIb4buX40hwZCIKbGVryxm99/qTL637KEjVyoc7E6VLIxTRH/3MIyTaIILiXXHoY9FdglVLm1QsP2p8kjypL9ghb/Lt8iL5nZgLVBekxXgY4o58m9LzqjTspMmUyGa0jfMzB+1bZw2Z/pq84JXQBCikqVLEFYVKWUkFf5+b6xulrz7s7js92tx/6urUhegpQJadeVpidUMQY4NqI3osXLXUlb1SV0gIFdQyjQI2GjiLGFVtX4u6YCBzx/V780KdFMEu07z1i546tJO+IeCaMLa9YkZwNpl4WT28eNUYlMgxsDklu/OPSAwhZnS4iZ+YVsd8EP7c+h9AvdMXjJFANeh/a6lXd2/ZD6BQ8d/zH3SSBUiUSns5sc0dMS9bdDl5omJYlaf4rkRYaE9RmxmVVvz/WPNEAOUMj4Cj4sItMZihdQgYb1ZolTLlL6nK3ECXu6pJk1dsERyIok4T2wGbITsDlkKnKLFGdgQCEB0ykF1KisB4ciYkao2JCqXWRhZKfRVn+YucKoR3PJmlxg4ORXGlVb3BSWIbap+1PQ8ZaZtoKvYRH9EKT/dfn5IP388Iu7Sbbax+9XqgIe0k/ccjoD1RSaQjZfMJllVS5V37AJJn9FsRDFCslxYO1cpaznhO8V7yQL++HgOFQqWW0BgoRrl/Oq15rN/M2/KHRZo+OIS2cx60GcxCQFwImX58u3CaxW6Q8c09H1MwE6nVaaINB96jEO2XwvTTF0euebbG2t7yq8bEvPQfDxUanCiPO/PPLSRvO9gBARc8tGLiZLXrijNqUjLyGdMq12D1qLwb9yZ8qX4ieivaYVDTGanWCd/E0r8gB2l/+Px/+1i9pR2yGogPe1Q68BPllMQrgMBi31WKOsblzbKfEqzdN/jGqO9Nh1zW8DcGH1on1FdMxQDpU+k42KA/PLCFXFIn7gCnOhZz2SgZBreISgefo8T/XcVZc99pDjNqUnrljK2Vfr116LwnbgF5llQUNVOIb5U8lhxEuAdwEnwfsVagOtfUBbzPL+ThfU8ke/MYoHgqM90qCFwaUmCVvklOwLUlmXv07qYE3wSU0qbXuldIrHib7eO+NtTDuicucxHLMvGyd4JP2U8BO5eAtyut4KqhO9a4risxcTG9RHlYDYe4hM+aS0K32LiZM3cbmLPTUzAWxQzPdMa64D0JMqfyZQbQRBhaxF4YPmiGst3RwSClLlJZUvTrwzW2//ttNaRuZghkWOJpCcCugR4kdt1p/Of33OINuI/VaL7d4mv2bP5vPwcBMQkfXGpY//HJWddPfs1CPdTJQ9idcQtsLR8fRw2Nmtcu9LUWa5Z2q5axuJAKO7nckRZa1H4zOqoPyn9IU36fX9ZEO2IxneSF8iEoOg1nXL3BfVCBTjVyOg5mHw3x99G52c63v6zoz1Rf3QhQNm/lX7vkBtv80ksKLcu/5YOuy8jZmXAtKHFsbEWhdPvG9m/NRkQTrcOGqwyYi/GpDrfv8f93+GQhFugyhSVKPcZFauwuAoba99BB8JdxHv2I9bsTWtR+ICppuWlj7nyC7AI3LNE7KtDTvhB0UuyDKA7nlrQsZqo5FOKn3DqPi3p+S3pzlxO+PDb9Idylzll7CMi+0X7Hpy2AAAWeElEQVT4+16as3L5U4ZHoNblkGZ8/wPdMMP3cpwn+H4pwVyZ+cRVSTNlWZuLCBBnSRMj4+B3qLzFnbp05bfP4GsBklOrxW4SMJeLByDMqnZ/NgYWYsGC/m4y85VeFB+wD6YXXVvruE9JGnNRH+f8d5kg1ST3NTOjNW03IzDch9HMCVO1NWZJNTluW9xWc34XS+9b3WAZh++jrKKl5tf3/S7aanu17anjjbh2pS9Ldd31NH8RLt+5JoXPR+gkPBVb2UUv45i/CwZ0unfqV2dA/qxIfj4dwYEWVLtYKXI+o4i5BRBr2AhYdJ3G+0wfzAp5x7zRy+6t5CFnlaft5ymHtcKEb2NJmA25lbhuzhNpX+am7BKEVvjOM+f+MPx3uevepXSsA4GMCjwY0npTLo+AdG2+fFki1WJqTcQNgXGQC3VoZlMUxg8v1i7p3LsIV7U1Qsq539xjXGO+Z969onFVXrUmhQ8MogKXk++pidOg3H8KXTogn+9ZPOSiVaV82fxYsFGiMskqYMRCYKLXYEETXfaAgMd9pFX4+Ncpg5T9Eai0tr7I/OQtre3+rfV3h2wTpCzIoKrsEqdhfvkOEmP7wv66lC01CDgh+s7x9xJKC1OnA0HK2Qg4LNmEip0SM1UFU5+NqnXR5tZm9RhhqrcJc0jDE2OjIX38POH++t4u3uVHy8Za1tk2oewfuoWa+oVrUvi1XvJUBUiOmRy73ivI7/uKMjdBBXjYAe4jNgF2l+41KbUp9cru00ZJjjSlwxzI1GQOMc/iBBBQWEV6VeVCF9VdCYr26Utee3l/uR3702YCyqd3GxDFqGxEnlxMj1JeMfE5VWzbmKi6ZjElov2R+SyBKXImkO/UDVY80fdcLBhCVRx89My5OnYa2MgXCfR+ZFeA7RNK1lT7+F8u66w4CD5/GwOuYmuhdRIFdt0Q2KRjbfU94X71I0BVhooI+11E6jWehGfvEJtl3eVu24ypEWD7yDUp/KqAKDQ+rFMVdJIUsF2eSFSLb1+mKKYu7doQmMRSQMwhhEMmvwXGZ3asdsjExuN+ZaLjG/BFMtEPJR061fd23rhqwGlLeDM1DjZzvlOiuwVmOhnZbBL0rBa1KqwASug+rHxgE6r4k/iSlH4QoHC+vdAc+77bhAn0YsZPuQwBBxnKluJ1kLHhtIaJlWHppKB93/yY29YqCpRV1H2tRWtIXBUrek63eXjmjkRUmwGItW/mAcubDcNbBroWqQp/DgQmQ2POisEvb4Ly19Wc06GfW9t3ClWkiMh5lcbFBPy6siHgbqh5r4KHRGszT4kzMCeZznwRuRtqUKIvn3/bbLjmVDcMXDPGaYxOBQrIILipVKf32MLJMNZ7bZ/D18gf3AY3+b/Pifx8kfc2gIKiqrXHHJBdwuI2FzHPLP765rRGYYpPsJHRf1ILaFEA5qDYlzmI7A2WEptqFjknTif8fVMkdx0LlyHl6Pvsedw6lKO1xlzlMhCMSRw+4Om0CTcYOhTY9MPQD44UqZ0+gzuF6jO/teu3v/k++E1YFl9bNpm79nsO18GtzhtuU2sYTHxm/rGeiqs6y1S/OQbxWVwB+E64UFuxYcDVImD732RNCr+a9KeOvhxr4smxddIiY/vQawEOp4t9iI64DwhLgh8Lsd8WC4uLL7zFwG4bnwKFaIGxAPgRu2BBsUi0C4YvlfgG11hELCzmvrYoVwtVtTxwTdRFxZfQwmZB0m7d+buPRcOmxL/d6xn8pq7Rth9tucbv+qNN/9YHC6F7USMLmOQS0RcbNiJ+wvVOHlVhcqVYGJjEiQ0TU597EXHAg8kRsUrtN0pp/bAo+7EI6y+ze11gYaMvFJzP4GIsdZH1f1gYr74zXbq2VpM0Jvdp37sinuG57qtinK71N+34e3va8nnrH3VNxdHYXF/v9TmlbH5YNClsbid9Rl6lr0yZ+nir0g8uB5sq0c9OP8RJWD465cXl4B2Yw8Yh4FUfXtLMQ7Eu8PJutK3/xl7xqVh6PqVWFZZnVbOu6z3PGOrcNj73+H/1tfu38XoX/q1v+uN7Ue/Tvuv1xb/rHPY8eLnXb/01j+v8044f9xgTy4vvVHXH2IDrJ5MyXPmb+ZkV1nEfjnqbUf1D/MW3rC0BcFUpmyc2AD7Xd9diV1yaVOXMYlnFu3UQgZ21yvi8k13XPHOWRaGVygjrs5qh45myzFhxvBPP8h2uwYWbWJ6p49ak8Ctr2VoUvkmgbKkdvy84kw8T0dBSTb2eQ4GPaba1yPvymdcWKr8tcBZ4C/4hYgHctRY4V8pQZZRb//c+KXCHjHmXe2pRn82+2IwpImW+bQpLU0aI74LuZddY5PnliQ0FVxl3SA3wemLZ4KlISbHbZFOq9URc3UF1k+t33fTuG4i7X893v1r1TxvFfcX6wopwiAjibmOO2jZ8h32XDxWKmEvLRt1Gy8bYGFlihhKbA0Ga53IIrEnhV0Uk0Ij5ay2CWELEpoXA6WXo3NtKvTp35qqlvX8WjbaozJREPG1fmHg3izdx5yjA4nRHLKB8+E7SKfsjQKnJyRYoWRWjkzXCorko7f1Htc47qumdBc57raQ/0PiQYtWzYbPJqwGum0g58bNqsVZZE9AD75Tamgr/9Ced3aXgPeZeE0VA3VCpXZXAQlCk6FYm9pT+EMC41VYym8paxY0gQGxbfQQmSvEyiF6qsPJUd01/aJx+S5SCjVKNwWFt4nr4hlL58/QRyBFCwKbA2u23n4u4Ls5EbU0Kv+aF75IrfGrTjNJ/bvGtCebDy3+WOevQsbcFKaY8fR7a/6Xct8lwN4XSrwGwm98lvkuftaeWiiviIMrq4MVqKS+oh36ymkgJq3EbmmQx+7oZBQv2MMxsYmwE1qjwYbymcdc5JRAMGxN/thM4pSxoqA+xGCn0IoAqlX0fiJ7fRltFz5WyHIb0D7a94aOvkcYIdATFEe9fvIigMyIK+UElcLAqLmmFX7RjmtHwKM7vCcy0yIgEFNZNE6IV6Yz78mnMb3TZo8kRWJPiq7XFBTecGp/+rhPJAi2im9JHhIPIRXrLMYLY477F5GRhsqinDI8AHx/fXZWx5nXdbHg2ghFR58/aMOGLKBZcVuNFaoaMvvL3S40V6Z1yCQEcBpQ8t5ugUwJTMQ+CI1MSgV4QWJPCB5jo1DWa9NvJ8sElpUvwj1Q1ed1tqsmuE8vcUdBFQKAsACU2BUSmjItAW4KYMhU0WbkLnldSe/qskVC5/bkSnl5cRRj2qthQOtFvuow2rRJSBaVyVf7vcVGb/mncbBT9x5eo+9qj7+j+AaskzJn+HZ1cD9ak8C1KzGKiWmvBj5N7oTsOSPqahVZurFxvRCiK6ewq5o2iEncubgGpWUmduyt6/V+3qUw3n8DnLq0PD/gxAZs140Mwpn9LA2pN+NLxBG5ucxVJVRKFjPGrlkzWT+4gRE2nzH5Z34e0OqRTTvK+M1UQrTDd2zC/tP/pkS0mApcQWJPCb4u5pJ85AjEPs2EliWCC3cXMilRD8JXiO05xtx851z6/u9sR+MxyWtxk3GqvfllXpe6phR3vEBzr6V7UPRKWKkz3yJ1sKHaRbRsUSt/8E9x3SoIFzXoj9qHNXDBGWQ7eh1z6lERgcATWpPDbYKNTLqCzz6RBBiF6H+MbggjmeSeus8SChTiFtUQJxjtk1PA+cI9ybU3dcZJUN6JWptt8ONeW2gaUrBP7RVTFePJlCFT609qemI2HHGCCVpNBkN+2DYr4AGRH+ke4nJYS3Y9pDaUwLoJtqYg2TawtNttcaimJwGgIrEnho3cUTMR0aCFMuYTAtUr0vgI4xAlLnnVl6PIZmkxlTB9R/m2TICp7k3AlMZ0fAoL7cGq3KV5tL230UNJW/nNmZd8R+fSULPP8/UtgZnufe0Th8+MfU/GOUsQI6SQsmPQssSFBb0tsBGwKKvWoz6baEKAvZi1T6hSbI8vXpnB3+VE/Yh/X2fxmU/Zo0QisSeFXkz6fNRMbzuKUSwjwLTqp3a0AIqUKQY+YB4qAyVGAEVEghfLvqwJfvoNxEGDNQYbk5NkG2R3ydMre96lv2mSbSNUdCZ8/RXqItEGoglNZsMQu4Do31yldsTzWPwGOXBHGwn+OueysmvFO76qtyU5Am6rWvJz5TbFJ0qZCKJS8U31KIjA5AmtS+MzP6AdrOtHk4M+sA7X+M8IPgVgWKRHDjy39tFgKNJLznbJsBPjQBdAJnkPvybd/nu+/jla0v0A9lp4xxMaE6V/fKGqKWCW4IaW6LCh/FgX0wBS7z2uA4ubzrSm/V1Lo0J226ZJD9jXbTgT2QmBNCp/ycoJYG5f+XhOipAih4m0jqaVQIXapJtV928zr548AperH6Vjhj7aksgJEcsLR6e5aunPIEesn9xwTenVFCT5VQMZGpj3hS3+TleOEX3Pc9Q0Xx6FV27gwuBW4thwidi2uNCQm2XYicCECa1L4NV95CirSC1/EjC5w0ldetY1zkNb1qLLIzqir2ZUBEaBI+cUFuErBq3XuB3zkJE3b2Cpr7PTOD+//TvTt2siFgTyI2V85VMF26dKa5HXlQ49BYE0KvwahpcI/e8bw24varsFTzJS1NKdTPh9wRhYf841bzr18z8qwmgNiXpyoUxKBRGDBCKxJ4TNFijxG63lqub59TEF53JjzVOj61c4E+uCy2D+6RFE7+fPhwk50dsrpIuA0LzjTKZZ5Pzd5p/uuc2QrQmCNCv9+SQF7hRkut57CJ6hZRXK3dKw2SUpy2gwQRCsCv9CoppwWAk713qu1QT65uZGSCCQCJ4DAmhR+LeAhilahipRLwUyUd83Bdqr7io6AR93tTRElLZivxQ55iBQ9qUwpy0cASY8gNFXbUOB+yvKHlCNIBBKBisCaFH6N0hetKzd37XKTknuP+ETxG5XzsKmdJ29dTv+fVwKdXCsiWvS2Wt1S91KWiYBAtV8sXUedjAxHdH5KIpAInAgCa1L4LX83PzQz9VpF4KKoe4KASMWun9oDjLctNbqVw62pTkh6UK++cI928tJ5IIAymfXGRvg5pZhSKvt5vJvsRSLQGwJrUvhAk26m+AtZI5++oEUm+7rZsahjCruIR/2sCcclIGVLmdO6efiejRzu3iZrNjQIAjZp1bLjN0sPi09KIpAInBgCa1P47Sl/bQQ8KEGZahVXIT8fEfcq9LnHTGtmfoVaFN5hFib/WBjZRP2jME2ZJwIq3H1jRHiHT44IAa15sp/nu8peJQJHI7A2hY9GFL/1zQpya8nJt7ALyKvmd9W6FFPpWxkL4NNuZT/7yRLUt4Za50d/GUduAJOe+vUIZ75qRLrckYeZj0sEEoGKwNoUfh13WwlO0BkT91TVtoacjQqDsGp8QfMQJndpd0MJutL7lgptlXucqZhFBRVpyvQIKGfLFUNE4vPfpyQCicCJI7BWhY+LW1R5W40L0cx5teCXNhUU/Xh8YcfTd5scJ3Bm9jFoQT+sWBVait5nFkWT3OPTzKZquq8V6W5fKGOn6U0+NRFIBEZFYK0KH8hKZjJzt3XCVYJz+sWXvWRRk5tyVcaT8MsqHPS0CQb1wYW8RfpfFSf9x5WI8Am6tNpH2uRKqcSzYJ5z7aQkAonAShBYs8Kvr1ig2VNLGU6fMfHftstDfsVC54ACIEzoNyz9V/hDpbsXTDgesQNK69pc1SwJ3YHxjxaXw+sn7N8aHm0DeI+uCM7fF7rcLOG6hreeY0wEGgRS4V8CQzAfH/4tCjYWQ2bPpQWbocdtqVB/vTDjKRs6F7lPRHxOQ9xT+4XZjV/5d+bS0RPpx7W6MrDPKGVjDekDspzribzZHEYisCcCqfAvD5jgJalqVVQJW0owXzXX6jsfvQhsWQgtJ/6e02PQy2VKCCj82JIW5mHIe5j78faj/G2DKwftzIk2zrKi6p0a8QiWWHqkY6YkAonAChFIhX/Fl76p9L8pIqS1zVXwnitpe+umg8h1MOktQWGKN2CZQOVa0wYNhX9Zbv9L5wr8zPslZkIRnBtExMs72tw7Zc2Dmb+x7F4iMDACqfCvCLAIfjnKGMiq/EBhk/u7gd/Hvs1T8k7DNRKev15wnuDDJcoji5/5fZrOc0tI6WPy31bUZ4njHLrPdykneyWN/7o71cuY+O2hH5rtJwKJwLwRSIV/9vtpKUfrVQLPfqKLdH7TDF7rZv+YwO/exR78yQz6dkwX3q6LnfjIUpq1tVrw7X9usWYc0/6p3/uIiHh0GaQNknny46c+6BxfIpAIXIxAKvzzMXLaZxa9RnMZpf/9F0M76BWbyl5/RMDz056KmJsU/pdFhFiKKr9XTvtSKlMuQ0Dhm+/t6kU43RPxEIri2AimJAKJQCIQqfAvngR3jYgv3yDpEciHnU8K39jys10goY1IlVOnBzZH+Z/hLa2ssve9qsuqeFZEPCmV2ltw4faQbUJ+qSh7Lp6URCARSATegkAq/N0nQlt4x13yxjHzKT4yViT8EzYq0c3B2rA7gsdfKRANcYzI/hrghyRJjrm4BTn9CvesRfBFfGXn5rhNM2Bsio/JindrmQI5zkRgdwRS4e+OlSs3lX69+1tKVPmP7dfczldfNyJQ//JhV5l79sDOgzvgQpHnCIb4q9+3uf9lEfFtXY7/D0bE7x/Q7lJuEaSp4M0dmg6/sCuGdP+ucqEgx5REIBFIBK6AQCr8/ScF//nXd4qFEt4UEdHM/Xzqffn5me9x4tcKf565tpP9eW/pliWtTwwDrvgqKvWxiAiyPJX67qiSH1TcG3WsFLw0zOdExL/sP53zjkQgEVgLAqnwD3vTlL28cUFRbQGezdYo/58rH6K7FXC2q0gNVMmspaJ176n77HfFZ/O6K5X3gTNBGlqVFxcyH9aXpZAobY7t2sVMf+/mD9xIqhKyZqSiP3TW5H2JwIoQSIV//MtWHAYNb1uE57xWBfr5qRsBvudK4UvJY0O785YGmKsfkClWO70wWRUUv0A/NQVkL/hMetrdOgvN1TsXyRt3amnai24VEU/sMkVYMaq8MiK4kASSpiQCiUAisDMCqfB3hurCC9+zkN7cc8P8fuGNO1yQp/odQDrjEi4YbpFPaKLY1UoQ6Od0/BuHNz3YneYQpsRa28GD/jAiHlsqHi69muNgwGXDiUAicDYCqfCHmR03jYh3KYoGjzm5cVm025S6857O/PyUiPjOYbq4ula9E7EPrDE2Z8TJ/+kl3mIKcz8/vMwDZEPcN2iGsQwq3VxFPr1gUZTPb17dW8sBJwKJQG8IpMLvDcqdG6Js/FD8NgN8z4LK3rlUMWPqx42/1PK8OwMx4YXiIj6/MBPWbrymZFpQsE79OPz3ibm4aDiUOxM9EiHpdK8umQYC8bYJxsQHlviDuVE6XzTW/HsikAjMEIFU+DN8Kdml0RB4j4i4Y0QIhnPSrsQ1bQd+MyKe1/j8WQIEAp4VAyCgU0la9MC3707mNyrZAz47TwTh2WggzeFuWFpp5tFeWj4oEUgEDkMgFf5huOVdp4cAZe/0rV68n/NcL4Iuq1ugBmHu6qqBnEI2WPDUB7CZ+Iui4E8lffD0ZkeOKBE4AQRS4Z/AS8whDIYAJX79iLhecb/so9R1insGx/2LSvyG336y6t9grywbTgQSgbMQSIWfcyMR2A8BsRZ+BABWcUK/TvkPvgXSp/9/vx7m1YlAIpAIbEHg/wO/AJywzBRDMwAAAABJRU5ErkJggg==','2025-07-24 05:30:29.885','2025-07-24 05:30:29.885',36,1,NULL,1,NULL,1),(35,'2025-07-29 00:00:00.000','10312699','Staff 1','MVP Boat','111111','AA','AA','data:image/png;base64,iVBORw0KGgoAAAANSUhEUgAAANYAAABlCAYAAAAxvR31AAAAAXNSR0IArs4c6QAAF4xJREFUeF7t3QX8BUtVB/CDHdit2BgYYGNjgmKhYovdHYiBitjd3YXdiYViY7ci2N0tBir3+5zzmLfc2L07u3f3/vd8Pu/z3vvf2dmZs3NmTvzOmdvFRhsHlsWB54qIP1zWkIaP5nbDH9me2DjQlAPPEBGvEhFvGBHPHxEvGRF/ExFfHRH3bfqmGTvbBGtGZm+vehwOEKhvi4inOcCb/4iI+0fEp6+Nd5tgre2LXdd4f7ScVsdm9e8R8RIR8fA1TX0TrDV9resaq9OKYNVEBfy7iHjBzt9/IyLuHhF/sRYWbIK1li91feP8vIh4jzKtn46ID42IH4+Ix4+If4iIp+hM2W/3Kr8tnhubYC3+E13lAN86Ir6mmhnHxXdU/+80+6GIeILO7D8hIj5sDRzZBGsNX+n6xkile+Yyre+PiHvumeI7RMSXdf7+nxFxj4h46NJZsgnW0r/Q9Y3vdXcu9e8u0/qXiLh3RPzgnmk6rb4wIt6x89vvRcRdIuLflsyaTbCW/HWuc2z/V03rLXaOim84Mk321q9ExIt02nzg0l3wm2Bd5+Jd6qzeJCK+qQzuMyLiA3oM9M5F9Xvqqu1fR8QddjGu/+7x/EWabILVn+2vt/Nc0fH3qS39e7m5LW9fVECOid+MiPfaxbB+rCc7PnznLfyYTtt3L6pizy7mbbYJVn9+/2lBCLxNRHxr/8e2loUDnxgRH1z++1UHCJVHnjIifjEi7lhx8+cj4mWWyt1NsPp/mWeJiEdExN9HxJvvApZiLxv148ALlVNKa6cUwRpKhOgnI+IJqwc5MX5taEdztN8EaxiX71QEijeL4f1Twx4f1PqtIoIKZLf+k4h42UFPL6exDemzdoLFvoJaf9cR6vT3dlzzn7tDarz3cqb62JFsgjX8q7zYbpE/OCL+p8RUwG1a0z4M3efvUN/v2fpFM/T3URHxgPKeB+7+7f/PJVCnh5XNRh8QGs8aEcC6i6JNsM77HFQbwUuqCGP8587rZu9TvGZ29yS2xEuX/3n7iPjKhu+auqvni4jfLS9xar1fgxfq532qfti8NYqjwSvGd7EJ1vk8fKqiFr5ARAh6OsXG0mdXqs03R4RTygnJNY1+Z7djv/aKEgF5UF+z2FfdWNS5vHr64sh4jtIBDOHdzu1squc2wRrH2acrAc6XioiPrgTgnF5rRMIXF1tEP6A/PJKCpWgtKiEb8WvLmEGWQJda0V2Lncb+RNJKfrlV5y362QRrPBcteODQD4qIHy4C8fsDu5WO/i0le9aj3e9SoxX8DsT6oIHvmLs597gF/zkd1a3FOPBHv2lzyjZ+2xYdt+pjE6xWnIx4+YiQCuEUe/8SDP2vnt2nXSUf6U33xHhk0OozSYC1lWrVc4iDmrER8ULaPTvrkYOe7tdY1vFfRsQTFdzgc5eU/n5PT9xqE6z2DLaTvl3ZUT+lR/5QbVcd85pxkKQTw6hrdbH9LMb1mHOa4rSqR8aZ8+XlDwLQcroWQZtgTfMZGNafWbr+uqLmdd8kkY+DQhoEOuXdUmTlFzqdON30sSSqbauhCIuh82BjUb9tOI8qyIw/H9rJFO03wZqCq4/tE0LjS3du+W+PiPt0XsXY5vFDwKjp+Ts2ojompB2hIlxLImj1N9vZV9+1cyi8wQwDo3Y6tWARJUtKmrw4bYI1/SdweomzsIk+rcS8ZMcmOdlq++nUiJxaTq+kvijxU/22+P3ZI+KPy+nBmTDXafqdEfH6ZQLiihdPhNwEq8Vy6teHeI4EvycuzcV4vmpXS4+qOIS45Z2Cz1Qe4ooH66lT24f017JtotD/tThx+jpvxo5BPcJfjYgniYhfL97IR4/tdMzzm2CN4V7/Z6krTibwmyQJfK8TEefYBF0voXhRV9XsP7p2Lf9ghwwROuBE4EyYk+AG0/3+LhHxJXO+vPuuTbCm536N+3O6sKd+KyI+uQBKpVI4tfw2hLrQp5eLiJ8d0kHjtmy9byw5a1RVIYE5SUoJ9LuT/B8j4jl3vP7nOQdQv2sTrOk4Tz3jdk6SLsGdXif38aBxSFgUH7GrSvSxA4bjFITCAPFBl0ZkECrCBRsISwmkPDc5KfHw8QrwFxrmIrQJVnu2M56llFBHkJ0bquIYqltJL/aJ6kWQ4AkFOjW6+0XEJ5VGgssvfKEgKdzkXxX70Xg+5NTAJ/pd+j7blfsd8l36vkq6s9MmWO1ZXts/AsQWfx9igENuv1ZRFS3OrGZ06PluNVnlA76nz8sat3nLArHiEYRA+bPG/Q/pro6j2bDAzWYngvW0pQKpl79yyZBtMRDoA5VOv68UEGFXXDu1yD16xVKUEoqdg0NtiGMJlXXK+6XiWnCLhItgsW0uSbyuEO8yjjmGOFNmLzpDsFoshn2MJFgMdHgx6ezgLWOS3C75sfq8u3ZSyBcy3zHk5NIH+0v6OZvNgtlHBFBuGPf2s+2E8W/HvPiMZ6mhbL0v2uH33u2M51s/gneyjdla4lunTv7W778VRZ3F6c+pRXBsUHYL/7AbqC2IAc+jdU0nGGSFuuI5v5YbiPgXJ4jsWVfeUC0VrayJTUYFmuL9pxYduy6zqN+ooExOPTP17+JZkC14Jk/O6T8rzWljESyqIW+WI1qcoeUCnJVx1cvYQqnHSx351IkGIk5lg3reAhd65x0/1ddLytSSuZHvUCN5f5U43VJuBOEhtL6g3yFChoYzRn3GOQUrB6q4iIIiFsk+F/SoCc38sJgUdVdOFtXDqTV1xF96O1VTvIaLnY3l6pvE6GEBB8LPzMQLzhKB7rkF+tT0nnGnBv5SUY2HOJFO9dvr90sIVj2wtEsuPY5ezOo0AqC1MXA1Uzt45ObyhgGcArg6Ke3Gdmf4w0S/zxXTsqE4NTnAvqC6luccfk7xTDpV2Ki+VzdhdIp33tLnEhY01ZA3yy6LAXBmSyfCJEOWWibK/+IXrEORzidCrVLv8+xSUGQwG9vUJEU+0R4uN1haIdMXreoOvlJBZkzNk8UIVk7U7RJ2X7Gcry//zMKEM15C/WNPoRYewDOGcJtHeF6p1nV5tDk2TXGijysnNbTFxSBEBxiIB0C5HCxgY+ngGcvvk8/PwfyTg+g0kF5hkYjnSP6rUyyG9jVFe5i8rILLuynnajYV48SEJP29emljwUNzTElUYbFPaRuLyIPaM1k13qXWcL1L55/l+p8lClbyJr1NDFDG57HrXqZcPN2+s6QXldUibllTcOw8ukgMyYZO1ykq9sreBWPi2l7yTYs8lWn7umsrU/nH8vro80sWLANnL7h8TCzHKcGte0k9nh2Yi3RW1aLnKhAMdXog8cJ/KmXZaABf0aP+Rs/X3NJMzMq3UIWWrbXIGuplQpkJIOGUFjQ5LV2wkgHq9onqK6clHkHQFK+ck6gSP1GcLBwWCnXWcaQ5x3LoXUCn6rwjFXMVWxGgd+Lz4LFdW2X1WqTKsLGr2HhzJTWew2fjlFTquxnr/57TyZBn1iJY5mSBSPd2N610dxjE++7qK/z2kAmPaFtfSL1k1SdT97u7s5QOpxZ4DwT6mAKXHE1gTNDkVHRo/iUTtHuq7FOVY7vN/NckWDlwbmSlv16t/MFC4Zlzk8VUJKjNu6RmICiWmz/cOLJEIjxwmvsCtk40xS1B19T9c5kbO2ko1QtVHx85tIOZ2z9pOVltCBAsfdNyzh7mGgUrJ0sdZJhnpSOqD1QCu6I16dtpSd1hAE/+YUZMgAcMH3i/BJL3EUCvcIE2kBvUpCFUw7hUZMrrT4f0MXdb8Ta24CzB8zULlg9j4Vgk4in+Gzg1VR1VUluQRZqlydQfB99Zint93/yGZCvwkLHDfmDnOYM9TPvsFN9qJD+1vO9zp/qd8ve8pYSqXBc+neSdaxesZIqLA5QWkxOEpIdbYIz1MSSwKI5GFeSyfYXdQvyjMR3O9CzsIJhROjCOvZZqRJ2TR9XnNnqgVkBb/XsPzOIl0vCHslK80XqQUcw2nDRH61oEK5lMPbRIHPlI4h0Vru8l0vXH4j1SnERmrxNK6oGdfQ0kJCA00DfxUSyKOgfvyG3OQQSytY94aN3ZhbTx/2ugOr3FidWtKtx0DtcmWMkc6g0Bk/SHLAQGfd8cMPfcyn1Sww/xPjoR10Lc68as7oOwAA9eH8oUe22Bap1gSjfXBDal1BhS35AKuRZy0tJuJi/Pdq2C5UPz4FlcdWETKQ6CpdAcx6iGBj2kCFh3gS15MdXp+kO/MSiZXDlJgmJUb1zqo+d8BcbTva5sAO/iWiidUJOftEOZvhYG1uNkA7jWlNMBgSLRtXnF9nkQ68KPVEE5VmyJNVGNwDgXxuOElm+GnGRprz6ilAvwdyGPzD5fA3+k7KuY9eQ7T6hrfyYL0dwEwcoP7vSiAjC6kSg8d31m/6rZINiZIFa2hqDqw9ewYjpjrDGDYy7U5qwhULIOlLBme6lfksQTOwuotdE3EMdSihoSX/1BtRwnoZskWBgouMxugHhO4uAgYLBvGXQGl3JSrVGocl7gVhwwHDdjapnY3e3ydnslFbJMNh7daZJVOW2n4li+P+QJiNwkdNMEK5nIk6UCEgRFlxRG4QGctUbCBF8XtlLR0KEOjENDYU8BQXPsoCVffHeMna9RpSJNdn/XTRWsZDwjnXoDYJvEGwgiNVea/QQydUuXdeFKuVItbiMB68orWv23DWiNfMprf6Tuw4A2p5sqWE9WkgAPXa0pCGxH/vjmHJ+vQ/G3VGWl3LCXxhDblHoJJV+TOCH84Zqodu6Ib/UNw/Se400VLC5ipdiQFAKQKFAo0KW7V9xTCFMmLhtjjUSttXCO4Qb7zkvxmjz1eAbdkgJj6MpXbmzOgG69w759X6JdZgGMce4cHPdNFKy8HA1TQHEEPNkjSRaQ4LJCJEmyhmU0N9/ZJl5RNW6Q2psXNZzzWt60Oxee2Yg4fDgvxMycAFDy71uu8jmn/7mfSQwo7zBbyybajG6aYFH9Ur0T/KTGHLI96kKUGO4DqEjrnzXFtRLVrew0L+E5BIFSl2lmv9U3UdZAZQ4OpxenyZJJfp8YnH83v272JglWrVcDYioaeir9AyTKCSedm12G2C3Uh7EA37kWXX1qKeIJQziU6kvuBFWdXN18NJ5WdqlScJJP8WxSPN7QSexpX/OmqYfwpgiW2hk/UnYnNhU0ArugL1lIVJ97VA9wCAg6z1Vxtu9Yu+0g86VMqN+YNOS7u52xFpBjFW8VmIFocdp7B2iYDaxVCs+5PDj2nO+o8lZfwHKvMQxhcK8OF9rIYhBtR2yCQ97AU8N36rlLGBwmiSq51NJf9XzqHDK3ltzt1GTL7/WFC/7UJ1HQqQVG5t9ojlJsPafzOM1qlAoYl81yNN0EwaqPezAl6IqxNlKix/MDsNdcy7lkBLyYkzohiJBR1U6pwvUzOVd1BBXVOUVUZ7zPwqaeeaeSK3fq2bl/z6xr720iE006mZsLA95X3wPsqJfmwMPXgsSJODJq9dCt8RbTUuM67EPjRn2gTgn/SX55Hup9CIGRwWOmKtrnxBvSf4u2gNqprraI+bWRzhYzm6CPbvHKSeIVBRbFlZ2IBFMhcLyP5xRqmYAVt3Z5z3IrSv7h2MYq5b6bLU29c+qcQ05I1aHkQ4GL2YD0txSq1wvw9agycdd8YtUq4NS7pAxc0Cj2m4BpkopJdmsB1aVQbWsd84Q5YbpFYhTuEc86l/CGyqwADacK1VRKyhQFgM4ZY4YmeDXhSM+uRX/NglUvoLnmqTa4k5HXMd3zPrC8pixIc84Hb/kMbF8i1HnsuMj3USIT8reWN5hwJIl3pRrtetU6SN9yvkP6quN1TrCHDnm4bjvXgjt3fOc+VxujU6mAx8bG48Y974LpJOkpdmfu+ckrsR4ZXKanawJtkJ67+hGbgrSKtMf8NgUfBeih5sXALGLew0tfgpEX6ck7o96fdUPltQqWywAURhH9l2p+CSgS9VCdDXaF+E6Smx8VuDxVHuDcTeXUc93SbfvWQNc+1WfTAGpnkNR2cCgbjvHhmwV+CRI6keEwajO5RsHyUdg2qImHZ+TXVYVV/T4GcZ2ewisng1X6/5xU1wQ8JDA1Ml4btobL9qYk9pvTixqNqJ5iSi5On5s4VdjMZ2/M1yhYNfxGnYuM3cz9cbrvY1dQA+vTSxsubOBYQds5qHbqHNqV4eeEDpJ4Aufy4Kn/J/sgSyhwJMj4PdveOYOpNfztLBzhtQkWT5P0cfTIiFAAf0mkUCQbAkyoy3vXFfmIio1OSTWP8mToXqvaVQXnXiecQDCaWcwGthMkDRBYaGMOqjdo5fSGQOCuLo5Ve7KmMLZbfFCVZLn/U+Wp+4RA9wETrdDifd0+uqeRirDGVFMtWGoSuoH+EsROxo88vXIjYLcq9z1laev65k7vVVCnd7mGuXeiKT8OHT2vpmmR2DflWNlaXMzAsSoHdYlLXM7TFAiOvo6JdHJceoNyyrO12F+1nUeoJFpOVmlpp/FI3c+y5YNiodckWOIiUNVISkcyZEoBGds3N7NbEaEc9hEnjIXdsl782gQr+aK2PDTLvu/KdpXR3AfDOPSb1SphbwT8tQgW9Ua98gx8DtpdhnK6cXv1DDlYDt2A4fRie1GJxoKHDb2bBuJv3XVQt7n0idVlt8wCzg0A4S6xq+FBqYqtqMuvXvy4FsFikwjIJo3GerX6Kj37YePAF0JCHCIlrqW7qKk+5lpSu+69q5fsy68achVQzyk2b+bkogYeAgXjE361gEtlKbmcxEkkzbUIllhQXYVojfMyZgaz1JN99Q7zo1ILFbc5N28IMLh2RhxSm7N09Jhin82laU+HypcJLh+69USqkI13bFZDLVwcPlAjB7PI17gAu7x1m0Z90ffkBe8nXi3Ki4kbEZw7HnmXhX//gRnM++wriHcetrWTIkBOEvli+0gYxgUZ7mY+h5gbvM4u20BKFEBp7C1Ccw2C1Q149skzOoexcz/DG+aKHN5B/32I2BP1jSrHxlkXfdHOYsurjuae31TvYxNBTWR5u+57hA8gYZgOdR36PuOxMTmlpL4garXgvkJDt6FrEKyuGtjbc9OHkwtoQ6iknrAb63hOPTTxFUFMNSaOUV78nW3WWia6z2fhRWRL2nQ4iPYRu1Y2eO/4VEHlp/dZn3udGWsXLBF6kKC6rNfgKHmfr7SANmqOU/3smofIae2U4x3bR3nncP5m0bX0oC2ATXuH4MILeWCKl+4jNqtNpi+yPkHe2ZcMgduohGsXrBpwm5McFCFf6ko4Mq47lGCpuM0hskgI0cM6DbIiUf75WjehQ3xxYZ5bU2Qzd8m9aW7+dIqdqnPfTQJ9nBrwaxcskfeaSTxAd1mhsJwzZB5EuLlDu7A+OXKgxKXNcFJ0Y2WqAIv53TSyOXF0sI9cU9QlaH6xQ/GyQ9fM1rb9o0sumb/dQmsWrC7mzXx6Be+ubBXZPS2Ac6rcrvn7t/iMEjrZnezXfUSo2Owq+3YTHoGZ3biSXsLbrL81M7aGMCVTxDIO3fbe4kMstQ9ODd5DtSTsxn3I7moj2uj/nRv3OwJ+5j2kDXF01GlI7F3ex7oY6i3ghDULlslyXiStPX7VaoH70NS+vHN5X7/X5jltxTuueiXzBH8PEQeR7HD5YVJ9qNfdojsPXKtggf6YVE3dQv2tmL3WfqiG7E1I+oRA2WEBVeU2bXSYA04gGlGf09+GzrVPa8gM8UetVbDcdMHDk6TYIp13o40DLTnQLWPQu+81CpYUd8DRmlpdBdqbcVvDG8OBuxYk/QMGzPghaxSsLoSJsfjgPdfKDODD1nTjQC8OUKUF6u9VAZnTG0sldLWRtJUHrU2wuiDSzWHRaz1sjSbkgCuilG0Dyr2V1iZYdTanSdw05MCE62PruiUH1iRY+1TAUYXrWzJy62vjwBpPrNt3bChp6k6rjTYOLJIDazmxVCu6T+HgteRbLXJBbINqw4E1CBagZN5EwUCsryltw4Wtl40DjTmwdMGC4XIfU1ZfguS+xAUHjdm+dXftHFi6YNUOiw00eu2r8Yrmt3TBwuq1VAu6omWxTWUsBx4DmJM01DUyYlsAAAAASUVORK5CYII=','2025-07-29 04:36:33.604','2025-07-29 04:36:33.604',37,1,NULL,1,NULL,1),(36,'2025-07-29 00:00:00.000','40838300','Staff 1','MVP Boat','111111','AA','AA','data:image/png;base64,iVBORw0KGgoAAAANSUhEUgAAAUkAAABVCAYAAADE6Rb8AAAAAXNSR0IArs4c6QAAD+BJREFUeF7tnQm0fWMZxh9jLFOIDGVIiCRChkwlmpAhUtFgJknKVJSKBmMhMjVopZCpZCgRMjeoSNGEytBgFhF9v+Xdrd3u3v//nHv23mcPz7vWXf//XXefb3i+c57zfd/7vs87g2wgsKykJyT90XAYASNgBPIIzNBjONaXtK2kDSQtkcMBorxQ0mmSbpb0aI8x8tSNQO8R6CNJbixpI0nvG2D1j5d0oKT7B3jWjxgBI9BBBPpGkmdKer2kuWItL5V0VpDgHJK2kTS3pDVza329pDU6uPaekhEwAgMg0HWSZH4vk7STpBUkccTGfibp04n8Lpb08AQ4rSJpP0lbxd/2lHTsAHj6ESNgBDqGQFdJclZJu8bPcoX7xo9IukDSQ9NZSwj18twzXcWqY29pT8cIlItAFz/4r5F0vqQ5c1BlO0eO1sPYKZJ2iBfgxFk53VE+NUwDftYIGIF2I9AlkvykpC0kLV8gx6MknSPpsSkuFaFB7EwxdqGfmmI7fpkRMAItRKDtJMn49wgP9IKBP2R4dBypb5D09IjrcpOkl0cbt0nivvKREdv0y42AEWgJAm0mydUlnZ7iGV8UWBPfeJykE0smsXdL4tg9U/RzkKRDWrK+HqYRMAIjItBWkjwmF+fIcZjdJMHf/xoRj8lefqukl8Qf8Ya/YADHT0VDcbNGwAjUiUDbSHLFtKPj7nFTSc/EXePeku6sGLRVJd2Y62N/SZ+tuE83bwSMQAMQaBNJErf4mcDsAUnbxb1jXTBeIWnd6Ow+SYtLeryuzt2PETAC40GgLSRJeuBuAdF5Ef94b82Qkcp4Sa7P3SWdUPMY3J0RMAI1I9B0klwgRCYyzzVZMoThcNSu22aOI/dK0TGxl6+oexDuzwgYgXoRaDJJvjilEn4rwm84XhPUTbzjOG1rSWfkBsBd5U/GOSD3bQSMQLUINJUkP5amfXBM/a6QM7u9WigGan1GSf9IcZjzxNOEG5H+aDMCRqCjCDSNJBcK7/WOgTfOks0bJlW2j6TDYnzcixIO5FTFjn5APC0j0CSShCCvzgWH46DZsoSMmbJXGcGMnyZP+2zR8FqSri27E7dnBIxAMxBoCkkuHZ7jJZNj5smk93ikpENLzpwpE/ErJa0TDR6e8sL3LbNxt2UEjEBzEGgCSaKs8/2k1zi/pAclcdTGYdNkQ2fym5K4o/x1cubk5diaPG6PzQgYgSERGDdJcp+HaMTsMe5dJJ005BzG8fjCQY6omGNLSfr9OAbiPo2AEagWgXGSJMR4iySO2P9OZPn2JHNGeYW22Dei3APjZfd7alsG7nEaASMwOALjIkmcHmdLemPcQe4liayaNtkmKZj82zHgyyJMqU3j91iNgBEYAIFxkSQ52ORiY0eksq2E1bTNwI40xQ3DA8/Vwd1tm4THawSMwLQRGAdJkvOM1Bn6jIT5vCWO221cK8rSMhdsZ0knt3ESHrMRMAKTI1A3Sa4d9Wfmi3S+N0j6a4sXiJzyX6arAv5lV0m5WpsRMAIdQqBOklxUEvGFKImjIk7Brj90AEtEN9CXxJ4bYUwdmJanYASMAAjURZL0g3L4tpHCRyD2dR1ZAhTLf5hk056fgt8/FIHwHZmap2EEjEBdJPn1CPEBcWrGfLVj0GfhQOyU1+vY3DwdI9BrBOogybwgBGTyjjHpQVa50M/L3a0i8fa7Kjtz20bACNSHQNUkifeXutcI1lLeFUcNUmNdtGOjIBkebjzdNiNgBDqAQJUkiWo3Odl4sqmF/eogyg7ANuEUqM19VbqTnEsSikZ1l5foKq6elxEYKwJVkiSe6yUiBpIj99FjnWk9nV8UYUAHhopRPb26FyNgBCpDoCqSzI6eDJzyBmtG+mFlE2lIw1wnXCiJaop8QfyzIePyMIyAEZgiAlWQ5KsiJIZ7SIz8bHZYfTGCy1dItcC3T2Vnv9yXSXueRqCrCJRNkrNI+kXSWiR2EGNX9eaelTfYKeTekE5bXtITXX3zeF5GoA8IlE2SeyTxXI7a2P1BEvf0AcjcHOdNdXl+nqTTXihps0jD7BkEnq4R6A4CZZIkKjg3hcL40xH600Z1nzJWl9rgh6RdtGtzl4Gm2zACY0SgTJI8JWpjMx2CqVdqcI2aqiFH8OIvoXSE6AXiFzYjYARaiEBZJElMJF7szD6Rsmqond1nY/78XBzOqz5j4bkbgdYiUBZJfjdHBH+SRGpe3x0WK0q6RtIcklaT9OPWvks8cCPQYwTKIMnNJZ2TwxClHwQtbFJ2BcFukhhKmxEwAi1DYFSSpFbNnyP1kKlDBpv2JHB8kKUmVZHdJDitIenGQV7kZ4yAEWgOAqOS5FeScO67YjrUn36TS6v+3+JmMmpfS9i8szlL75EYASMwCAKjkCRB4hBAVjP7gLRjosCX7X8RQIn9V5KeI2mZJBV3uwEyAkagPQiMQpLUpkFHEbsiZdps0WEZtFFX9IxElFvHXS13tjYjYARagsBUSHL9RI7HSXppbo59y88ednnZQZKFw92kd5PDolfd82RFUZcIIZKlkmL+kkm9idTa5UIYmrRSjPf6kynddJGoz0SNJiTxHo4NAuU7+LF1EIGpkOSJBVFZJND27iA2ZU/pUEkfTuFAhEttXHbjbm9SBBAbIbEBEkR8hff80lGTiC+tQY3QNrLKSBKALIv2W0mXJvUn7ulvTrXkHx20YT/XbASGJcmtUj72mYUpLZvq19zW7Gk2YnQE3P8gVNoJB/pRI0bVrUFAYsSkbhRExqln7kmmSFYYxIexy0drACO+9+/xe1bumJ0jivoPxTP0Q+E3vuzog5+8HZ/Keby3W9D2dzbDkOREBHlkVAjsL4LDzfzz6QNISQtn4QyH20RPs0NkR8f1BSS1lqQF4kso//z18eWEKhPEyA6PwP5nRh/Cf1tgDJDza6PQXfYH1Ph9DC8R6HE0NShJ8o35ncIAOV5wbLENhwAfTnYlW/oDNBBwRAe8LuJMZwxiXCUp3c8TJTLY0WHEoKLleZekWwPbcZTQyH9WzpK0S26XOtCE/VCzEBiEJFn0gxNJ8sbMm78lp7aW2Y78/JBSm1or3XsVpMeVBCr2OFC4ksA5UjwuQ4Qcj29J5HmtpAfi9yYh8oWkTr97DIgxQvI4eWwtRGB6JLlwqtlynaTFCnMjnIVvSdvwCIApl/9Yn3GEFNlNk4BAqQsIMm/USLojjsYQY/b/tjhEuLvnCzGz6X3Whn8n+RW1IDC9hbs67nrygzkpjhC1DLCjnbAzRyGIKwzSOPtgG8TdIV5mlOtXzk368cCC3SHHZhwqKNy32SDIfSWtGpN4JEp6eHPRslWdFklO5KjhEppjtm00BNg5XR47qI+npiDNLhlOFZwoxBviVFk9vMFkHUEWyOrhSKHkMMLEpLR21XAS5a+q7Plu2UpPRpLHhBc2P53L4viA08E2OgI7SyLmFMMBhiOsjYZX+ZWSEPPgLpF/CdDmeLx4hM1AiihDcT9HimbfjHTd/QqT3iTtMi/oGxBtnO9EJJkdBbP5ECvGt1/XdjtNWC+CjsnmIGZynSYMaDpjICibO0RCXtgdEiNbNFShkIijlAd56hyhbc/eTxZjjPfM1YQyRg1FoEiSea8cQ+YNfkRkETR0Cq0eFkSDYwxr4rH7rXFkJn1vwyhuVgQc7zL3iF+MK4QsKLvVC1PR4Dl2F8WX++y8qwjmcpvNSJIMgvMKdyd8aPnm6+PxqFyUJ28N1XJqc2deUERCzq2r8wn6IRgaAQ5U1VGXJwRnIsPDjPQbYUwExtuGQ6Do+caZQ8pqW69chpt9y56GJOeTdGVBsMIxkPUuJAHQfFH9JqIJ6rj3zcpKUKiMHSPOpGnZ92KneFXaVRL1YBsNgeK1Fq35czcappW8GpLMLxbH6/19oVwJ1tNqdJvQ5uSZqo7dOIeI0SQ5ANWmvIrTRGMjLIfTBbtFQpXaEp9Y++KN0CGef6Ic8kbdeu4qbQ1BIDtu40DACN2wjQcBPix8aNhFsg53jziMdSXxs3ao38w5QHuE5XD0I5KBnaOtHgSKvgBENvgyQxClzBzzembTsV6mF0zesek2ejr5HT2hMl+K/OPp3VPNH0dlvOOE36CBSEjOIIaThV0iaX6QNDGLtvoR4O53vYgKyHLRGcVB4RD7W/1Dco8ZAibJZr0X7osg7PyoCOBHqouAa0jtbfFHdp33pA/RQkNMgSwWUiIvCV1Ll5IYArwaHoUsT0hrzfXLTNHfRSnv+4Mh2lHDENxFEQGTZLPeE0dJ+kBJQ+K4ThD3DbFDxNni8JySwK24GcQ9EO9dMNcPMnt7Vdyvm58AAZNk894WReX3QUYIIWZkSNwlx2d2mbb2IoAAyOEpj33HUFNnJjhWiURwgH6N62qSrBHsIboi75lAc8QRuKsiPIcPDY4VApI5glN8jftEdou27iLwnkjoIFQvsz1S1tPpPhnUs+gmyXpwLqMXiDMrJ1BGe26jPQggPExqMLqUmZHkQR13f0lWvI4myYoBdvNGoEQEyMyCLLNSzo+F95v7yjtL7MdN5RAwSfrtYATahQDH7n1S6Yrd4gomGz0xlQdEHn27ZtTw0ZokG75AHp4RmAQBcusPjJCwWeMZxEYuTDn3FOgj5tWB6CW8fUySJYDoJozAGBEg3XRXSTsVBEmoDIl4ytFJIZ1juW2KCJgkpwicX2YEGoYAwedk6BCIXtT53CEyuBo25HYMxyTZjnXyKI3AoAig7oTkHiIZWX0dXkssLTvLzzlKYlAon33OJDkcXn7aCLQFAWqUbyTpo1GmNz9u7ixPDmm+tsxnbOM0SY4NendsBGpBALJE8OT9Ie6c5YTTObGW7C7PlkQJX9sECJgk/bYwAv1BgPhK9EoJQi9K5yGXSGA6ghpndBSS3SMfPqt7f1vMEwEZfkjYWCztsheNAnZU97zWJNnRd4OnZQSmgcDscRSHLBHT4Pe8kdmFAj3pr6e22DuO/CB6qtR8n6odZpKcKnR+nRHoBgKzpWqd1DaijEemF1Cc2aURd3mapEygu6mzJ36UoPrNojTNqOM8xyQ5KoR+vRHoFgJ4x7Pd12qpfMfKhcweZot6PUpE8AfH86cakEOOvur2krabZDnYFbND5kiNYha14QnCRzyGUiazpFhTyiEjT8fceI4723NNkt16g3s2RqAKBMgZh0jWitLC0+qDu73MUK6aNwj0ekmLBDnxd1SscChx1IfgyD3n/9RSyorS0Rb/z4Sn7whVrKz9B6M0CXeMVPgsGvevIytlmSSreEu5TSPQbQQoEUL9JLQtcX4g34dl/45z9uwWEQGBWPkZ2UySI0PoBoyAEcghQGnkmeN3doHsEtkR3hu7UI7vWOZZXiZ+55m5QywaEsY48k6rqie1oBD8oD4T7V9TRQE7k6Tf30bACLQBAcKXKIgG6WKl7BIHmfh/AGl8UBGYpdqyAAAAAElFTkSuQmCC','2025-07-29 04:56:18.980','2025-07-29 04:56:18.980',38,1,NULL,1,NULL,1),(37,'2025-07-29 00:00:00.000','86792320','Staff 1','Poojan','111111','AA','AA','data:image/png;base64,iVBORw0KGgoAAAANSUhEUgAAAE0AAACDCAYAAADI65Z0AAAAAXNSR0IArs4c6QAADGtJREFUeF7tnQewLUURhn9MWIoIWGZEQQSzYkAQI4ogkgyYEypKqWBCQUVFzICiIEowgAEVMCcwB8SACQQMGMESTASzgsp8z25q3rh7Znfn3BN2t6tevfvend2z+5+enp7uv3vWUP/lTpK+Y695Z0nfLX3lNUpvsATXf0LSg+w5vyTpvqXPPATQ3izpGQbUCZIePoKWR+BgSc+zYa+XtHf+kskjhqBpMWhvlPScEbQ8AvtLepkNe3n4m38XyRA0LbZph0t6ZhFikoYA2tclbWFAfUvS3UbQ8gi8R9JjbNhx0c/5K2tGDEHTPi1pO3v/kyQ9sDNaduEQQItt2usk7TuClkfgeEm7js5tHqh4xPck3XHcRrUD7XRJt7dLviLp3u0u///RQ7Bpv5V0PXv1X0jaaAQtj8BFktaxYedJ2iB/yeQRQ9C0P0paz2D4kaRbjaDlEbhA0vVt2Fcl3St/yahpF0u69qhp7VTlz5LWskt+Lunm7S4f5ur5L0lXtVf/hqQtR9DyCFwm6co27IeSbp2/ZLRpf5J0LYOBMNHdR9DyCPxT0tVs2NmSbpO/ZNiadp+wbfpiBAFbKt+Hdsau787t+pLYBbj8WNItO6NlFw4NtHF6NtAYNuc/i8aNOYIGoN1W0g+icV+TdI8G100c0vfpyUp5ZoTAxyTtPII2GYFbSPpJNGTkcjTQGCK2uBkuI5ejAWgbhzznOdG4QyQ9t8F1g7ZpN5B0foTAARGvozN2fV8IUtCeH8JEsIiKpO+gEbElcuuyu6S3FSE2AAJM6tzuIumjI2iTEbiJpHOjIVsnG/hO+PV9em4baFaQXlxYTeNt1QhaBQJPk3RE9P83TGzcCFoFAodKwvhf3X53o8QFGUGrQOCztkFfM/hn/5V0HUmk9Iqk7zaNRAo8DqclXEMS4e8i6TNoAPTXBB007cIixHrup91fEtOT0BBxNeS6gd39hxG0egSgvrMQOGX0UqMn/H0ErR6B91nAkQoV3A5AW7diyrbGsM82jSwU2aiHhel5oiFzTUl/a41SckFfQYO49yv7Q3j7+5KgJ0CEGVfPGq15oqR3BobQu8OUfJOkb9s4iDCAVyR91bR3BC3bzcoUT5XEH6Yl07NY+gga2kQMDcooXLSbSfq8aZhTroqA6yNo1EFRD4Ud2yxo2QMCJ+3koHV/idhDI2gJAp+RBPEFP+0oSR4eIlfAhr1Y+qZpm4aSnrMkwegmfUcNwQ6SPm4rKVO1WPoG2quDS/HCwOZ+q6SnGzoOGqm8TYoR69nek/APrEeIyZtLgpSMULZI+aLbuGLc+qRp2LDDwrT8UCC9PDRCZgRtgpr80jbk2wfjD7fWBZYQRRdT4dty075oGivkp4zscrvE64eYDMVqBC3ROLZLdHZ5svlo8a/pL8Q2aio1BH3RNLz8f0j6d8TijkHDDaGQbCqEvr6A9hJJEFvqaFTOHKKz1V2Kl84e2DQqUaCHwtmgfCcm8Dk+ToKhLJu2YMWy7AsBrgUBxg9LekgNGkRrSab8VBLMyGJZdtC+YB1ddgx1nPxcJWgj+1GiHmzgi2WZQcPAMzXPyNgqQGMPirYNfhu1X1AZOlTtFRLCb8moD/nP/4yhof9FMpgp1DrFdKoq/Hy3QLIY8IpkWaen7yebtvZisaAXJKAVy7KCRkPMrUKcDG8fm5YTOo6yvaKWfZApPKYjPtcHLaeZA4zff9PCRTeW9JsmF0was4yadkxgMz7O/LKm/NlPSiL6gZ+Gv1YkywbahpKgT0EBxbtvmvh9f7juETadB9ccGM8fhvbjLRHcVGOODNPyqbYYYA+LZJk0zUurPxciFtu0fGtv2wpFgUq8IlkW0K5i0VcaYtLKi5ZebeRFoTfHq0KI6JGh19AH2lxYNXZZQKNPLd4/f+hV21YoIvPQEX8XyTKARjyMVRKGNkX78MzayhMCPYFV9zWS0LoiWQbQ3mvuBZEM7FkXwQYS6Wi6g5j4GYsOGl7/KcG/ArjHdkHLrnGHGH+N5HGRzBM0iCpPMVYPFChIxGSMoEVBVvlymI74V3TaK+2l4dHbqYS85wUaPhO+0ySBfMeq2dX4p/fmi4CaUByInBdopNTYbDeV0yyvWdLhnV0ErCHqC6he6SzzAo1DFbzCl7IbpmWT9tCM2zM6M6XNi1NTQOkiYe9L2lyYjp0XaDwHvNgDzZaxtSESgc3Bjl0p81LvCmEeivghtTQVmp0/ytiRTo5peu1q4+YJGg9CVcmLjYTHvwnbMIV4waPtJbF/dQJwMIJIqpAsniR8QdSwsx1jkeks8waNB4doh8eP5iHYG6aRb6z5PRRQtIQXrhLGAgS00brQj7OKWLHf3hmxBUoW71RRW462vcIoBf6OgEaoG2e1LvELsxtuRxrNuJ8tJuwKShaUhWAN3dQOwMJA4/GzqpLgRXARmFZoEHyNWDjBAl+PhaFKSKa8IHTmo1UOAiWBVZj6gicts6YRVKTGnHzk70Km/A62t/xI0n2K8DZHF1UlhGmMCWOIbVad9lFTQIv9X9t2imhHZ5m3TYtPpXiWVc35y3DYAlMpFvqfUV5dlUyBPso05+wBP38gvhYto8sV9yg6pWyeoPmJFBj+V4Z85EsrvnoIeUynNDOOWwLIaGedsLhwMhnbs1SwadDl45Y6jTVvXqDtE0I9r7WnJGaPgYdgXCVMP7oeYLvi54Vzxoqa89W4N0zvVPuoYnmDLQ6NAWPgPEAjk4QPxnSiUg5OLLYmJ6x++GXkL11gc0NJQEtzcTYWAlbW+Hrug0ONKWgcdpo1aGgNW6G1rUACumfTNBwvyL4Ro86Kys8ulFxzL+zVJDnIFhRMAytofA+eA0d60pRfde9ZggbLB5a12xi0Az+sixAqwibdM7r495YDqKNcMZQgJFOV1RYCILaNVdfbVJN957w8ijjSpgFXfNSsQAMoOubRgQUhTo8PVUJGIfyNnYM+6m2mCSdB7qOsp0o8o8Xq6c4vuw1sLLsQF2YDYfHKdN+sQGPa3NWeiEgsD11crGr3e7Q5v/4udIWHIl/1wh7HY2FBU12I2zG9WXH9i+V3FHNQMkSCemaahtrD7+fbRGjOyxaomE+RqBHTlByAt8dhUXhw+KIIb8fiFXl1J8pSrs0ixUrrUxYyIAFTFpxVC9ZKa1p8TCQcMuLzcd/ZmlnU6b+ph+KoXbeZUBbIkRJycvHpSWaKBaVO2Mph/9LDBvli9ltJ0PYw1ebBMKo8AGWFKynYJbZlXkHM5/FFsQ9FAJTVsUn1ClMWM4LtBXy/59krBRofRjUvH8RUYXln0z0LSTvDp1rloXb2vQ5m7rlY+bGH2L3jVgI0ilMBjAwQWyQ0Lja6uQecxu/j8++4H02acEkQWu0DbBvQVnumaYOGZuFh43XjTrBH9LM1pwFG03tgyAHOhT2ok5nZOtEVJv6/pvddNW7aoOG8ekNxfCWcyDQO1uoBOw5OzyGI2087RaFzo+BpgsZDPNteEkcW18KnRMd3L7osTdP5u3qtFKu4HyzY6oOmBVqc/CXcwipGFGKeQkjJ8w48hzu08ULRKckyDdDiDp/YMTJM8bkm8wKOsBF5BpeYkgA3hJ0EG3hcilZSCpp3V/HjH/lmj231BCs72FdK/xTypdg0oiREgHFW4eK2khLQyE8SyHNyCg9CXKoo5d/q6fODU23jClZNVnUqXpB4856/Y8HqSQYJY+8H87GnZP9X3G+x0VO3G+R8W7+KlZT9sOdb6/ahtZ/SRdNg3RC1YJuBABTZHbgSiyo0OCFG5gItgUAk9gwnHNfIU33Zd2gLGokOaOl+nC0fwMNALVh0YYUnjucnMMJ7oxkAxBu+eMxMIxepDWhpS2dA4vAqvP9cfH6RAK2zuZCZ8TWz0hQ0QsCkzGLB06cQgn3msglctfTA50kl3au9XxPQSLURDk6lJMa/CCB7Upm/Wx01ngOtakrywgT2KIQYpEwCDQPJ0pwKgPE7DOkgpQ40kiCEjuNVEoCgerIR926eI2iGALwJPH3CK6nQaJfi1EFLqmmcuIoWpal7thxQL4kcDF5S0JyXmgJDg12PlY2gRQhQ311FRMG2USdZkg3vFdCxplU5sExVAop1NKhegdH0ZWLQoAtQwOXC1ojQcK5RSNPP6s04Bw0KVJzIJVRNxiY+c6k3L136Ig4a58ORCEUIkRBMLKrqKH2wRb4e0NIzMHNbq0V+n5k8GwDFJBXqw4sKE2by1HP+ENcqzx4VUcXn/C4z+/jLAUt0L0IVzWj+AAAAAElFTkSuQmCC','2025-07-29 07:07:13.309','2025-07-29 07:07:13.309',39,1,NULL,1,NULL,1),(38,'2025-07-29 00:00:00.000','47676838','Staff 1','Poojan','111111','AA','A','data:image/png;base64,iVBORw0KGgoAAAANSUhEUgAAAVQAAACFCAYAAAAEhwCLAAAAAXNSR0IArs4c6QAAFhhJREFUeF7tnQncrlO5xq8SlTgJh0ZDlEY6JyHJVCGUKCnHEUVzSoaoDKWoyHEyVYQMiVJSyGmgFA1SxkqZSiUORSJjrf/P/fL69v72977f+wzrWc91/3779+397edZ617Xet7rXc9a933dD5PNCMwegX+X9DBJN8y+Cd9pBMpBgA+DzQiMg8DakvaSxM+BnSbpdEmfHachX2sESkPAhFrajNY3njdLeqOkVSXdLOliSX+TtKSkVaLbL0p6fX0uuGUjkDcCJtS856dt71iFDlak+HKZpC9LOlnS5UPOfVzSrvHvAyTt0rbj7t8ItIGACbUN1PPuEwJ9uqRXStpI0rWSjgmXPxWr07mNYEdJB8Z/vEvSIXkP094ZgeoRMKFWj2mXWlw2rTafFQS6sqSXptf630l6tKQbJX1P0gmSfjPioPaO/dW7Ja0g6eoR7/NlRqAIBEyoRUzjjIN4vKTFJK0haV1Ja0q6T9ISkh4h6QJJ58VrPAS6wDxWojN19qPYZz1T0oYzXez/NwIlIWBCLWk27x8LBPkKSaw+Xy5pJUmEN2GsHL+Tfv9jSXcEiZ4v6Z4KYVhL0jclPSr19eK06v1BhW27KSOQNQIm1KynZ2TnFpW0vqRXB5mywvyFpOvSv38WK0/Cmv4+couTXfglSa+RdKqkTSdryncbge4gYELtzlxN9XR5SVvEKvSFkn6ewpfOkHS2pKviMKmt0a2etha+H9sKC0u6sy1H3K8RaBIBE2qTaE/e19Ip/nOzWI3yOs3q86QIY+IQKRebX9Itcbi1nqRv5eKY/TACdSJgQq0T3WraXkTSUyTtnPY8IacLJX1N0imSbqqmi1paYYUK6XPy/6FaenCjRiAzBEyomU3IkDvLpVfmPSXNJ+neOEw6Nl935/DsIEnvlvT1iGntkOt21QjMDgET6uxwq+suDnKIC31R/CQ3/nOS/lhXhzW2+9aUlnp4Oii7RNKKNfbjpo1ANgiYUNufiuemgyRCjXZP4iJPlHSEpM/E/mj73s3eA0K3EE25NWJgqwzNmr1XvtMI1IiACbVGcGdoGhGRndIr8fMjiP4TiXgOTjnxt7fnUqU9/+fQlwKJBX+utHU3ZgQyRMCE2uykbJ60Q98egiP/kHScJMRErmjWjUZ6W2oodAttgFHTVxtxzp0YgToQMKHWgepD23yaJERFNohfIzby4YgXLTnXnUwpsrEwNALI0LIZgaIRMKHWM71kLnFCT8woIU/YiZI+GhJ49fSaX6vopS6UMra2i8O1/Dy0R0agQgRMqBWCmciSV/otU9rnq6JZVqDEYXYp3KlKRC6V9OwU4I9e6m5VNuy2jECOCJhQq5kV8tWPTK/2rEwxctkhETKZ+mxfiVz+c5IU4Dp9BsJj7wcCJtTJ5pnaSqxAMcqCkL20vw9gHgB1ENxP6NTioXY1GeK+2whkjIAJdXaTQ8D99nEr4UCHpoymfWbXVNF3gdGgcB86BIhX24xAsQiYUEefWvRFeZUnbhQj1Gm/ofIgo7fUnyspp4L6FbatserPxPd1pCbUmWeekJ89QuWeq1GkZ38UrU/bvBHghJ+TfoyY260NmBEoGQET6vSzu0yEOq0Wl5wVxPrTkh+IGsb2P0kVi6J9KGNRctpmBIpFwIQ659QiiPyRdMi0Q/wX4h4QAgXrbOMj8I2onopiFiFUvx6/Cd9hBLqBgAn1wXmi0ud700n0B0IYGT3P94QSfjdmM08vSbXl0A4D233zdNNeGYHJETChSo+RhNQcgeeE9lwef0fH0zY5Ak9KK1S2SZ6QKg1QEJDyKDYjUCQCfSZUpPK2CiV8qoLyKoqyPCmitmoR4KSfE3+qrpL8cFu1zbs1I5AHAn0l1G0i5AlZOcSb2S8lKN9WDwKHSHpHNI1OKvuqNiNQHAJ9I1TSH9kn3Tgqg34sBJ2Lm9jMBkQFgnPTGwDPGyr+7KvajEBxCPSFUNeNk3pES9Ah5dSe3HtbMwhQBZUsKd4IEIx5ajPduhcj0CwCpRMqKyMKxZHdtGCUFhnk3jeLtHtjb/p1AcPykq40JEagNARKJdQVQgmfV3sMQWfSRpGTs7WDwPskscWCvS2tVj/djhvu1QjUh0BphLpmBOVTDx77rqQ3SbqmPgjd8ogI8CX3q7j2y6EdO+KtvswIdAOBUgj1sUGeFIbDfh9iHC67kddz+NuU079cSB0ukVJ5yZ6yGYFiECiBUF+b9kepGIo8HPbBKDVSzCQVNJAvpHhfqr1ilM/2FkxBk+uh3B/G0kUjTZR4xh0lDcRLUIffOU6RuzimPvhMdAUFCzHvo/Zhxns2xi4S6jMlHTVEpATm7yKJ1Y8tbwRWTCVRLgoXTxo69c/ba3tnBEZEoGuEulMIbDwuxocm6RtSsD4lNmz5I8Dzhowf83d9UvMn/fef+bttD43AaAh0hVBfIImT4aViWBAoykWkNNq6hQArU/a9sef0rKx2t2bK3o6NQO6EykqGvPsDh0Z2QZzg+0Bj7OnO4gb2Tg8LT96YDhOPzsIrO2EEKkAgZ0IlPRHBkucNjdMfwAomveUmCG0blNc+NrZsWnbJ3RuBahDIlVA5ZELEhNxv7A+SNpP0k2qG7VZaROARsX+6WLzu89pvMwJFIJAbofIhI0UUVaiBHSxpz6Se/9ciEPcgQIByMmS1EdiPFu1fDIsRKAGBnAh1fUnHh2o+2PIhI66UEClbWQjwBYmYN7aJpNPKGp5H01cEciHUE1Kd+y2HJoFYRfZLL+zrxBQ+brQWqNmF7Sfp/YWP18PrCQJtE+qzJFFmeL0hvFmR7hrxij2Zht4Nkzpet0iaTxJ6Cy/tHQIecJEItEmopI3ulQgVYRPsz5LeIulrRSLtQU1F4DxJL5R0R5JaXCjtk99niIxA1xFog1DJvec1j6JtAyNtFIK9oeuA2v+REeAZoNIsRmjcICV15AZ8oRHIDYGmCXXrUIJ6cgBBHj5EenJuwNif2hFA3GZwGLW9S9LUjrc7aACBpgj1GZI+ng6ZXjk0Jure80HiVd/WPwQWGQqX+pyk7foHgUdcGgJNEColmhE1GeThsyrdN8UfHloamB7P2AiQMUXmFEr+qIjZjECnEaiTUFeRhEbpk4YQ+nxI7d3YadTsfFUIoNHAlg8HUgT431xVw27HCLSBQB2ESgYMr/JbDQ2I0sH8ziVJ2pjlfPt8uaQzwj22g9gGshmBziJQJaFuGNkvK09BgzAoDqOsWdrZx6Q2x6m8QEbcIyUdFKvV2jpzw0agbgSqIFRWFnwYlp2Ls/6Q1D2D3W//TEkbSEKWEd1bmxHoLAKTEOp/RBzhQCx4GITfRc2gwetcZwGy47UjQMrxZyWRPYU4jvdRa4fcHdSFwGwIdUlJH4nc+wXn4tiPJL0kpY/eXpfTbrcoBIj+uDZG5H3Uoqa2f4MZh1AJxn9fxAs+ahqoCNRGkZ3QKJsRGBWB/5P0slipkn5sMwKdRGAUQqUMCSf2SOkNYkmnDpZ8bOTYCN63GYFxEXhTkOl1qSTK0uPe7OuNQC4IzItQyW56Z8jocRo7nf0pKa9vnlYYP8xlUPajcwig2n9JeI0C2S87NwI7bATSqnI6Qv1wvNo/YR4oUf6XVeunJN1jNI3AhAgcF29CZNUNF2WcsFnfbgSaQ2CYUDlsIv1v40gVnc4LyPOTkg4fOkxozmP3VCoC/xUVG6yPWuoMtzMuVO3IwqPcziCC5Jy6XIFQFw319GfP0AlEeowkVq+/r8sht9tbBBaP1/4l4plEgNpmBMZFgO1HniXCOYclQqe2c00UixxUBUFXglpnV47b4fD1EOreIfQ8XTsUxyMnf3frlU4Cte8dAYEjYqtpm5Qogu6DzQjMhACVkSHO18RPIoxuipsgyIHx+9fHP+ZFtMREI9Zz9GwKgw5e+S+VhGAJrH1X0qYkRIotAASfyXYirMVmBOpGgNCp0+N5Y+vJZgTmhgBx7hyYU/EBnhoYPEUBSA41Z0p15yB0VUlPicgSvsSnGtwHKZ866jSMEjY1alu+zghMisD8UZiRVccySZns75M26PuLQGB1SQiSU9zxRVNGRNn5w9LqdNJ90eXj7YhY+6k2ch8m1CKet6IG8YmQeCQl9cSiRubBjIvA/hFJNPW+b8ehOFuRVRvVlomLhsSHjWw+CoqyFTDt6teEWvV0uL1JESAO9fzYt9920sZ8f+cQ2CQqe5CGzOHSwCBXMjF/0NCIPpa2DraIN6XhLiFVthVum5sfJtSGZsfdjIUAhIp62XJ+7R8Lt65eTBlxDow2lURmJsZ2D9Kf7F+eNcKeaB1j5/Dq7ZG4NNz+ZZEZylbAQ8yEWsc0uM1JEWB1wodpoyEB6knb9P35IcAKcA9JwyGbiCtRIiknsfEDImN0QPYgyZf++6fu3ZpQ83vI7JG0kKRfJEWzKyQhXG4rBwFKIvGFie7HwjEsRMaPj33RXNOOiW99c9pyYDU9bMS7PrBSNaGW86CWNhK+/TmYWidC+kobX9/Gg9Yte4/skQ4EcH4bJ/RkXf6jA4BMtwXwQBSACbUDs9hTF4kPPEoSr1vsodm6icBTJX0gXpkHI+B1GQ2QL3ZzSHNNhuKw6jATakdntCdufzV9GO+ONMKeDLmYYaJWx2s9r/cDOzf9hczM7xYwShIBEIca3v/dwYRawMwWPISVQj/idekU+NcFj7OkoaFQ9+kpRMpJPa/7A4nGUsbLFgD10AbJABuaUEuZ2jLHQeYUH0ZWqkeWOcRiRkWNufdOKR9PzChhR6UR6dRJY7XKF/75JtRinudiB8LDykEG8n6uU5bnNJP6Sal4Ci1iZLixp/jTPN2tzysTan3YuuVqECCv/+dR+PHyapp0KxUggMzirhFKNAh/4m0CIv1+Be13sgkTaienrXdOHxsxi2TS2NpFAP1kIi+G04Ih0P+NdOF2vWu5dxNqyxPg7kdCYLXITOHk2IdTI0FWy0UoPpHjjt4CdnGKH91N0jeTpjIlkXpvJtTePwKdAICy5bz2k03z0U54XJaTBOXvEyXiGRnVaT8o6QsR1lbWaCcYjQl1AvB8a6MIICi8SzrwWKEjWTWNglNjZ6T+ovTEqvTOeLWnDJK1aucCugm1xifRTVeKwCLpJPmqWCWdVGnLbmw6BCh7hFAJhoAzWqFXG67pETCh+unoEgJU20WBir1UW70I7Chpv0SoC0QK8A4OW5sZcBPqzBj5inwQoBzw9RE8bjX/+uZlUDUBwRJSRUkhtY2AgAl1BJB8SVYIHBr7qFNl1LJysqPOsBrlLYD9aoxKoqd0dCytuG1CbQV2dzoBAhRpOztKBp83QTu+dU4ESBPlC4syzGSmWeVrzKfEhDomYL48CwS+E6fMw0pGWTjWYSfQnyUkjdP7t0g6ocNjac11E2pr0LvjCRBYK06dKSvcVNG2CdzN/tadIvvpb6GbwBuAbRYImFBnAZpvyQKB01PJjCUlrZyFN9114pBQhGIEq0i6oLtDad9zE2r7c2APZofAGiHCQZmUriq/z27k1d2F3B6HUHeFiDeFEW0TIGBCnQA839o6AggZ89q/YqqeeW/r3nTLAco2k8r78BCDzqnKaLeQHPLWhNrZqbPjkQ5J2WEC0PljGw0BKnUeLWlBSdtbvHs00Ea5yoQ6Ckq+JmcEyOihBAWr1BtydjQT35YK5a4nSvpQ8onAfVtFCJhQKwLSzbSGADn+P0tB6JfGCXVrjnSgYyrJEnL2tEgnZXV6Xwf87oyLJtTOTJUdnQcC7KNCFGRP9VYtfoQnhHRdCh7y5UOCxK0j3ONLxkDAhDoGWL40awS+kvYCnxyhP1k72pJzZD5xCMXhHeFRF7bkR9HdmlCLnt5eDY7X2d8k5fi9LOYxx7wvLumKpGX6OEnvkERRPVsNCJhQawDVTbaGwFvjtJ/XWRf0e3AaUNYnTIqqB6tboLu+59OEWh+2brl5BHieEUK+bCj7p3kv8urxVZK+mkqW3BM6slfm5V5Z3phQy5pPj0ZaW9KZkraQdFrPAaHUM18uvPKTYvqunuNR+/BNqLVD7A5aQIDa8OtIel4LfefU5eFJkJttkItC84BVqq1GBEyoNYLrpltDANGU8yPHH1m6PtrmKZPs5JDj28CqXM08AibUZnB2L80jwOHLD1Op46fH6X/zHrTXI5Vh2fZYNvaSWanaGkDAhNoAyO6iNQRQnyfV8hWtedB8x4tJ+rGk5UIk+r9TKNk/m3ejnz2aUPs5730ZNdVRf5lKH79B0rE9GfRg3/RX6XR/pZDm68nQ2x+mCbX9ObAH9SKwXdST31jSzfV21Xrre4bgCcr7rMz/2rpHPXPAhNqzCe/hcHkFpkwKSvS8/pZqyBfuFoMjBfcPpQ4053GZUHOeHftWFQJkTkGmu0v6S1WNZtTOtqEehUv8/ZiMfOuVKybUXk13rwdLmRTy/dcsTN0fha1TJP2bpF0l7d/rWW558CbUlifA3TeKAKvT96Rwos832mt9nRESdqqkZ8aY2C928H59eM/Ysgl1Roh8QUEIoAV6YMRn3tnxcc0n6ZIg03NTNtSmKbX0po6PqfPum1A7P4UewBgIPDaC/U/oeA2qR8Zr/kaS7o4vCB9CjfEg1HWpCbUuZN1urghsJungqJZ6Va5OzuDXzkN7pX2Ksc1+ukyo2U+RHawYgQUkfTuJhlwftegrbr725gjWJwxsociE2tp1oWrHfOQOTKgjQ+ULC0IAFSrElteVdHaHxkWUAvulS6fwqGvTF8Makq7rkP/Fu2pCLX6KPcBpEDhO0nqx/3h7B1BaOPZ/nxuxtK+NlXYHXO+PiybU/sy1R/pQBCg/Tb47Enc7ZA7OohGsj8gLQifsoRKtYMsMARNqZhNidxpFYKuI34Sozmi05/E6IymBCgQYBfYotGfLEAETaoaTYpcaRYACdggwvyT2VRvtfIbOlpF0oqTV4uDpqFhN35GTk/blQQRMqH4a+o7Ao1O5lO9FgPyKServ6kwAWTUdPh0dfuHSNyQR8kXcqS1TBEyomU6M3WoUAcSYfxIn5ptIuqbR3ufsbJuIlSU06q7YM+VV/96W/XL3MyBgQvUjYgTuR+DFks5KqlSUWWZ12MbJP4UF8WH+mJQbU1jXWiGS7XnqAAIm1A5Mkl1sDAHCqNizvC/2VC9uqGdCoXaKygKDLg9KK9I90ur0toZ8cDcVIGBCrQBEN1EUAminUuDuVkk7SvpSjaNbImU8HTBF+Pr/JW0p6Vs19uuma0LAhFoTsG620whsKOn02EtFa5S4zyrt+ZI+I4mfA6M8C6vSfarsyG01i4AJtVm83Vt3EIDsjkx6o6SpnpPc3juiAcYZAZ8v7icwn8Ml4l3Xl0Q0wcDYXkCfldXwLeM07mvzQ8CEmt+c2KN8EEDAmZXk2rFapYIqYVYYB0cQIzGhC8bv0Ch9uCQEWPhssW2Akv7cDCI9LWU+7ZXCoZraq80H2UI9MaEWOrEeVqUIbJ5Icl9Jy1fQ6kWSjkhtHe8VaQVoZtaECTWzCbE7WSPASpU/GEpVrE4Re74hTuNRfmLlOdUIwULVCoUrlyjJeoonc+5fltTufpf3Xq0AAAAASUVORK5CYII=','2025-07-29 07:17:01.847','2025-07-29 07:17:01.847',40,1,NULL,1,NULL,1),(39,'2025-07-29 00:00:00.000','64718021','Staff 1','Poojan','111111','A','A','data:image/png;base64,iVBORw0KGgoAAAANSUhEUgAAAOgAAABdCAYAAACvriq+AAAAAXNSR0IArs4c6QAADeNJREFUeF7tnQnUrdUYx/+1SkWoDJmLFVEyR0QimYdkCKkbXalEkTSskKKMzZEGQyoUDRRJcWVIxsqUhCzTKrJClqGU/Vue3dr37TvfOecd9js9z1p33e/e73338N/nf/bez7iChieb25TWkLRM0vXDm6LPaCwIrDCgiW4raWkgZSRonNrhkr4m6awBzdWnMhIEhkDQl0h6l6QHTlmzn0j6jCQI67vqSD7gfZ9mnwm6k6S9JK1XWIQvSvqppGdJ2mCBBTpd0sGSLu374vn4h49AHwnKjnlaYWl+KenDks6UdFXyu00lbS8JMqdytaS3SIKsLo5AZxHoE0GLd0wUQJ+UdNwM6ELqtwdCbpg8e7GkJ8zwrj/iCLSGQF8I+npJRxpKEHN3SZfPidq6knYwosZXrwwkX3/OdvxxRyAbAl0n6KqSTpT0CkPkjabkqQLQMZJ2TRr4nu2kN1Zp1N91BJpAoMsERcHzA0mrSEIDu0TS92sC4YDCTnpg4d81dePNOALVEOgiQe8SSHmIpNfY1FD8cDT9W7WpLvf2AyR9Pdxf72X/e104Mm8t6aIa+/CmHIHKCHSNoJtJOkrSwyT9VxI720Fhd7ul8kxv2wBfAMeGPla0X/3GlEj/aKAvb9IRKIVAVwh6j0DIt5o5ZCVJ/5S0r6QjSs1q9pdQPKGAinJCsnPP3oo/6Qg0hEAXCPpkSR+RxLETucaUNr9qaM5psytbf2vaf/7HHBy+kqFv78IRmIpA2wTFWQD75O3tSHuKeQddO3Xk9T2wZfhCOD9p7rLgt/uI+pr3lhyB8gi0RdA7SXp/cpz8q6Q3S+KI2YZ8StI2Sccct9/ZxkC8T0cgRaANgt5b0qmSUAghHGWxc17S4tLc0fx372NjwJmen11h1OKieNdSboI+xiJK1jHwMXVgQslx35y23tuFe/BJyUN7ZFBSTRuT/37kCOQkKKaTzweF0P0k3WwO77sFLSo2yC4IXks4QsQImBuCA/49w9Gbv10cgVYQyEVQnNK/mczwCyHcaytJXXOvK0bKYII5upWV8U4dAeU54pLhgEBpPISQ90jaP/y5qYMrwBfWtyRtYmP7saSNOjhOH9JIEGh6B90iBFSfHDx2cERA0NyiIf1Xh/F9uqQvJeN7iKQrOjxeH9qAEWiSoNw5z5ZEmBdue8cHp4BdeoIlOYyilpkvFTI3uDgC2RFoiqBoab+c5Al6t7nuZZ9gyQ4x++A0gfzRFFtdPJKXnJ6/1hcEmiAoms8LEm0onkI4vfdJ0OgSzH1fGzT5jc7r0wR8rMNAoG6CEr51oaQHGzw4o+/ZUYXQtBVEg3to8CjCef9cSc+d9oL/3hGoG4E6CUqCLnaZ1W2QZCpASVRnHGfd81+sPRzpfytpbbPb8qXzi5wD8L4cgboI+ngzT0REubc9r8YMCG2tFEHcH5OEKyDmoX3aGoj3O04E6iDooySRi/buBiF+rGg923J8r3MlOd5+J2ijHxmO6n8PR16c/F0cgWwIVCXo/U2Zwgc5Cvlpd842g+Y74iRA2QgyLzAv5ufiCGRBoApBeRf3PY63UXB6f9EAs7bj1P9Ey1lEgLmLI5AFgSoEpR7KfskoOQLiJdR0mpIswBQ6wcGfnEXIxkGjiwLMxRFoHIGyBCXjAD6rqyUjxPsGU8RQoz9i/iLcAJ/Z+Mp4B45ASWd5SP3V8Kd41HtGIXXI0ADGJ5d5Y3bhiwjbqIsj0CgCZXbQl0r6dGFUPwqxno/uYPhY3eChICJd5zcSX926+/D2HIFbEZiXoNgDqSR2twRD7mY7mgfR0KElXQsugCQ5Q7t7ztAn7PNrF4F5CYrrG/VRUiFFJR5DY5GPWpoWylE8dCyT9nm2g8A8BH2SufKxeyBke/+upFdb7ZR2ZpC/Vxwyfm8+ui9b4Liff0Te42ARmJWgRHdQtRrHhFTOMLvnYAGaMDECAIgT/UOIc+XY6+IINILArAQt2jwZDP62OJD31Rm+CqBocrmL4vr32hmLCFfpz98dKQKzEPTOkv6SFBkCKrLyEdRc1OaOCca3BTPVO8J99Gr7ovr3mCbvc82DwCwEpcw8d61UsAc+Nc8QO9sLia1xpCdA3XfRzi5Tvwc2jaDYNotubdg88b/1rOtS3EUxNa0f0rr4LtpvPnRu9IsRFJsnR7jUrEINlRdbSpPOTaaFAYERVcDXk7Q0pEg5sYUxeJcDRmAxghaTOAMDpRvqKkM/FFip0EYwN0ozSih2OaXoUDAfzTwmEZRUmdwz+Rv5UzCz4OK3bDTIzD5R7MKkRlkrRLy8yjIwzP62P+kILILAJILic7pT8h5H3QMcyYkI7C2J1KI/S7IZOlyOQGUEFiJo8Wh7+ALufZU7HlgDq4Q76O9CHZe7SlpSqJI2sKn6dHIiUCQo+V8pbBSFhFkc21ymI/Am8y66KtQ/fdD0x/0JR2A6AkWCUixoQ3uN+ybpS3BScJmOwBpBww1+uP5R34XM+i6OQCUEUoJ+zkKoYoPTbKSVOh7oy6+URLTLpVYhjZo0Lo5AaQQiCVEIxWx1rrEtDafuIIkjLtXctnR7cXkg/c3/IwBBUWxcFhy+KduAPMXNKZU+HntIOszICUldHIHSCEBQzCcUOELcnFIayltfZBfF3ELhJZKr8eXn4giUQiAecXFKiLtnqYb8peUQwNSCBvxoSRRhcnEESiHgiqBSsE19Ce8isk1sYPmb/jz1DX/AEVgAASdocx+L3SQdFbJQfNxyGDXXk7c8FARIAECtI77YSa1zqhO0uaUlqfe3DWjyOaHddXEEQAAC4tuOth8O4tiyuXmjEWccZZkTtNkPDDl0PyBpd7OPNtubt941BOJOCAFfbiQsjpHoMOKucQwiO0cUYox9B82wor+2hN7u/pcB7Ja6IB6Y2GASGWwkiVo+lKwk2wZafKr/4aEHCSnVea2RkXpGi4Zv+g7a/IqSlpRAbuJG39d8d95DQwiQIA/TWfybUEz+vckC/ZEKh9pFVGQ/SdLtyrrMOkEbWs2kWbLwcxe9UdLDPS1K84BX7IGdD/s1wfccPUllw89FITD/EtsJISKlOEl5c3HF/pd73QlaJ5qT29o1mFuOkbS9pE/k6dJ7mQEBar6iNWVX3NoKYxVfI1PGz81sxtGUHF2EFmZR+jlBZ1jFGh5ZxxzoSXQdo4VqaNabmBMBSnWgLX2a+UrHKgk0QxI8dkROO+gNICWFm1sVJ2g++GOWCneiz4M5VRAwWWwaCnth5mK3xM4YBYUNVerYEa8wQuYZ2Ry9OEHnAKvio9QXJQMg39AEJLjUiwAnE4z74LyZhU7GHZKjKZ5dKG64K1JsuhfiBM27THxrU/gY+xgO9S7lEYCQKN0wcbBDcmzlaMrOSTmSDxnGF1ixq/I9tfimEzQv+OQUPl2S53maH3eqmnNcxaxB+tfVkybIqkhxL4ITMPaT2WIQ4gTNu4wrW6lGTC+4eXkm+oXxJ20Mpg5Sx3AdwPhfFOrSnmxXhsGeRpygeQlKb7j+kWDMTS7LY8+O+IJwT3++3R/xZY6ChhVCEhaJZrVYjiT/Kmbq0QmaCeikG3YDtIfXmMkFB4axCgW4sBGjzCGjZCpUMCfD5Ll9UurUvZBO0LoRna2908JRl/zD2wSFET+PSTB1vE4SqWHQuqbC7kg1vYtGVrV94vo7QduhBk7V7KKo/dFAjkH2sd0S/9VUMDudEjSyZ/ZZ29rUAjpBm0J2erv4bKKRfGFQiJw1/fHePUHhZ+b2BovsSCfAXfKzwc2OVK9oYF0mIOAEbe+jATlRfOBojcbylvaGUmvP2CH3CnfsXQqtcqfEvHSe+bLW2ulQG3OCtruyKECebYWqjm93KJV7x8ZLmRDmE4VcTGdYoMDllXsYYQNO0HYXfeNwB73QHLUf27Pj3ormybOzmUUITo7C8ZUvH7Lsu1RAwAlaAbyaXo0a3XMKpTdqar72ZqhBs59poWP9WDohBIuAgGMleRbDmmB3gtYEZIVmsAFiiKdIFcWqulokGfc6nCxwRE8FJ3QqjLNrutSMgBO0ZkBLNreDHQchZ9ciXbhT7hiiQZ4jiTqoUYgKOdI0sWQXcGkAASdoA6CWbJL7GkQlHSMO9W0L8ZMcWYm8SQUngv3NjjsUzXPbWE/s3wnanaWhRg47FbJdi0fdVcNOeUhwGiBlKHVmomC7hJjYb52YmT43TtBMQM/YDe5/KI3aOuriWHCEZauLQ6bWKUoh0kW6ZEbACZoZ8Bm6Y6cibw7Fl7Ar5hBKT5LUbKukM4oPf9DIeUOOQXgft0XACdq9TwXkjNXmmr6PkmyZaJJ9Q01TXPOiXB/MJktdM9v+h8MJ2v4aLDSCtOJ5EzVbCRjfVtKellgrjoGdkl3zvaFs4nXdhGZco3KCdne9qSuKGQOpayddy4hJ5bW0FMXN5tG0dwia/mF3IRnfyJyg3V7ztPo5pQyJDCkjEJP4S8pPpLZMtLHYMw+SdH6Zhv2dZhFwgjaLbx2to7zhnoigUaU0wawCGQ+2XXPtwktkwENjyx+XjiLgBO3owhSGhUZ3if3fLCYYUnsSFE7uI+6bqZAjlowGZ1u9mH4gMNJROkH7s/DpcRdPI+6lCNnT2R0fZylEICea4KJA7BMse0F/Zj3ykTpB+/UBiI4M6ahvsvqTk2ZCoDTKpuP6NVUfLQg4Qfv3OUh30sVGT/gX91dy/nQ1QqZ/6GcesRM0M+A1dUfiLTSyZDFgDYm/XFPSldY+tkx8ZiGpS48R+B/3SPd4qYwKjAAAAABJRU5ErkJggg==','2025-07-29 07:22:24.814','2025-07-29 07:22:24.814',41,1,NULL,1,NULL,1),(40,'2025-07-29 00:00:00.000','87382972','KatHendrix','Tucker Guthrie','123456789','Internal Staff\nMaintenance Item Description','Work Carried Out*','data:image/png;base64,iVBORw0KGgoAAAANSUhEUgAAAG8AAABNCAYAAACooTpdAAAAAXNSR0IArs4c6QAABrdJREFUeF7tnT/LH0UQxyedRV5ACkED9rG0UDTvwMJCq+hLsFIrY2ewUUgjCMZCtLQNCCoK/nkBYmeEFBYpA9rF5ws7MpnM3uze7e7d7u3Bw/Pnt3e3N5+bPzszd88l8rfPiejZMOwLIvqeiO75u80RtSVwaeEEAPZn5PNviOjtCbE2nuXjx+AtgeMjQgPfmgD3AxiD9/7FlG6GacFEfkBEL1+AelNNFZ9dnwD3ARiD992Fb3slQLkqpgb/NwHuw+qJs1rwpMmE9kHr5AZ4gCg3aCBMKEzp3BpJwIMHk2gBiQGcJrQROJwmZjYfhTnE4OFj6RdlEIN95tZAAhY8+Dr4PGxL8GIA7wQT2mD65z6FBw/BircgtzTQg35uqRe6egue9GdLi3ieAgIcBDDQWN4AXEaphaY7DyMlsAQvBwAAwtRyGg3nmOaz8r1mwWMzmAMP09RZmbl82BEelgi5kaNeQuTeAJUvd6zDlzKbUio6gJnms9I9UwOeXkJM89kQnlznpUSbsanp5PZMnxWG6KXHtsDTGvgTEb1UeP6nPpwHL2WRviRARKDQQK5ETP9X5naDXO/VhsdTlSZ0AkwDyGtmuLFnwlIMP/Pfby4lpkuH+RKgVWpKu6TxRjGMG+HSGJBMeMjMFX5Gme6OV1XY6vOkqKUJxY0BDdS1wvHQPH5FkAG+0JWA71KTrGvHWhtff1mNX63MJk9M50FH10D4epg8QJK5XwsUbmjuzEOXnlcQcOt5WwMWa5ISIPfHQAt733BdMH34rltF9LWx5cHff1jbgeCZzRrwMGGZyO4RIJu8a0T0qkrIa1DS9LF2FblRPbNZsy4nE9lHz8KwVnnmr4hGpZL1irE14VkaeJQemBQTCI36lYj+2WL6UkFZ4/aGxwC5M3uvPlA2g1ZvKubIGmVGfVsAbNn3CPAwf5lPrQ2QQcWiQJyffdPqYGILlNR9PZ9XK2Cx5qcBlmqjYBOIcyIK1ItfhvUpEf2SEqKnCrf2OA9ebZ+nr08Wc9dmeLzgIns9VRvC2uMfxWzK+edqIMbDVy1FguyzDm0GcyF68FqazRhAncj2NAvH4bXVULA0XM9s7gUP83ydiL4KE/6diH6LZC44jQTIQ8PKhVfT53HgwIlaXjZ4yVq5EE7KAeaao17Ge5pXCp4Xni/J628iuhIGjJ7IzrpvasHzwvOlSVqaxak0gHwvlJOyLnTEwR68HJ+XEkhYMkw1gzj+j0T0dHiQZYRKxKZ7agu8NbC2Jm7hD/ntFOhGOzXANfAgQLQ0eMVFnRMsJegJMOirt87TAYtcQFsqf5+Ivg0heylYsVQaa+Bpg5gczZP1Ny1QgLpLRF9vMuJ5OyOVBguAeZ0SYA48600QewtNmlDM5VTrvhyziaLjU0I5Sq0B8/TtydEa4Gk60jx4MqLjlwxAfEdrnJU9MXtbg603Y/L+HjwpCFS7OaV1FK2TFyoBck+o2z6XLKkDDvTgSQ0rUWurLYJT+cAcePLOBgQsC74kondrE8k8vtZAmP4hNy/a1I82yzubBSJ7EfEzmnSK9ieukLz2gUNGoV7TrdWKAMF8RESvJQgV2vnZjnU29tND+kBP85b6SACR02S6qSeWgIYm89tyE9hvHjJ0FOrBW/NGCC6morUOreDPGwha9pRIgEMls2vA06y86gODrOmX2FdfJqLbozxa1gKehAkh4kma2FM0D0IU+0mFoIeT6j0+2GL6Dw9erUwKt0UA5FJpiRfZMN9oLtoaxXJyfQiAe8HTmRHZe+kFPxIoTC22nDfscrKhe4DeIr11nhDg2EeydqaEnDC3D8O+/HQp4MRaAWVdstsgxoL34cVjS+8EiX0c/n9CigBrjPGCnZRz/hHqjLra0L0PtOD9TEQvBKm01jwPhm4hfC40JHn74XMrqpUmtLs3NGl4ulp+NHjWMgR/Y3OLZxb4d2jWv6oGaUGUr6jsCmDv8JY0jgMfXp7oqFZqIr+lae2TSSmaX3yMhsf/DINPdHTNyxFIzH8CGJp52VUcsVbprvOsBqNuIzGH6lKy4I3GjVQ5N+BjY6XmnfEt7VIbEfygAtJND4yEJ9sc2LGXerR49d01d4xLgOFZJnNNRWHKuqEEGJ5lMkcKVhqKtN2pGJ6OMjGDnCeE2s14nul/CTA82ZM5/V0nNwjgWf6uVimoE7H0MU3As/4X3qjruz6oJM4S8F4MT5zKXaa/SxTgnsMsn3frgI20e8rosOfWPq+rxOxhpdpoYoAnq8ozUGkk+BKn0QHLDFRKSLXRMdhsIsOCbdiHMhrJs+lp/gNJbtDc8oxI6gAAAABJRU5ErkJggg==','2025-07-29 08:21:00.267','2025-07-29 08:21:00.267',42,4,NULL,1,NULL,1),(41,'2025-07-29 00:00:00.000','53436076','KatHendrix','Tucker Guthrie','123456789','Maintenance Item Description *','Work Carried Out*','data:image/png;base64,iVBORw0KGgoAAAANSUhEUgAAAIkAAABeCAYAAAAXHzdeAAAAAXNSR0IArs4c6QAACVhJREFUeF7tnb+vbUMUx9dLFBIKEpJXSJBIKKkoCP4Dnah4UYhSISpBolBIUChUKIREIQoJxYsnJJSvUCgkvEShUChIFBLuN/b3WpnM3ntm7zVrz95nneTm3HvPnNl71nzOmvVr5lyQbR6PiMjF4dIfbXMLcdVSCVwobWjY7ikReVf1956IvCIiPxteI7oylIA3JHeIyE+Z+wcghMVweNGVhQS8IXnp7KZfHm78LxG5PhkEYHk0tIrF1Nr14Q3JlyICewSPJ0TkbgUNRxWg2M2vSU/ekPwz3DVAuHP4HUsQ4MFzgGIyrbadeEKi7RENCUaE17AUwajVoBAk21FHb1US8ITkNRF5Ybg72CXwaPQDoDyZLD9XBhulalDR2FYCnpB8KyIPDLc/dt2cRoHXc8l22NFbjQQ8IYHrCwjSpSa935yNktM8NeOMtisksAUkJUtILp4CbQKtEg9nCXhCQs+mdPmAqwyvRxuyEUNxBgSX6xkS3J8OvuHviKGcCCS19kUKSslytYEoj3tJL02ibYxaSHKG7Oci8myE733A9IJEZ35hV0Ab1DzC46mRlnFbL0j0krH0mmmJAURRq5WMxXf47iDzK0snrFY6qB/BBediJHP9viEijyV5ngBlTmrlrzPqDc+SiVg3SOj+WkxoashCBBFDKQchbQkYHh60cq6XSx6aZI3ROjZ0aib9OpKBUd1WBgu0OsDQCVW+E/Yifr6i7egBiYU9khu6rk3h6wFKHhIuI3hOwWBV4DkUaRcekHAy19ojueEzH8TXItj2nyQAA37GlhFEvSGrNBOfRcwDEkt7JEAZX05yRqdeQj49M/qvLgg/NA/La3uklXGZi6GcSlSWYGAJSSv7oCkgh/fX2mqtNUkreyRnocOY1YKCJ7VaQGV2oFurqWWEtsU162x5a0is4iMls5BzjS1c7pJrt2wzpi1wzVmj0+LGWkNCw9Jrso4ACqBg7ALP6TLCmpoio3MPkLQ2WnMyyIGyJF9kId+SPqbcU7wfUNA93SQO1FKT6KIh70nqNdhGLXH7oC0Y+tYuPEB4R0S+W2twlhBa0qYlJF5G69g402CbdwyFywR2AOhciL5f2hT4X7dGtgckLYJoJR8A701fWkukLimNTLqlo9HNkoF5t2kJSctIa6mcWtahTEFB20HbE6X33F27lpDUFj63Eg4+1Vj6tJewJLCnoeCm9x9E5J7BdmBSjNqi1Xjc+z0FSCDUHChzyUB6HXx/6ooCii96MjBb0dMKEh2OL91C0WqM7Lek8n4qcMUQN543cUVbC2isfw9IvAJpJTJMQYGbiaLqnPfhEs0suemt27SCRMdIeoIE8s7FUFLvo1t3dAtgPCBZYiRaymIqhc7rPCcib1pe9Eh9tYJEq3XvaCsrr1Bwk8t90At5Rp1ygDmdM2SPNO9VY/GApJXwtUvK37UHwiVE12umBqeubPOOyFZN1JaNW0GiQ+Jrr6HD25DVWIibcgQUpbmPNNjWm/20JRvn1147gWODyJ2NVjrgqfjEWB+s8F5icAYoMzPTAhIdIyn5ZOraiTQrOnb71u4prqsr21otkaUflK7atYBEn42WejYlmdGcgAAFw92tim10VDbsEzULLSDR9ghPT5xKl89B4Zkx1aCUaMGuPvGtbsYaEr3U/C4if4vILQU3Ty2BZ08ocrem3fcAxfCko6mcx5imYA5kibFZwN2qJgQllp0VkOTS5lOz8ouI/Gi1D2TV9Je/OUAZZFWz3MwV7Kbix3KDUPdlEfmmfG66ask8z0kvO3OQlOQ9OKt/iMiNaoq9w/Gt6CIoW+egWo1vtt8cJKX2hT6iAO/RX3S0VV3r7IAXNoDHdteZVnzo1GpJIC8NCQJKcFVzZ1ag7dQ2wnR3/xH34vJMWWiUkys6elBEvh75hMGuQGXZWxOC0W4vuzniGq61JZbSk3lAk3wynEPGQSO2cd3wx29DnIPuam4nWW7H3Jyts1cBM88DeZzMlyJgMqFJPhaRX0XkgzPj83VVWX6biDw9UZeBGIc+2huT30tNaysQqTmPPs5z+dV84hkbyRXz6Ak5heQYtedJeDw1kGgQmKiDR6Mzt1iqXu0gtN5Ki7BfjB+gYOwApfbw4tb3Z9r/UkhwEzmDFVY/AbJO55sO3KAzGrJ4PvS3Z1hDQmHBlYbw6E7rQ9yO9J01NGTB3GG/L3ANJKlXA3f55uQTCiFSNeOZ2yJ7Tu7VKhmCwmRg7fu7b28JyZwRx2VIf2sng1IsVt6rluE+oyPGh1advphWmteq29ypxKxAg2u9t+2U/IKEw4GyVJOkRusawXBJyqUE9mb80ts7lMdjBcnSftL1WAMztbGq12XpkB7P0sn1KPGb0zC92jGH83iWQqKLnecMVgvrncCMnZXe27LE5fgQ2fAlkGh7ZIu6EXpJYxX4LKqm8WsB6ZI+DmPIroWkhyQXc0qERk9oepCddx0I3X3sFerVjpr9ACyBRNsjHkvN7CBUg7kkJNQ/yh8+c3Sxd+/xLIGE8ZEtlpoaYJhfSlMEY5qm1YF42pDdZY6nFpKt7ZFaSNL2sBNwWuLjyWmMbMdgHjeJWYGza0O2FhL9tatrAmhrJ9vi/Zi4ku2ntGPWnsnK0H0PdlyV/GohQedwfyG4I5Xv0WNiMThd7pwwtTFca4zSntvVB2wJJFUU7rixNoL5ezocAIN64BfVqQdzQ6bHs5vQfUAyN6X/vz6VMtA2zVwkmKUT0Fq7MGQDknJIcnkm2DT4xvN7M91oWyY9U4U5Hryt+308AclySPQ754zgXBSYHk/3hmxAYgNJKTD6tCbWAyPu1LUhG5DYQ5ICoyvxtO0CDYJliK5xb9Hr83EEJG0hYe9cjvgVKPw/zm3BhjjU/sK+ATTdbc8ISHwgmYMFS8/bInK/iDzf24b0gMQXEg3Lh8mx5QCFJ0J1FagMSLaBhFfVaQ78D5AAFhwd1g0oAcm2kODq6UHDAOX7YQN/F6AEJNtDgjtIdx8AFNS9XO1BowQkfUBCjaKP8egGlICkH0jGQEECEV8Bt9nSE5D0BUkOlD9F5IYtDwcKSPqDhKDw/BP8jVOoLm4Vvg9I+oSEd6WLznl+nXtCMCDpGxJ6Pqy4x/EeNw2he7cTIAOS/iEhKMjt6NwP3OP7PG4/IPGQst01EE/Bmbs4FRPLz612XY/3FJB4SNn2GswoX/PaFfgvM65OvNuNGzUAAAAASUVORK5CYII=','2025-07-29 08:23:27.882','2025-07-29 08:23:27.882',43,4,NULL,1,NULL,1),(42,'2025-08-11 00:00:00.000','30997593','Liam Chadwick','Blake Norman','9754857854','Maintenance Item Description','Work Carried Out','data:image/png;base64,iVBORw0KGgoAAAANSUhEUgAAAGUAAABGCAYAAADVRFpXAAAIS0lEQVR4AeycBYwkRRSGGzssENw1wYIFl+DuEOxwgrsFl+BuQYMcwYKEAMEhENw9aIAEd4fgLt/XNzVbOzM7Lrc3tXl/1Svr7nl/l1fvuFmWTZFl2X8FqKMm6aUFJGVk9AAbRXpSe2QBSRkV3fvMSE9qjywgKd76Kh0wLZgDJOmhBQIpX0bPsGSkJ7UHFgikvBjde91IT2p3LOAAqzjYCqQ8Et175UhPancssHx0m5GBlK+jSPuUjaNwUjtvgSuiW4wKpBh3k04Bx+BPBpJ0xwJ/FW6TD7hiUuImbBEyrQ2SdN4Cm3OLmYDylk5Myq1GRLgWfQMwIEnrhAXigVU+4IpJ+Zw7xk3YCMIXgySdtcB60eVfVo9JMXyvToSZ0Y8DSTpjgf25rBN2vMzu45uMv1JSHAXcR3wsxxK4EiRpvwWWiy5ZHAGXkmKeSh38DiQ8BZK0zwLrcyk7ebxcil1HJVLMEa8cGxbL4twP9PGStGiB7UvK23zlUUORImvH5zkGO6sTvAc4j8FL0qQF9qZcaS2p2nyRPxc7eGuM/UweUXBcpzHtYMITgiSNWWA8sp8IYnkzDgxVU0Iea8zOBFYBxeqFPg5w78VaMxd6kvotsDtZpwSxXBgHapES8kqIxOxJxNsgyKoo9jNL4yepbQFryaEl2Z4nXGy60LN6STGvuATHGeiT+EFcwLRGLRoiCn7yyi3gKHb2kugjS8INk2L5d3CchcbbyLMS9yxYACSpbAFryWlR0t/oD4OnwSBptKaEwj+g7AXOAkEmQHkMbAqSlFvgHKKmAbFcROAXMEiaJcWL/INzCDgFBJkK5TqwJUgyYAFHq/sOBHPtQ9w7QZm0Qkq42FEoDo/dzkTNHCZfj2Lfg9fX4qz9RizgUhVeUWy6bGX+KMZESjtI8XJn4+wK/gSKQ+a7UQ4C/Spn8MOtIU4SwyYWUZk2ehXlGlBR2kWKF78cZy1gf4OXi2/DM2jzgX4QX8Yt+KHaYB/8qcHjwP4WL5fxcX2Jy/oS4nNpJyle0PnM4ij5vgC+4hzmJZRdwNgsvniv8wNvAJMD5x9H4M8AYnmBwM1gSGk3Kd7oXRznLPYz36MrE+FcBqy2i+GPTWIf6gt3Bz9qfmA/sR++p4KsKXOjB/kV5QBgE4ZXWTpBSriTVdRaY7saZqwLkeibYti9BKs7UcNWXOl1GuALp/HdUneudgG/SLKsKahFuR2tbF5C3CDpJCne6H0cV5td7rd/+ZmwRDhefwL9PXAgGJHhDCNZk2d9CFwNlgIfA+dnm+DbUuBlO+K4c4uXi63G4blWw+k0KeH2PqhzGo8tuezvA5rmEo01yip/AhFhaxR1jBOf/TCeyiO+7s66FmhzZEswD/G3gCB27EeHQMF3Nv9RQa/qdYuU+CFctnb9xxUBl2xCmj/iKwK/g+fAbcAJlz96GXSbwoXxuyU2td5fY//GTX8EGnY6/G+Bk2ZfKlsCn5moouyBNiNQnL+5JGVLYbgmekGKD/UTjidlFsR3Hc1R27/oim2xh8z9VuZ8Ipx42Q7bF71C2B8paa4c2LlqKA8g2Nlabk7yNCKTkNlO2Q7YY1U2S84rHJR4f0+LOlAhW2aaE8LpCThptm9EHSRez02sEOnzusQSfl+IH9LvFSnhgWy23JOxKfANtB32DXRsX+1HaPytuYjn0mxSzkW3s5Us+ykN4ZDUbQUXSiVwN/I8AOyY9TWofZzzBRcGNdxWpPssziVcBjGvz+OLMzFpqwEnxS4xoVaUbYmdFwTxN+WH7EJELb/XpMTPZ5PgsU3fwBVJcFXVQYGdpYYSaxDvwMDh9unoDwInanhlsgQxbl/bEUvgpYQ16goF38HGpOjKJzgS5XXNb/Nq07QS8T6PL05pE0VSmUiczxcSPGziklMI1+WPSaQM9cCfkWDzJjScb7SDA0cyGt3tacmzDZc4h6m28ydRznNsj+LHsMkzXbirajm3HiTca1vD6uqQuW6pxLXEQYAvg+tcpfmqhocDKVV/QJT4BbrEuabk4MCBwzrE2V/EsK8yXXj+wHJka4uEDSubXrd9bQIbvvDYRErDP77NBRxx2eR5WfswBw3qDSOR0rDJKhaw+dymkOIIcaeC3pQ3XElp6sd2sJBfYglv0VQ/YsGAREqwRPO+u61uW3gFJ8ZvqLSCREor1htd1lGgi5EfEHSuhNeaJFJas5/zGdf0nEw6x3JhsrUrUjqRghFakJMLZV0NP7Wgt+wlUpo3oTuqjrjcsJIQ/eavFpVMpETGaFD1YIRF3BdyEqreFiRSmjPjZhRzfc7V5Hiti+jWJZHSuA3dWnC715Xo8yjuZBGvfZJIadyWblZ5QsUlf/uSxq9Qo0R/kFLDCA0ke4zIzTSLuNb1nUq7kUip36Kub7kT6S7kaxTzOCpe+yWRUr9NtyOrey5uqrmbaCdPVPslkVKfTWchm30JXuancPm/6zDQCSRS6rOqcxKPP9lsuetZX6kmcyVSahvOOYknWtze3ZDs4cwaamckkVLdrv7LJ2uGnbtHUF0Jrl6iDamJlOpG9GzabGTx3JkjL9TOSyJlaBv7rY1noD8lS6X/V0N0ZySRUtmuftLgIqOduyvBHlmtnLMDsYmUcqMa4/Ej+xPXuDwzZlzXkEgpN7WE+J2iKX78o99VJFIGm1tCPFBurOeU9buORMqAya0dgRCPtN41kNRdLZEy2t4eaw0LjBJijRmd0gM3kZJlDnv9FELz+3FPTwnxIfqdFA+Ah08V/E9MHsrWLj1FP5Pit+7+7y0PZbt8Ek7M95QQb97PpEiGfYl28NvG+PtL43qGfibF//Dnt4luWPVspFWJ+f8BAAD//+GTuAkAAAAGSURBVAMAAM5Fb31QF60AAAAASUVORK5CYII=','2025-08-11 08:39:02.206','2025-08-11 08:39:02.206',45,NULL,7,1,NULL,1),(43,'2025-08-26 00:00:00.000','38766166','Robert Bell','Jez Batten','0483076722','Pick your noise','Nose picked','data:image/png;base64,iVBORw0KGgoAAAANSUhEUgAAANQAAABUCAYAAAD6bhnAAAAQAElEQVR4AezdBbw1T1kH8GOAXRgoKja2gqBiY4CKiYmJBdjd3YHdihjYLVhY2C0GYtDd3V2/7+E872f+e0/fc8/Zve/czzx3Zmdnd2efnWeenDkvPdv/7/q59J0D7xA4dLpZbgjeODlQ/rSU5d+cHHxscscgxZ46Bk6PgU0E9VLp4i0C3xX43cD/B54WeGHgIYF/Ddwz8KLAkwKPDjwsoPzc5M9YgLa/mfI/BrRdBq57es7fI/BXC3hQcuD451OWf1Ny4H6Ogec8PvV/GvijwC8Fviag7++UfNN7pklPHQPnx8CygXbt3PajA4jo/skN0q9OfqvAWwVeOYDQkl0jvXqOrht4g4DytZK/4gJwMxzl3XK8KrnulXLyxoFdk+e8Zi5CQLdM/smB7wzo+78nf3jgyYG7Bn4r4H0+NPnbBJa9S6p76hjYHQMtQb1pLidKPTH5bwcMOnUp7pXuk6seHLh74BcCHxf4ksC3LOD2i/yvkwNtcJufWBxXnXpl171vzsnB5y3K35b8VwN/E3hmYFl6vVS+WuDDAx8TMFn8QfL/DdwrgNBul/w6gcuQvi8v8azAUwImt2Q9HQMDRVD0kM/PA4lSuESKZ9LzUvP3gT8MGNCAWGWQt/CqOW/Wx83eJOUPCHx6AGf4oeSIFtxxUa5rtXm/1CGUtk69Y9cgLDlAePJvzDWfFPAO+u7ZuOjNU+d9ENxfpEzcTHYmvW1qENpPJ39CgNh6l+SfG0CIySaRXju9/ODA/wS+LPDyAd/izZJfxjTKdyqC+qD0DvdIdiXRk3CXb08N8Yg4914pf1jAQAbfnbJB3gIdK9UnTXQqRPSt6QWCQ1zvkTJie9nk7xrAMRHb76dsJk82T97zI1L68cAjA3S1L0iOWJONMhGnfzY9++MAwko2T/+U/0TeZD0dAwMIygf4jMHDfizHxV2+IWWKPkNDipNPL8gbMKbgmIgN8RCLXif1ON0vJmcgSTZPBuuPpMRg8mfJ7xCgeyUbRWKswU1NdA9Mj7xHshlx9msVOhwPAwiKqISo6qk4jxn5oVVxleSPy3vSxW6TnBHljZLj3ERbnJpR411S9xUBgxVRwl0Oj54QOYmCtZT0wNL6K+lF6bw4ExGe5JDqno6FAQRFh6jnMUj8aB1c5bkJhZXQBEMPfI3g470Djg1UPjhGFFzrLVJ/0QmR01kfmweRIPjl6JG40/VSh7smm+G8n5qCPibr6ZgYQFC3bR741JQRVbKelmDgv1OHYzGSAJyKfvZ7qb+IROy+dW5M5ObL4wog1rHAElURDT0Wx0qz2Q/mH92QuyPFQ6V+n20xgKAQUbUnOlS55+sxYDBzL2iFyz8mBVa1ZOdOb547uDfi+bWU3zPA8oiIb5oyvUkbBpMS8/TnS3OupxNiAEH9RvP8/2rKvbgZA8Q/URlaMgasMs07vwn4yehBTPf3S2PO9UckZwJnoeRYRzSpmuFIf66wgOKai8OenQoDCIo8zjysD2OyXunPFIC+ghD0Faf6ZYUdAHHwHTF6fGKu41ymu31Iym8Z+IGA88lmr5J/2uNMKc5T+fbmB/3faTGAoMTA/cyiGz4Wv8yhRJfFbS999ut5Q+JZshnjADwqr4KPygmcjSkecSBEbgnObhZX1kU+Jf60NJ0nhMYKqf28Iv+Y8Fn7UuxpDBhAUPpBdCn5mz/jb1V22BoDokdwirpAhEaVK3+FFBCbCet3UhZvyFlMV3r/HCOY289mMxNcDs8k0RxM5HWCNfar6qDn48BAEZTesBD9lELgHQPEDKbZFHvaAgMGOFFNUxyHj0oIFDGOnirOkDhowmKxY527YRrjZn+ZfF36hJzEjZLN073zn2EiWU9jwkBLUPr1OflHHKH8GhQ+2n+mDgf7wOQ9rccA7lMtiGf3zQH9iin7USmLuGBgsMaLT2lbq+rX5VqiYLIZPxPO5Ls47jAiDAwJStf4VJhnWY7ulgqzKBHmT1IW+W1GTbGnAQY4fm/U1AmsBf+Wui8KcL7Kd7EEIiI6k8ktt5gnBNUS7ryy/xsHBpYRVPUMV7K2SBSACHAf8iY5yTvPW8+cy9Sbqqs6ieYWSMsh/lkDTFiQKVwJZxqc2urQ5AWqMZ+U71DHPR8ZBtYRVHWV1x0REVsoxTiXBXvW3CCsn0xDITkiuVOcTjpnT+ECp4Af4T9u93f5J+A22Ty9df4zRCTbK7XEJCqjB7vuhcbjXbQNQbW9sWCQ34oeYO2SAcUBaXEf0YYOdplN7m8fZPxw4AEBCxQZGOCESGzFsYnFkpDWyGD5yw3SftfEqAHqOhOZZ9Vxz0eIgV0Jql7BalCBoWZQEQIWAVoHhZNZW2SxHp2h2k85N0FwsvIbieX77LwM3chkQiQWb2fdlaiGnJonRIeLO2CAMNEo7wLi9qo9I1EX9QobI873JajhKzFWMGQgLkvbiToG2D+kIUXcUogUJ5Xoh6IUWOf4mfiNnp834G+y0FJwKqNNqs4kxEbfqRNfnAKdNNlWyQLIdv+NTkxboe30jQ5FUPUm1hTx9hN9+LLoFPwtYtP+JY2Y5M3oKY4y4Ubfn56JehAKJArBBjAmB0RhISKT9TarYO+U+7QiGrGQxTTVGxOcVSO6UyeowsbI80MTVPu6xCPLDEQD8GEhKL6XckrSRwzQ9ppTlek/X5iH2zNDxAiit7fEz6VO2XliXBsKlFNrEx/UVw5aWPQ3qDpzKIq81Z3g0ER1pmGvGB8GLpKg6m3tTUHfMmAtyiMOUuqtfGURo5vYiYheUtccI7eJycfnQfxClrwjGEQuLIipW38+M+dbLpPDnRLOQkSsi9yvyqvyVneyTwRxc1XbXj8yDByDoIavTJxi+RKlLQKARYzZWXgOpzJdxSw9vO5Qx8z7/EVi5gS10lUsGedXe8M8BHGzWKZ4kIRQGWzqZl9ehSU5PYuhxymGiCGHU99hxBg4BUG16GAtFN7EBM96JhrDhjF0LjvV0lvs/Npec56yrc3+LzcQXU8UFXuHgN49dQwQZZnL4cESDkfcrRu2UQ9VV3m7fMZ6J87iOtfzCWDg1ATVoshAZ25HXKIziDoshgwAtmfGzYiM7TXblomZ9CGRC4jKAKfXWSZBxNv2Pvu2Y+2sa1cFHLfcSdtW9HPc4TQY2OmpYyKotuOiDxAAQuDHEcmNi9hpiJ+LePgpueC1ApsSH5L2fGUivkVuE/NsrrLp2kOdJ76192qNDlXPClhlLogq93xCGBgrQbUotNThzqlAGPQf+wTax9z+eaxfTPN8Xa+bNpW8lwgOi/ZEewsytTWaFa/0JttvVdsx5B/ZdIKZfEiAzeleHDMGDLwx929Z3wSa2taLz4gBw/J9ljQOWBY7nM2GKRbuMcuztLHeCZlicVx2z4uuQ9DtM8RAtseteMdM3p7r5QlhYIoEVehlOcN9mL5xLqIcfxHRrkRB1jome0vN67pT5DhpPRf3oS/WMSMM0baO6Y5V7vnEMDBlgipUM2BYPiGOkNlbPTM4ncRvVCE61kR7NDBy0Mm0OSaITK/nsS5WWS6MSQ7aCAnHVxlM/3WnTFC4kKBUFjR+LAv8RDKIdBAF7pz97HAvRghL+rXzA270FD9p8/pH+oTWTNWjEHeV1bdWPz65OtfzCWJgqgTFCUuMYqAo/UQwKj+OvTHsbdd+jn/OASep+EIWND4unEF4kBApa7oM7jS7kOSngOrG/G5Vbn1suCrfU53r+QQxMDWCIjpxdlrcWOjGcfwuks1Q7Ede9atyOgxCxL2If0RDkeUISwiSRXx+N5g+tuoeu9YX0buOo1cOKipC+ZhmfM/rcAEYmApBWf5hbwWL+oh2hQrcyGaQIiyqbpcclxPuhBjpNiLJbfeFyOwnbpciiwNZC3e577ZtW4JC6Nte19uNFANjJyg/jsb/ZLC1g8+6JMG29KVWnDovmu1UhHvxYfENcTB7Bn0LJ2RJpLud9zmut8+eHCBs76h8HOhPuRAMjJmgEJOwIGZkohkEIB7cCNcQPaHuogABCQcSY0hnw7Wsj/J8v47Id1Qb9W/qA4dytdF3ZaFPcsBXJu8wcQyMlaAYF+4V3LazuLAh64mslDXYc/poybNFZljWwan8PXkyIwZroYBanM0q21SfScKMbtzUMoQ4tHxeDjp3goVLAGMkKLsEGaiCWAvFwo9sDGM1MN9S1Z8it5KXNY5Dmb5Fj3u5dIQl0ZIQERr8XfS+VJ9JoiSstSquy0iB651p2Cumh4ExEdS1gz4OWoaAFOdJzJ39KhgexvpTO5bM07n4u/i+EJctrRGKBYIWUs5fJv/oSqIkWl/Us1Mv6iNZT1PHwFgIymAUJsTx2uLUbkFCc57TVo64LM6QU9n7MOXTA2/Z9Jfjlg5lnVdVEx+r3POJY2AMBIX7mLX5fgqdNkV5nxxYH4VLpTi5RIwjHrYd9ysb90mFtV3J5qnrT3M0XI5/pyYoirxVs62+ZIBx4E79J3UYIxBQjRQiIAcvMzzOVfV8ayyIjBxV1/OJYuCUBGW1LKIp5f0FwaGQIKLSWPWldHGrxGdmuUi73P17F1e2ddZm+RUNehaflxXF35F2JppkPU0NA6ciKPF0IhQYIgpnLHi3yQElPdnkkvVZ9n8XhCuqoyUcXFc0vJdqdz6ybbPNavyOFK5ssSQcsBgKsaJriaZ3XYcJYOAUBGXg0C9s4wVFFv3xL1lRe951S+53CiDe4UCW2reEpC+ctiYQZT4sOeAaoDsqA6FOt0tBDCF9kuPYBjL8VmIMLUMR3JsmPY0VA8ckKOZks/RdgoziTIjJDM1cTuTLqdEmRMN3xOmszJonWgNXsYgRMbSdt12aDf7bemJutbE8v8rDnFNbALAAXntpEB8F8BKFrUYWCsXJXOLy8Pp+fCIMHIugOED5k5jBX2bxrmZeA8bMu6gabUaMQzQiNHAWZfuX46zeoe04nxL/Eyul0KXW0sehW21tNlPldbllHUzrOPvbpaEl8gjbMyz5t1GoJf5t0HCa9XQKDByDoIh21irdunlB0QIivA2WpnqURbrdUIxb1lFOWwNfuJSNNIUkDdvhNlUnoqLK2+aI2XoqQbqICKd0rSUnNtS0v4YQKeFZtXrZ+Q5HwsA+BGUpA98QUN7UVZtK+sDVThiR2dt+e1U35ryNwxv2k873H6n0C4+IDvdggEjVxkSs29hoQwMbgtpODYHRQTmW/SADsdraMERON2P8uIyWQ+961+CIeCwAwK+/5PB0aR+CsqxhNpvNO92W5xXNP9t6MT7Ymaiq+WJukQM/GJBs9MnS+XZVLR0Q8dCN/MKIaHMEp97gXfdCuAlRrdq0EehVd56cCGlPChZDfcZZLTURhPv1uTHLIa5pACJ8PrKpGzlMIiQCqwGIwPRLhh7vyLcnKiWvfry0D0HhLtVDyxiq3OY+Kn9Ku0SBpcrL053atmMus7i1/RMUi3joRowRm4iovdZk0h7bW7A9PmSZb0uArhAoxCU+wts7LgAADBJJREFUEjezh4ZvwKjh2zFykDQYhcz2JoejD8JzvLhfzrQ2rr2FHaS8o28kKgUYiyynbbsLKe9DUFa26owBYsZTboHRwd54WHDV+8B8NIcQc+qex8jrXetZrYGh6rbN4aVt66d92uOLKsM9sRChAHu429q6fZ4YSmvP1BuAdFv9Y3Rh8udja9uPpYxoWI9NGsRek52JjmGo+uid6Zj3TIXxajIhWZWlOdWHS7sSFEsS0UUPBLPKh0CcEClQ9UQRMySRo+qmkvuxtbavVg+3x7uU/YRP67TGDVo87XKvfdviUsQje8QTOREai+XwfjdNBT8Yt4CAXt8QoQmTIj4awGkyisT1YtIQdUIcJ4qbAG6U3uFM3jnFecKhjU9BBb7H0EI7b3Sef7sSFN+JeDTPJKvKW2AWp1+0dWYRs2JbN5UyxLd99VM0Zrp9BxTO3d5PRAU4NmHpA4OKic6PMxAN+cjswLtKJDfTM90zcDAoERWFjllcqf/bGKg891hAnEX8+i1W1Dg0Kcxms3kXiPO4GcuoSWZeed5/uxIU2bSe2a7pUWfG9btPJdqQbW3P5SM5P0WwvfNwgiCLG1BW8YqK56MyQ5pg6FhcAiYecXnCh4gfZkmzu8nIuRYXBiOiokgLkGW4kIvC50RmHr9JLsAdic3EFYYGURdmWMRdOE+zvZMgZUv8PZe/S0Q8PcuiyVU3tRUbUUv/vZe2nND6veqaU9QjJN+RfsXijOtWP/gGWQlNEIiu1furzdb5rgR1q+bOfhKmDq+fwt0D1wlUYj4+GOXXTU+QQzb9YvhozurrpZK5/IbJfSyDHNGYrc2KRGQGGj8gZ3ZHPOrS/EwyWQmQ5TyWs4TyO9nejHhtbw2hTbgmUzjiNcMibpPXU3NHP2PK4Yw4hTxpZyDRIczW4ghZ94h0ab4yeS6R7+Zp4X2IiAiMeGhGT/XSxNBC7HK9iYT/0eLLpY1PUIlo4AcOfB9+w7YbLIMs0yYI36o9t1V5V4Iyew5vTBb38YTG1DliEefmkIvV+SnlRCMDeZUoNJZ38R2um84IiUKc4gBxMj+7Spcgqt0p53EdRgcEaIAJkTL5IT5tzNI4H5dAms8TYwUCIx7SQ+gp2hl4rV44b7z4ZyLhzOfA9hy/X4yoTUCLJifNcC36FAe4SaftDGLybiYQEkF7bm15V4Ly0eqGRBtlQaHiypSBD0XZ5cB1fBnAhEEUssT9omIOcRlm4FXg4xrUPv4Q6EIiKNpr/ZbWOtzXt/Sj3FwhiM+AN0vjfJR2Vk0zNmJjoLDMxPIa4q4+2FeDVEJygRt9XPVMe4IgWCIy8dK6sDH4wVj+TA6kDe9EdK13YIAjEbTxmHVuab4LQRlQ9CQ3ImbQGfg6gDqgM2bDqZnH9X0bMNgsDuSzoSsMt3ze5h5maxvN8GERn3A+uue1crEPuApwB2KXjz8EExg3RXutyAjGhgJOaiZwuhjCMXj4nxAhiSKPP5NIHXQKxMaEfoe08KMLOJb34DpBeAKcDUjjwqzP+EJPedYsFyxJnPv24mA4IMrq95JmR62iL8Orbws37cOtHBeFsrGfuxAUubMeQj6meEJw1cmJEsM69ZcNzFq89CIRTDLEKgr5Nu9pgPOB0E0MQlYoAxyRCXald/gBAfjd5n7btuG2INohCJOewYNIDBI6oH4B8YYIjy5kYOGKtolGeMBEUM8U7U6px6EYTFhBRWsgbhMAPbParsoROM6GQA1qhOg+gLhFRCQ+rrr+0PVwBDfehy5Y9/e94aKOl+a7EBTE103MTGYh9v6qY/GiN9Xx1ZKL5SPKIBDKvkFogOwq8uJQuAi9g/jmY9JB7xZEspTaKRfXWWXUSLODJJOiQcVJamDhiriU7w/EyyG8AgRFdCPBMMpoDwfF/RAhwL02dVC4GmKmRgATFxHRBE7XM8boZERPeo7+6RPcm4CUS89Xt+l5684T8+mK7WoI3wfhr7xuF4Jys7oRhdXHrWMfnthhhqm6qzFn+fSRzc4+rJmfzkFUNMgougZXgZ/i4ZhchSuR+gaYnzwVTY7LMMXjEqxVBhcfn70MmfMNqlX3uqh6lkWWSDlLr1kcDor7GeSA6b+IkP7mh/FYKtf1C9fG+Ymkchyd1ZBYCZfwavKiz5uAlFlJDXp1RFOTE2uzPqx71rJzcC0WVV/b8+7PXdDWzcvbEpRBwRE2vyj/iAXJriT6hJe5UtELcwwYCJR6CrtBRon3YQtY0/iQaqDJWdEQEYBnBgODSLCrtU9meqIma556viNGCc8yqBgMDGx+L8/1AwhF4PNOjeAfy6n1cXQppna4WWZEIRp7VxyQb4w4iTMx48OPSYpoJsdRcFb3dQwXXpX4zPWB0OFd3a7gnr4F7l3Xcmifud+2BNUaHlAnxbxuzIGps3Xc8/NhgKHCwAA+IK5n8xrfgPJfMz0JwZoyMyiF+R6Lx9JbEBC/lx8+MAgRWM3cpAiTnx1vDWRiKj1lcfnRM1wAAXgfHNa7sBQPO+K9cCaEYyNRXI4u6Nh7ICxEhps4RoBwhRCMURIWIhjed9tj34JoD391DTxeg6i2JShxUXUTs2iVfSQflHm16np+HAyY0RkwyPhEQrO2bwNEMPiBOXoIJb+1utJTDAIbwBCZDBR6CpHKZKlsoOCG9CEcDtGx+F30mxn43sWzEAjuvuyZHM5EXqImvZ1ovKydOu9H31em7zEiKe8D9FliJ4NJXQ9XVZ5tQ1Bs8CIhrlzUFJh7KeVNVS+OAAOcqIgJUbHO0q8QmgFlFucDwhXM7vQ54hHRS9dxKwRnovR9cTiD0qSJcwDXiB7BMVgDcU9Ex+rXGqrcb1/QN6oGYweRlmFieC/RDhawmgRw71ZyatvSpepYKFeV982Z/OGprmednRuLtiEopsu6sM1F91L42rpeHjcGGA6IkiXu4QKIh3iE4ADLFqKjyCM6Dl0EBEye1Ya/xlII+jMRDNGx/gIWOc+ie2jDrWBiNuiEZQnF2hZT/HQMXjiD4Gv+z+G1Yh/vnEpGGw7kFK+RiJNVIVKkyufJ9QMuTEbESXjayKGskzFLDB/MJGy9DBFheK4fTxsDoiQQHeshXYS5HtEV0F0MJEDMRHxAnCACpAMRF91DG5ElDAvuhbiEPwkWxkW1EbMoWgFBOIcI6X50Ifdksrc3IYLSXnCrSR4BDzFNnHNfBFznPBeXdax/nqV8KGDNdC+W1put41BM4xRbjVvA8oX6m4na+qup3N/1JRggShnkgJ5i8AK6GX+aTTs5rRElgvDjdWIMcSjc0TE9TXucyF39qB4xlfUSgdGjnBN7R8dCjIiPQ5wYuMztgHBE7eAi7u2+mIBrLJVn/SQi4nx0MJZDzxQR4rgmDzn3h+tXgcBlER/O32AdQVEOl3EncrlZxQ06dAzsgwHhSqyZxhFdzCBnsTOYb5sbGsil9+FygC6FEwIcCmGyurEwizUc/kIL0dIKgNxu9oz8s98EoiYe0iUFEOOAJgC6ohzxyxGzyAgGB4Y34i89zTHQBmhD5OVvZK284zqC8rD040ri36DMUgKvVPZCx8CRMIBL4YQtMLwQD0lSOInIimVqCAc6nxdCBYgWQSrzryJWllEmdsfESj4+xCt4GJcUnVFSGa4HiLf8XDg118ZKHYoC2e6ngPpRImV2GYs9Ek77YzoGVmKAEQSR4HjDRoiJ+Md4MDy37hjxIiKGByZzeh0iwzGBMjcEXRKRriQoXvn2QdYDYYttXS93DIwNAwKzEZV+MYbIC4h7QrUQQdWdN0dwRMkr91kn8gmCZF8nr1IuKYBXLjxeoT+pY2ArDNBj6DrVmFHEhp91LEdU9C3md8cHh3UEJQCTTd9y6oM/uN+wY+DAGCjztdviGrgRXxnDgboCIUwi6fnOqu5g+TqCOthD+o06Bo6AAcaEeoytAFjh6P3sAQwaItfrvFx0h+AE5YNBJ6iDobLf6MQYYHpvu8AKJzBBqBH/k8j19ryy6H9mceWDQCeog6Cx32QEGBA5If5v164wt4ty3/W6pe2vSVBLm/TKjoFJYEBIke3SRGUgLOvGmLs3dZ4oeDAu1QlqE7r7+SlhwH6GglSFNVkLJeiXmVwkvBAnZm4LLxncvJcfsKBLWXHu+NzwYgAAAP//ELhsIAAAAAZJREFUAwC7EVuBogVcmwAAAABJRU5ErkJggg==','2025-08-26 00:35:17.929','2025-08-26 00:35:17.929',46,NULL,12,1,NULL,1),(44,'2025-09-10 00:00:00.000','52355478','Tucker Yardley','Abraham Espinoza','75','Boat Task New 2','Work Carried Out*','data:image/png;base64,iVBORw0KGgoAAAANSUhEUgAAAE0AAABNCAYAAADjCemwAAAHjUlEQVR4AezcP+80UxTA8SEKhYJEoUOiUNIpiEenlSg08hASpaegkyBKhYiWIAqtF0AQEgoJ7wCJQkLCO+B89rfn91zX7MzcsevZ3ZnNPXPun3Nm7/3uOXdm9tnfc3N38Xom1Lsh94SsZYQAaEC9H3bPhXwfoh1qLbsIgPZkMXh71D8PWcsAAdC+q8ZF2qtV39osCID2RbR/CSnLa9G4ErKWHgKg6f7UoRL7XNW1NhFIaB9qVCJNXVWr7rWZ0H4KFCRU92d3/bXubddZXNZKaLdue11Bt9VOtK3gun++EpreXx228u1WU2uKolBICe2Hov/loi7a1otCAaSElnua4fvi4FYk1Ka4/SCbxtIPJbSfKxjPFm3RdrVoL7paQisj7e6gov1B6Cz2tpFoS9Pz1iW0Mh1FlpW/7lDIurcFjBJaNDvR1RUv7TpNF38LUkNLXo9nJbQIJFHdlMWnaQ0tbzvu2uC5OPRFmzTNFL6wWtCxhvZ2sfYSCnC++chhY4tN0xpaQqGBoVM81NdpKlVzfDG6hgaKqAKghqa/vCiwkaZPqSxJamjl2h8tG9s6cGWa6n4nDjXg6Drf0gdNtFnxLhDu3cqb3jvDeFH/rtAH7cuAoLj73wVOmpbg2P3IaQnSBy0jbWz9Iq60AW4REdcHzb5FABFtdJ+wubcaYO/iUHWfV7MPmhVm6r2gMSDAPVaNuw3Zzz1cdeJjae6C9tl2gg+FlnahdhbpbI8rDVxhzxbcLmhfBwFRFGpSEZlAlcYiTrqWfWdR3wWtXNzUiHFhKMGJUPsbXZ7v5OtD0ESPBbYs2qNW+qWvK2rLOfgdtQxBm3K/Vi9OSos4+1yOAXZW4IagWTgIFt+yN/FxYaD5krMCNwTNYoGj+55D9e8SwNyK0GmT4LJ9snoMWqaoK6FFtywUsD5wcx+3vL+IJy5OxLzoUlx8DrodjEGzqVs8WCZLtwjfXeBAGDqXcTBAAJqAQVyliTG6FCDN9WD/5DgGrVxUa4qm7y5wFg9M2qknpL+iEyQwQDAWXU0ls6TJaYrxFGiizblMnp4jCQ6E9AfCb3yBqiGlzRTt3MQ8nd9F6KZwzP04qvstU6CVn5iwnzsDC/N4Vi7GL5QsdOic/Ag7It2JLwvAoQlYbnfAGzrffx6bAs0iTdqbiQ66VfjZf74KxzHw3gscknBAAYSYD2EXp5te9mU5BZr3yk9PKmlPFbDsXfansfT+PU4KDgGHgBPdx1WmQvN4ZOYgEPUxARisOrJEiA9BJAGk7lz5tfnU8/O5ITIVmoUSk6wh6Kvlt+gAJdRl4a8PqNx/9Iko/QwBE5m09lHKVGgmnxHxosaAPBxjoibUpkg7UMACaNNZHBIckLoBs//R2kcnLdBc+SzggTgMLcjfJJQ/dgZQdJJw3Vl8KDZ+ENkeLbgWaL6YzBUP3W1b9BNhWG7iIEg7+1wM7Sx8gAOQz0dhOfQBxfD/X1qgmR0gtAXRuyQXnwDS75VwGAPHVhq/F7ZS/egirhUaGLGWDrQpEcDeXgWClL2l6zr7GxDdwAu452Oc7ZXQonTK+4Xp4UsrtPLpYChF65lLNykLhjH3bGMRxw5s0AEDDkD9N1RaoYmcnHDrAvhK1/QHbso5AAeOH3BTYLM9mLRCEynEhCxYBKhPFb4JgK80pcf8gSP8pSzgYz4HG2+FZiImTxPg6Bbhb+F8ABM9tPaQZKoCB7aIm+I3dM5ZY3Oglfva3O/YAJgDToqLVOD43xBwW2hNwE3cpDnNiTR+xPOshauLGBEHgvaQeH97ozlIU1HHf8hnr2NzoJmASDFpn7r2HOHvPM6hbuEggqc+dE72HssA9MFN8Rk6X9PYXGj2pZx00xv2GDuXyMknDhB8OyKKxuDxA5pd+vS8xX675kLb7yy6TuQ80nUdgN32Je1EEHjbrl4lWoFzDj5TUrz3RFM7jwVazleqih4A9IkgIBKetv5agOPLD0A+u2xr3+b2sUGzAPuU1E8I+qQsEEPw+AFOi062BwF3jNBAIlIVPFoE6QMBPPuXNNTWn8IOONFmjB3gOb4XfczQcoEiDjwalOwHBpS3ogOgUJelTFcR1wf40ri1cgrQck0iDjyRVMK7FgbAiMAyqtgnaID3Bu6UoAWbTbFngUfyNkWk5T4m+gBinLYAGgeWrbHZcorQcrGi7eloiCZworopoIgs8EASfWz0GdOvb2M853DK0KwXOFEECtHWTwASXVIXKH+jnzb6gGPDtklOHVouFizw7HfAlJHHBhxRRz6JDrbASWNj0TW9HAba9Pfft2XCA470wXPhEGX2Q5EIZBO4c4OWH0LCE3kuGCIrx2iQ/KPNH9G4P0TUARjV8XKu0MqVAyjq+uDdEYb+9Ny/zb4RdVEXargsAVoSKOG5kmY/fVsciGgTdSIxuvrLkqAlAfA8MfhtG3jaxvxWjvanTa62APbCWyI0YFLAk7bSN+Hlf4kmVT8Ow3+BWzq0YLIpLhTglZFnIKPuJY2UFVqSuNAZeTW8N2P4m5BN1K3QgkRPAc/tigj0KygmGXXXVmhw9Is9zl7n+ba8Sb66QusHVvYCJuqIyHvwbwAAAP//NbWiQQAAAAZJREFUAwDFxnKJ676/WAAAAABJRU5ErkJggg==','2025-09-10 12:21:01.476','2025-09-10 12:21:01.476',52,NULL,15,1,NULL,1),(45,'2025-09-10 00:00:00.000','72700670','KatHendrix','Sunney Hayes','123456789','Boat task','Work Carried Out*\n','data:image/png;base64,iVBORw0KGgoAAAANSUhEUgAAAEgAAAB0CAYAAAAmVXSRAAAGqklEQVR4AeydMasdRRTHV1FQUNBCsBCMYGGpvWAEP4CFgp0KfgAFRTu1UyysLMWIhY2gpZ2KH0BLC0EDKVIEkiJFIIHk/F72D+fNe3vvbt6cuXs285j/PTOzszNzfntm7t73NjcPDnV/zll3502bSTUB3TYq/5l+M2HfMZs+1QL0c0GCSPrO6gCVOqJqAbplMEjX7OV3k5JAAUt1qWwtQN+MXj9h9t1R/5slAYnldtUKX5hSpVqAiBoB+dQIXDC9alKdZQfgfTwMA3sU0Cy7/lQLEJ4SOViiBQDAARKwqJfYk4AESNWt1tYERBQhnAUCFkiA+5KCEwA/szKbOHnLrjPVBISH3/Nietvk0ydWeM4kgJY9SsBZdTTVBkTE4LkseYk6oonIUR0WSCzLVS652oCIEEDgMM6X4tjnVkk0kbfsUQIS4Igm8keVa3ipDQif5KAsdaWAs2sD33Vu2VdoOQIQUTRn0kAimogc3x44RJI2en+seT4CEI7PdYS2QCKayOs8IHH3ffB9aTkgubDf4uT+VndbEHVA8tHE+ZQBdbfVAV4jAS11hwgimsoNnA3/L+sMYGbapkhAOHwv3nBeGU0vWkfcVBJNTUFFAKrhAJCIpgcMDB9VKFt2IJoAha0xzrDvJwKQnKnlADeXSP3iE5HUBFQEIBxA3iHKZxGbOHtTc1ARgBQ5NQEJLsutKagIQHIm0u4CxU0me1SV8bMCkvOngSKC2aMAdea78ShAEctLUE6zAsWN5ZWxAXCAhIgowI2H5psIQEykNSB5zK3BU1YAmOYAKCLqT6tnbmbmpwhAjL54IpxUUbzbIUBdH/t9xuwPpkUpCtBDi2YR05hbA3p+jJdRPj9W7TYRgP6xIS+ZDpn4LQB/6WXv8fP4wBfm5CMAPWIDP21SamEBwT7DhgwYNms/LvsRn+8UVf7YznwEoOj9h/6JED7h83EDIMABEhty6TD7EDeXi+HQUQQg+q0lYOA4QIAADKAQIXzC5/jUWIAhatisp9rsrfeA/GDkJa7Kh9YTkzxNckDH+AvqjaI9bRBtsIh+37J2L5u+HsVxLRPBAAxAOMea7UxAAQi/BcDeU9T4EQAECE0Gi7hKEhP+yk5ikqdJDugYgF4o2tMG0QaL6PdHa8f9yftmEccBZ8VZ6aa1+tf0i4lz2WtesTz9S0CfynOsFG25GNSfA9Ab1mHW9LBN/HnT6yYAIZzz8nVlnnIpzgUS9ecB9JN1/reJGyoeX5GsauC2nTL5SLEkGUdiLoh5sUy+tcHfNGlPYfmQlyhLqsP6Op/3x3w9mznHEPUXAERYvmSDP2560ol1zG07deR1MieSR3SEqEMf2fkkHKMe+Xbk1ZfylB+1kxhHYi6IedHHe3acCwks9hlEXqIsqQ7r63zeH/P1sOAYon4AkI09K+lkTiSP6AhRh3CCzogE6pFvR57jWER+1VoCaI4jbPi0S+E8E92n2oA2A0bgagNSv5sBVRuQlphApbe1AQnIZkDVBiQwZ1tiwrwCWxuQXLqoTHYbBejZ7GA0/9qANrO0ogCp383Y2hG0GTBypAMSiQlbG5D2IL3dTwybp7o2IHneAYlEYRVBssXhfMWICNoMHC5nBCD6fY2XLSgCEH965kGBTexDEYAubyFy5EMEIPXdMoI0ZnUbAUibdAdU/XKtsMOICJKbm/iVRwSgP0ZCfYmNIKZMBzRBRpv0kqc0Jro6fHXEEgMQwrv0URQBCDBS+iiKAsRDC0DiYSZsWkUBEpC+xESisPqKir7ECjAqapOmnDqKopYYgBCAUkdRFCDACNA6P3IwwxlqAahH0MSF2MRnshYRxCaNJjiuuzoSkG4W101gz+wiAfmh0+5D0YD0TuZhpcpHA9IyS/uZLBpQj6A960XPKvY9aA+o/jY/AcgvsZSQ+h40cWVVHQ1I42B5oAGbSi0B8U8nU8Fhsg4Qxa6SQEtAKW8WowH5dy6fLy/UasvRgFbr+NyJRQPyUePzc+d38HbRgLyDHZCnMZFPByk6glL/RYOLHA2IMVKrNaC+xIpwSQekmP+i7+4oz51TLgH5X3/MOf/gbVovsYM7vHQC0YDu7whaejUyto+OoIxMjs25AzqG42ShAzrJ5FhNB3QMx8lCa0Dlu9rJGa2spiUgbhLRyhDsnk40IP/9zemiB3TRgPT/rzJWuuhh0tGAfmWQUXoUZizmMNGAPIUeQZ7GmNeTrmMxn2kZQfno2IxbAtLDVDZsntQS0DAMecBoph2QSEzYaEB8hTJv71g0MY31Vt8BAAD//0eLZGUAAAAGSURBVAMAclU2VhY3ipYAAAAASUVORK5CYII=','2025-09-10 12:23:47.103','2025-09-10 12:23:47.103',50,4,NULL,1,NULL,1),(46,'2025-09-10 00:00:00.000','60896030','KatHendrix','Abraham Espinoza','123456789','intenance Item Description *','Work Carried Out*\n','data:image/png;base64,iVBORw0KGgoAAAANSUhEUgAAAQYAAAB4CAYAAAAQalw5AAAPUElEQVR4Aezdu640RxUF4AMiBMmBAwIjwxsQkiCDSOABkMjAEi9AQIYEZARIIPEAhggCcidI4IzQIZmxsAQSBAQEzkx91tlS/X16em4905dZv3qfqu6urt57da1Vl56Z/7NP0//+3U5/0uzPzbIFgSDwIAhMCcM7DYPXm9m+0f580CxbEAgCD4DAlDB8+Tn+959T+z99zicJAkFgxwhMCUOF/ZeW+Xsz28/anx80yxYEgsBCCNzjtlPCUGLwWnPk7Wa1GTUYPdR+0iAQBHaGwCnCIGSjht/KNCMK1h9aNlsQCAJ7RGBKGN57DpgQyP7cn2ezGPnucz5JEAgCO0NgShiGoZpa9FOKb7cCphUtyRYEggAE9mJTwmD6IM4aMcg7RiDkmYVIowf5WBAIAjtBYEoYhNiLQO33UwqiYb0h4gCdWBDYCQLHhEGYyC8tswjZTymcJw51PmkQCAIbR+AUYRAi8kvLiINpRe07n/WGQiPpKhGIU6cjcEwYEN50gg1r7UcNzmW9AQqxILADBI4Jw0ctRuLQkhcbsfhmd1S5TCk6QJINAltFYEoYEP2NFlh9V6JlX2ymE/3IwTX5JuYLmHIgCGwLgSlhqEj+W5kD6XC9wRuKrDccACuHxxHI0XUhMCUMen/eGhVIp8yowdSiymS9oZBIGgQ2iMCUMLx1RjxEgTjUJUTFeoO0jiUNAkFgIwhMCUORur4zcSwkIwtfy65yrs+UotBIGgQ2hMCUMJgOCAXhpafY71qhvrw6WDucbasIxO/HQ+CQMOjtoWGKID3VlO+nFK7LqAEKsSCwIQQOCYM3C8Loe3/7p9hQHIhMXmGeglzKBIGVIHBIGN589g/Jn7NnJV5h9usNhCYjh7MgTOEgsBwCh4Sh1gVOXXgci8B6Qy8s6jR6GCubYxcikMuCwC0QGBMG5GVIfclUovx0fT4yXWgkDQIbQuCQMAgBsaXXmDr6xUhTCiOHa+rMtUEgCNwYgSlhuGa00Ls9XG+w1kAg+jLJB4EgsCIExoShFh4/nNFP6w0lNKYpxGHG6tdZVbwKAltFYEwYEFc8RWT5a62mFFJ1GTFEHCARCwIrRGBKGOZ2lyj0i5HWGgjE3PdJfUEgCFyJwJgwIHDZldW/uFy9tRhpZOKLVi8K5UAQCALLIjAmDHrxz93QrX4xkjgsMqW4YXypOghsHoGhMCAq+8+NI/MT9PXJyEwpbgx2qg8C5yIwFAZDfXUc+9UmZa41byqMHgiRKYX02jpzfRAIAjMgMBSGImelM9ziYBVEyMjB2w/3Iw4HC+dEEAgC90PgkDAg7T28cB+LkcTB2san6w33uHHuEQSCwGEEhsJwuOTtzpQ4+Kl66w1GD7e7W2oOAkHgKAJDYViKlMTh681b989vNzQgsgWBJREYCsOSvhAH04qIw5JPIfcOAg2Bs4WhXXPLzVsKrzGtN2Qx8pZIp+4gMIHAUBj02hPF73LKa0yLkdYbshh5F8hzkyDwKgJDYXj17DJ7xMmUQlqjh2U8yV2DwIMiMBQGZFwDFPzwhStpphRreCLxYbsIXOD5UBiqCguAlV8qJQo+AMWXD5ZyIvcNAo+IwFAYkBEOyChd2moxkj95jbn008j9HwaBoTAg4NqCtxhJILypyGLk2p5O/NklAkNhMGJgawqWP6YU3lRYjIw4rOnpxJfrEFjp1UNhWKmbT8TBm4qn9s9rTKOHls0WBILALRCYEoa1TSuIgzcV/PKmQnoLTFJnENgrAjhTpnOV19GW1f47U8KAiGsDyHTCyEEAWYxc29OJP/dAQNtHalaEluosy2rftLvMsbpWWvy2flfmmPzbU8JwjyAvuQfHrTUILuJwCYK55jQE7l9Kmy7CIzkyI7a8VHuXKsd4iMzMOpxOk+GI1LEyx3SslbqGqeOFbVEYBCFYAQIRaI7FgsCaEUBkRC/TbuWlyM6+3wJQDoERWxvX1uWlptLyjpcpyw6SvNV59rZVYRAooAACXKA6FgsCSyGA0Mz9dVjapFT7ZEiPvAypi+BSbbnMOWXUs5hNCUMFuZhzR24MPKBKTS2Af+SSnA4CFyFQXJAiu1R7K7PPqnJtEtF1XIjOat+xKrfa9JAwCIyt1vFnx/hoeGW3FFo+tncE5ouvCC0toleqTRnqEwPHpHVnZC/TDhFe6nyl8pu0Q8IApK0E5CEYOfDZQ9yK3/HzPghoFwypkZtpJxbyeiMC2hKvkBzp9fLalnyZc1VO2V3aUBgAyP61sWg9NNMJvucLVxt7eFe665kzxEduVoTXFph9YvBWu9ebzd5r5qP2SP+VljfqlEd6bWn3xG8xT25DYShAPp68ap0nqXuJg4awTi/j1bkIID3T0zPER3KE/6RVJmWOEQdlEbwnPvIz5NdOkJ9Ve2/VZOsRGAoDUPvzW8vXQ9dANKCt+b8Pf8+PQrsr0ntuhJ0Nie+cZ4vQiI3oenukZ/KOVTsgEMqe79GDX3FIGLYMpkahQRg9aEgP/ohXET7iI3SRX+9exC/yO+aZKaP9eYZIjuxI/5kWidS+Z8yIg3LKt9PZ5kLgkDDMVf8S9WgkGpS0GtoSfjzaPZGfITZBRvQiv6G+vGOeCZGAjzxDdsRnyO/5hfgQWsiGwrCQG7PflihobCrWSKsh2o9dhwDywxOuDOGr1ycAPfmV1asX+ZG+yO/5ID/T61/nVa6eFYGhMFixdYM9PKgSB41TY5WK7bHttOhhxaZ6f2RnatRe5PX0CF/kJwSOFfk9E+VjK0dgKAzl7oeV2XiqwWqoGjlx2Hg4s7sPF6bnZ3p/vX4ZzBDeCEG5sd4fvgz5nYf57I6mwvsiMBQGDYAHe1J2DbUat4YvvkczpGbIz+BQ5JfChylTeOnpET69/6O1lhbvUBjaoV1uejMNn/Ahxi6DbEEhthhrCkAA+vk/DJxT7pAAEAR4pfdvgD7qNhQGjQoWGo10T+YDLxp7kWN9sZ3mEVIzzwrJDfeZnp8RA/viVGPFrPc35y+LAEAnNopALwwam0J7mkaIp0xcyIAoiINYdW6tqWeC/EY5fEb8shIA5/kvLmJQAmAKIC9mIwBiDwNlY0FgEoExYZi8YAcniySIhnhrCIlI8QXJEZ6VAPDTcWUQmwAgO9Lr/QmAfXGxCMAanujGfRgTBo1v42FNui8+RFIIAaW3MmRnSF29PqIjvbl/GT/ebU4oozwfSwCQv4wY8N25CEADLNttEOiFYU+fYTiGFuIhmXJIKZ22w2cRmenVEbsnPgFg7mGYrwxTXo38YMj+nXagBMC+3p8AON9OZQsC90OgF4b73XUdd0I4BNSbI/MpXiE0YhMAZNfjIz5TR5FfubH63FMZ9y0RkEYAxtDKscUQ6IWhGvNePtx0CqiG40YORfb+GngwIoD0JQLyyE1Q+vLDPBFgyhICawFEICOBIVLZXx0CvTBUQ9eYV+foDR0iDoj7w3aP7zUjBEYDRgEMsQlHOzW5wU1dyhMbIsBKCCYvzskgsCYEemFYk1/n+XJ56RoR+AXfN1o1v2+G2CWSbffgNiYEBIEQEIiDF+ZEEFg7AmPCoMGv3e9L/SshMB2oqcE5QmAtQHkCYDQgjRBc+jRy3WoRGBOG1Tp7gWM1NRgKwalTgxICIsBMOSIEFzyIXLItBHph0JsaLbBtRfGqt0hPCKwP1NTAsVdLvdwTtynAr9up95sRhRIC59qhbEHgMRDohcEvQxOHeSO/T22ITwxMD6T2T4kF+YdTgx81l1lLntTzlH9B4NEQKGFAoi8+By//nF19grhGBiUGxxwuITAt8PqwRgRGCv219r229aGvLeHRx5B8ELgYgRKGiytY8EKvFAnCFHEJwY+bj0MhOGVq4Fri4PXl1D1a9dmCwL4QKGGoho8wbO1R/qo5OPZKEZmNAnoh+GUre2lM6nOt15mFUasuWxDYMwJPT0Nh2Erj92Gk/sn8r+38tVn95gIyt91ZNm8hVDQmRI7HgsDuEChh2Fpgfxo4/Pm2/7VmphfWHLymbLuzbcTBf29mTWO2SlNREFgrAiUMFtnW6uOYX94amDL8sZ003Gct++lm1POblrM20JLZNveLOMwGZypaMwIlDL2PiNXvrzFvqkAMvtucQ1hmXYFQtENPr7c/XkPOLQ5GDurMyKEBnG0JBO5zz60Kwxg6xIJQEAiioQxx8OZCfg5zD/VHHOZAM3WsFoEShi2MEk4FEXn17ETBNXp36w5zxug7EsSBuUcsCOwKgRKGXQXVghmKA1GwMDnX6EH9xIHoRBwa4Nn2hUAJA+JUZH2+jm01NXIw9PdJRnEh8j9aMATCfstevBEHaxvqjDhcDOOeLtxPLCUM+4noZSQIrHdH4r+10353AZlrBHGNQBAc9aov4tDAzbYPBB5BGOpJWZD0g6u19kAQEPpagSAORibqYnW/pEFgswiMCcPWPtNwDvhGD0hsejGnQBAdNscU5Zx4UjYI3ASBMWHwxaGb3GxFlZZAmGLIc204gjj3I9AEx+jBCERd6oytBoE4cg4CY8Kw5xHDEBtENnqwTlDnkNqUAMGZfJ07llY9vnR1rGzOB4HVIlDCUL3mah29sWOmAQSiphd1O6MG0wOfg5Dar3NjKRyJjXoIzFiZHAsCq0eghGH1jt7BQaQ2HRgTCCQ3cjCCOCYSvuHJ3Z/4EwsCW0QgwvDyqfUCYWpgBNCX6kXin+3EcCShvN+M/FY7l+0kBFJobQhEGA4/EQJhimGBskYRSN9f4efwaiTh9yaNJqRfbYVc35JsQWB7CEQYTntmSG6aUSJRIwk/EPPRoAplrTEoMziV3SCwDQTGhMFQeRveL+Ml4tdI4gvNhS81+0wzo4oyIqJcO5wtCGwPgRKGNOLrn91OMbwemNSwPQRKGPpRQhr49p5jPA4CsyJQwmARrSr224mVTxoEgsADIlDC8FoXe5/vDicbBILAoyBQwvBxF3Cf7w4nuz4E4lEQuA0CJQz9R3379Ybb3DW1BoEgsGoEShh6JyMMPRrJB4EHRIAwjAnB2LEHhCchB4HHRIAwPGbkN486NwgC20UgwrDdZxfPg8DNEIgw3AzaVBwEtosAYcgnHbf7/OJ5ELgJAoThARcab4JlKg0Cu0GAMBgx9B9qkndsN0EmkCAQBM5DgDC44g/+PNsvntMkQSAIPCgCJQzvPWj8CTsIBIERBEoYRk4tdSj3DQJBYGkExoThEf7DmaVxz/2DwKoRKGHwU2V+6FTKVu10nAsCQeC2CPwfAAD//5yfZukAAAAGSURBVAMADAqcbR/UifMAAAAASUVORK5CYII=','2025-09-10 13:34:21.064','2025-09-10 13:34:21.064',44,4,NULL,1,NULL,1),(47,'2025-09-10 00:00:00.000','39564277','KatHendrix','Yoko Little','123456789','Boat service 12','ork Carried Out*','data:image/png;base64,iVBORw0KGgoAAAANSUhEUgAAAJMAAABDCAYAAACY2zc6AAAIc0lEQVR4Aezdva9tQxgG8E1ForilgrgShVKpuIJOoiEhoZBLFFoJhUa4lQiJv0BQ0SGRUEgQCh2FHiHRKCQkFBLe385+T+ZO9l77c9bZa585mWe98/nOzDPPmZmzzr733Dhr93W5nevu+RgZaCGmKzHRPwM/BsTD9HARGGghpheCuFsCwmseHReDgRZi+rigzs7Uj7uCkFOOthDTu0HYX4EMD2Sk29NmoIWYMPa9xwLPLWw3J85AKzF9XvB2b8T7URcknEQYmEQrMb1X9flppLuggoRTDq3E9FOQ9nsgw90RuRro4YQZaCUmlP3gUeDViPfdKUg41dBSTF8uIe2LJXk960QYaCmmn5dwZGd6ZUl+zzoBBlqKaRU9/bhbxczE81uKqTzmPqp46rtTRchxJXcbTUsxlSPyKxY/4WXe0xHpggoSTimMJSac+TULmyAod6hMdztxBsYSk13pWnBVHn2E1N89BSmnEsYSU/L1TEQIK8w8uIzboeaJ/pg2Ay3FVH5aIAXEElTJmruTXarM6/EJMtBSTHcUfBBRJh11dqRME1I/7pKNCduWYhqipb4/EVc/7oYYO3zZwT2el5hM5MF4lDtWP+6CkCmH8xQT3kpB9eMOIxNGSzGVv5sjlGU02ZlcyFnljrtVdZV3HDEDLcWUAlk3fRdyd6is911Gup0WAy3FVDLho7tluo57O/76IvNSWPenMD1MiYGWYip3pps2IOWlqOOYCzNju6Bm0/pqLaYUVPnOaYghnx3PNl4V9PvTEFsblI1ZpaWYynmUb8PL/DpOSC7k8gmpfzITExNBazG5XKOCmIhDfB20KQXVj7t1jB1JeWsxfbXjPF3IQfN+f8LCBNBaTHaZpGHbHcbrgmzf70/J4hHb1mJyBwIUbHrMqQvalced+9O2PvjpGImB1mIyjdxdtrk3aQe1oN6R2XGcDIwhJj/u5+x3+aiJu5N7Ex8E2QWFiRJHEh9DTHYmO4wpu/uw24Ig+dGODxDvOCIGxhCT6aYQ3HlA3jYgRvcnVjuX+V38aNvRiIGxxGRnySk4qjK+jSUkH1nRhpBcyMU7joSBscSUO5Np73Jv0g5qQdmh5HccAQNjiclUXaRZuwqI7wLCzAs52+9Pu7DYoM2YYrKrmMI+QtIeHJspTrvTrkcnXx0HYmBMMZWfvHxsz/ETZr4hJ84L8LpgT8ZGaD6mmBxPOaWHM7KHJaj8CY+g3trDV296AAbGFJPFzyE7lggg07taPvMnvOfDiSMvzCQDPvBSwn0Q5LGJMl3HpYG/Iayrs6wcsbXPHNPlMcVkIBafBYNi9wWfLuL8mNih/PK3DvpKID/7lycOBA5eZYA/AwL/hfMS8pSXcHyDPDZRpuu4NPC3CspBOcuvMUq7gmSedAnjLdPi2sLVscUU/J2FfV4RnDlZRNyfXMgtIiIW2Rsb7VIMSAUE8VUCeQhNSCfU0+bD6DXj5khQfEf2jPAd98bqGwDsrDXunM1mcENYGIrXZdKbgF/Ivl0ZpN+MPrO9dEKeuqy6Na6NLSZExljnAckWcZ44wIOgLBafFrV0Kc+CEgkot+ClKKTlW2AwPm1K8MOvfsB8CAOx2rCPRgWEW4QknwXlYKwJPmrwDeFqHobidZn0OsydLh7qLqKDRj3jZM25xmxsMQ2Ods9Ck3xq4YMQ/JMpAiEYu4e4BQflRLKovtTwhzykaUMMQCgJaeJQhzhY7ZY6PPXMscVUf/Jy3YKu4t8OQRD1LvN10eCeiG/i3+ITAcEQBoHUYiEUwgL1w3WTMGmnY4upJsudos7LNMEQQykaO0zuNHkkKVcv262yRFCLxlFEOEREMMq7YFYxuCZ/bDFZ0HJIRPBEZBCEXQYcR79FHuGIl6IhsCgaDPr4tahBIKtEU1Tr0X0ZaC0miw9EQzD3Lxnw+5GXgnHUqHtr5K0LREMo2oDjKUVzezSWF2bGH8z6V1sGDiEmYgFisbOAHcXOkpBOwWw6o3+iIsE4dlI0BONYStHk8eSIUi+anAW/v5NnbPrugjqjpk1kGzFZFAtCLEAgeX8hGgtmNwD11N9k1P5gj0UnGOIAgrk5GrMEJC8FQ2BRtDaop52KxtJ/3YKJhhgSE0EQDZGkaAiIWED5uqFZUCIBbeCzqtEnkU7BqAfaRfbegZ8nF178dGcui2Q3h2agFJPvXuIhGOJhLb7ja1W/FgsIQF07AWHYUcqjSL6dBb6tnOm3yjpo8oPwZmxhZuZiF52d59ep9k1MCP47JohkpC/bcQjGUaQcSrGIp1iISj31w+XSUH4URYXWYtKH+5Nxi+vvl4iwYXo4FAPE9EY4q//Lmz8iz987eTts7jB2HDsLDIklmgyGuq1FhcFGexbq07gJnavb4mEXDtPDoRggpiS49HkpEo8Eng048uxa4OjzJ1JZi1HCDgd2NiCQtOIQ7mb/eixBlpdtxPlUBleinXRCOWTaeF6MOmzCPcl4zUPdKJ6Hu+bP/jgYA8T0eHiz6ziq8pgiMN/NUTQPFhIsxkORwzo2Slg0sHCQ4mNLlL/yCFfzkOUWPNvKE+dTHLSVTiiHTBuPnZZNEJrxzjtaPLzUfHkR7+ZADBATV8RDSARFWOAuVB5xyiyQ40/9Umx8bAKC3KReyzrmcF90YA5hejgUAymmIX9Eg3hic+/wEYsUG8EliA0slrosiEPG+fpmqMOBMi8yB4qvK9KPfkHfxuabwxzM6brKPbE/A5uIaagXi5KwaGCxLBwL4pBxQnSxT78W2iJDClO8hrLyRSY//GrPgjz1tBWXB/o2tuyzvb2APewrpl0pI8BlbeXDqjL5yu06QCApFHF5ytXrGJmB8xLTMdydRqb69Ls7LzGVzNYvMcuyHp8QA+clpjySWJgQZX2oqxj4HwAA//8hhAG5AAAABklEQVQDADiu5fTJwvrmAAAAAElFTkSuQmCC','2025-09-10 13:44:53.992','2025-09-10 13:44:53.992',54,4,NULL,1,NULL,1),(48,'2025-09-11 00:00:00.000','74284544','Robert Bell','John Doe','0483076722','DODO','Change filters and service engineer.\nCleaned up area when complete.\nNo issues to report','data:image/png;base64,iVBORw0KGgoAAAANSUhEUgAAABUAAABYCAYAAAAa0bwkAAAAAXNSR0IArs4c6QAAAERlWElmTU0AKgAAAAgAAYdpAAQAAAABAAAAGgAAAAAAA6ABAAMAAAABAAEAAKACAAQAAAABAAAAFaADAAQAAAABAAAAWAAAAACoeI72AAACUElEQVRYCe2YO0sDQRDHL54hCVFEg48ICoJgZSFBSzsLv4kfQ7Cw8EvY+Am0tQmCYKmdiC+IYGnhI75n4C7M/cPNJXuzgpCFYXd2dn47uze3e0kY2JQGYXZJPkkubZBBcEqgH5JXkmLBiMrAuBSG4pZhXfQB9RJp8G8i9bL8so/ll3xAKxbQEHK8ZgGtAnTKAjoK0BkL6BhAZy2gkwCds4DWARpaQCcAavKgELpiEWkNIjXZ03GAmhx9GKkJdMRHpG8+oF33vMXTv4BIWxbQc4AeWUBbAG1aQJ8Aegu6s/pBnvzpw1L38S1VtVg+BmZyRWNgX9jhsqn4mr5bQPGOaltAy7C8bwsop1OiWECfE0QjpUKcOPG5DvE7yGUe/pnDK14i2SE5IRmUwQ5Y7gDm6SbB90naJHhLUpdbeSS3+O1wI5AXntoMjAva4v7M2uJA6ZpkAO1sifOD6RCihranmMPom6pLqEwndnCOXEJxZs2GYxO65qjZEhBUNEfNhpyErjlqtgQEFc3R+UHhJPEJxfUwGnvVMdKHyJHv8lKvkKxxMtL5rMFpdoxUjsM/B6RNbWvQhurZh1Eu/7gPv8RQTBuGyoJ2aUtta8tPdcoy/Dn0PiuiNLsWaTPNKatfQosw+BD0nlUJxR9ZVz1TlIHrZJN56vzuy0jXYEL+SMtdrokgI80NZIAE7lkQ+UCWUOcTSgazBVBpc27LKM+cKeAoodNgc1KXyUtCnSDSifN0Q3QciHaupszPxVykyJkjvYnaL1TfRe3c1QIRtklWc5MiwC9uRFx7SrAwGQAAAABJRU5ErkJggg==','2025-09-10 23:13:50.981','2025-09-10 23:13:50.981',55,2,NULL,1,NULL,1),(49,'2025-09-19 00:00:00.000','53875742','Ben Croft','Jez Batten','0455284323','INvestigate stereo not turning on','Checked for voltage. Confirmed okay. Unplugged power loom and left for ten seconds before plugging back in. Tested okay. ','data:image/png;base64,iVBORw0KGgoAAAANSUhEUgAAAQUAAABPCAYAAADiItAvAAAAAXNSR0IArs4c6QAAAERlWElmTU0AKgAAAAgAAYdpAAQAAAABAAAAGgAAAAAAA6ABAAMAAAABAAEAAKACAAQAAAABAAABBaADAAQAAAABAAAATwAAAACCu+r4AAARgElEQVR4Ae1cC/BewxVPvcUzEm+RR70JImI8ikHoaFEkHZpkUFUUKfFqtGhLvZ+ptrRF0Bal2in1bEtTWo8Zo6Tq2SZoJ4ggFeIR2t/PfMccx97v7v+79+539357Zs5/z57dPa/du3d3737/fv0SuCLwKTAXcRUkXopAikBzIrA6XJkMfBz4P4XzQN+n8rpM6H87yl8FbztgghSBFIFIIrA27DwS+FugPNxVpAsh/2zgksAEKQIpAjWLwADYcxewioffR+aF0M2tR4IUgWgj0I0BvDSidUorYqcjXVBC9FaEDK4IduiDrMdQ917gM8BHgfOAfOvPB74P5JnCUsCBwOWA6wM3B34euDIwC+aiYFBWYeKnCKQIfDICB4Elb90DPlncJ85KqM23s8hzpYehfBPgYsAygduFY4EundPKVJRkpQg0PQK3wUF5kLbt0Nkd0e55JUfkSXooykKtghaFrhsctmwBXoIUgRQBjwjIg8u03TLcJep4MHV7TfMsYYSrUSDeUQ7b0uFjoOAnNfFGoL95cHw9GWna6cmA5xOr+AqquN5UYydXEL0AG8LJD4DsF27XEqQIeEdgCmrqB9qn4WTTRtpz8HHpXidYAsaIfZIOqJOBFdiygsPnCtQkkU2NgDwoTF/OcZJnAj8E6jakt8lp1+3iI4zN07ttUMX6bf8wnyBFwDsCegCd3KbV4iizE8KpberXrUj72eSH5CQE3vp6Qd06I9lT3wisYwbQ6AxTuUL4h6r7HmjeD4gJ3oWx+mFZNibjPW3lHQ7to9DDPdunaikC/a5CDGTgMF0tIyb2dwYx7skPNL4WvY+REaqust8xPkrfdtWopDyuCDxiBhFvCVrQdxg4yHiIFSPwa4g8JEyvjNGJNjZvZPwTX29q0yYVpQh8LAKuU3nyNIxDRgYXU/6qMWaYC+O1PzH7Ym3Xfmn6RFsx5VMEsiKQ99mKqwY9uEZmCYqIb88VYtwGucK9q+mrV1p53lNoQr+5fE68CiIwCjL1Q09awxPISDl/y9AEuAxOiE9Mv9IEp4xP2j/SWedEDXE9uVFmBPaHMDuARD5//6DLhB97urfx69bYHYL9Y41Pd5p8qN+bNCCU9XUh1L8cy1o681PdX1R41lJ07OSOxoGXTD62LB/4XxmjJ5o8J/cEKQJeEeCVZL0akMHzc8Uf7yUpjkqun1TznkbMsDuM1314O/LDDC9m/5LtgSPwRTN4OLh2VLybA9tThTrewjxG+aQfoD9VoTCwTO0PaZ4fHAzU/MAmJXUxR2APM3i4lJbB9BxobiNiBU4G3wfy9F18smns/4mJl6+0TzOQJ9wCFP7UDznpT4qAZwQmoJ4MHqb8d2eS55eJGGExGH0NUPzISteP0TllM3+Jqn3jtfM1W+Wav5Vqk8gUgdwIHIcaegAJfWZuy/pV4EPyiwx/xC+mTfkEOcX4eiPyAtpfxiVBioB3BKahph5AQnsLqEnFfTL8EH/4y85Yr2a7QswvDuKbpPyHKoTlgcJjmiBFoE8R0INH6Jg+P+4Ab/npVGy36VsoG9iniMRR2fXv78TysSAkDhcJM6UpAj4R4MMig0fS03wa1qDOZg7bxQdJh9bAzqpMEB8l3VUpugQ0+QuBGyh+IuONwHCYvnQI8y+FEhlUkobQW0THYIfNYvtMlPHNaH/QVURfHduuAaPEZ0m1ncJjms4TdGTio/kFbRKQfXlqCPP14CEtJ9chdIsO/kOQrL1+f5QNBR4C/DPQ2qvzu6G8V+B6OKp9v1g5zlhK2XzFT2R8EdgaJv8TyP7kp3X+7L9S4HJEBg9TntqHhuOgUNvQCX0dZPDQrZfAxkn7r29snttLQWmQr3w53w9kP/Mf5vA3SEHgbWjRgyuIUqNE6+8r/ThkcRnda7AIHNaxetgEQJfFfg/DuNb4LFfN5wClD38DOsg5AiPLfaYoZvo8mV0AWRppW3xpfoLsReBFJB2j9UwQdJkpStkaR8B+Ut8rtK32gJFfIboB1PsyUA/kvtB/Q9tlumF4F3VeqeJ1n7FjT1U2z5SlbD0jMAxm8bO5jPvpoLsypsUAprOBdQNeU94UeBZwDlDba+k3UX4+kP8hqunAswPt/37G4VdV+ZamrEiW91b2B44D8rCLW5hegRXh6DQgP+/KypYvI/5mqAjwN0W3AXV/blNEYJG2ZxtDYvh/i9xr8fRVBzCLHlUkODVv+zkTA/1jNe49dUw6dWUIGk4GXgN8BKhlavpplI0BNhU4AZ8O1D676L7u+V1yufrji7ArwFleO8YTztiAb0Dtg4ueEJtTnvZaX3Uz/TuIU3SBB81V1g1AK983P8hDRyxVBsBQToq+vrOeL7j+TcHGvo2rqmcd5SQRK3D1cBjQ+sT8e0Bef24aaF+/p5yz2wrfy1t8mH1XYFq3i475ktRKiMN5QJdfwvsyyrlSu9tRj18M2sFIFIocSY9p1yBUGfeEYhDTy0IpDqBnF+Ob+MnObgpsBkfEL6acFAU4AUoZB3ce8Dv4U0Bp40ofRDkn3e2BqwJ5jsCzBU5GrvqXgx8TLAljLwS6fHm/xb8W6bpACzuBYdstYyshz0l3jqk7E3lXXbDDgn2T0CH7KSusReVr46Dld13dWbPLV9M1iUcb37QhD7TK3kDabvXHfWvWNmEGynYD+sI0VNSxJs0Hre7AyXUW0Nou+ddRNgbYH9gOpL6kU1VlxnkaUMok3UDV6Tp5lTHwla5bVI0BnIGlAyTlrN4E0IdevOUmoM9YbhGmI10bPImJTn8JfruJxCHqI5aWQ/rYj0rqRXCy4vLf2qvz30J5Xya1OxzywOq3t4N/MAvqBHRUO0/68DoZWLItEx3+lqyiK+K43ZN+vE5ZIDymWW/6b6q2uv5nlJxOSLs0nt2JkIra8IdEHOevAbXPmj4PZTxY7AS+g0Zalou+HnWW6ER41W14HdgazOVNk8H6y+1T7DATDohfvHxG2BooPKYWRoChyzWtP2fadr55rky0zAW+DVFvc+DDqj2/mPTlTY3qThgPrrZJaDkn4KEgV01F4WYIENk25UF3ba/gr+ww/LGi0Yigve2kTpfHdXJV+3RUyzDN+3GLxwnwC0AeFOpyoX/WqldG8qzRkfejOr6VTzRtxC5Jxbe+2Me7NnNz5I5DeVkvQ8ZY7LUpJ+pawyOwzho9vNYWl2PcLOP3wHLEdlWK7kfeZBxrfORJ948MT7chzZVDmTADwrQOvv1d8Fkw/wDUddvReZOL6BjtIfMQ1Cl7pXiyQ+/5FeiByHJhMMS5Al+ulnpK035zKRc72DfTcXBI+/iByesy0rw0UwW8DaGi6y2jgPcWvqrKpZ5vym1AFuyMgjw5XC2VDfzCNQlodUdzRmeXdnQk+C+vyu6VHHnstIVA22k5zUov5p6VS9oywfqUl38Byrcr0wAji1sBbcN0VZ61r9f1SV8LZKzWBL4ItOVgfQzGIGfr2Pz2H2tRXmYIRGVtUcpeiZRntZK0CWgbLOabCtwrTgS6fD4yoNNbGRvuLFG3y7cs3gEl6s0SdZPxlW/LYYbnso9nH9sCXWDrb4RKnOgPBL4BtOU6vy7KqwDqp29al6ZPrUJpFTJfcTjRyQFOFbaVKZMP4R8dvupO4zI2BEyAEq1X6LLe1utkyBc9TO8GhvgE5nr4n8yx7xSUc/JuB/aGIe9QaP8sfQfKeTelKtgYgp8GWr06H8UqgXspbbTQURif07sroNzup8U/V8qvLyGAd+Jd+sm7uEQD9s3QczX4ZXzO8zU1y1cX/woI5dvWBx5CJZcMy+P9gsV9BHZYh1sj9ps+M/kr8taOgR3KD9qMs6YY/o6izwhqRTnKOMh5QMYluPjkm04uxwQvKUNy7Ctrebm80XOrl3XlV9rC2NGuT/hw+cLBqNhO1nMo53iocuW3HORfp+zg4SlXK9ya8A6Gtm8z5KOAmbBSDJ+j6JBvkU4CtRQacZ95JPBG4Ayg+OGbfhttBgNDAt9WefbxGnIZcDmEaF3d6lNuQ7UdLprnO74wFBXnA11yhLePr7AO63ElY7cu1M3xyBX260CxhSlXhlHA8bBSGy70lJpYz/3kBsAjgI8Cxb4i6WzIGQHsFnwXivPs55anKBwNAVpPWecUndjFLZm2RdM83/E901ijjRyRGeLA9GsZdkiMTzDlk5CPAobASgkkUz3zshNDAN9cqwA/DeTD/yUgl85882vbitDPQNZJwFA+QVUmcGns40umAM8C+yWJ12u7DXxg/gUU/3mI6HtuwPEh7bJSbhWqhlFQkKV/UEs5txO2TtV2lSbfGi75e0vTkC1oTxSJvqLp9ZC1M3A1YJUHSRBfGG6HhDx/6UsRcG1PuL+NEfjCyIsXy1+o2Ln+bey4wei29nIiiQJ+Byu18e+p/C4BPOjr/p+fS28Bclm2MTDvMxWq1A583nb3FLSae1ndr6QfLiizG81XhFJ7SGf9kvzhFRuYdZeF+scb3TzHELskNVXqmV3fYbg4wDQEXAAlWmcnNLcFPPsYFsLgEnTcAxnt/HwR5XwYioBenouuZYsIDNyW28n7gGJ7u3T/im1bNMeO1Y3+4Y763EpEATbQM2G18J4M6MEZSq/oL5ryoRgH5N69bpDn26oFDf4B2lsdkwrKDNn8UIf92p+5KD8N6HsoWcT2TdvY8ibK7DaVX7CeNW0OQj4KOBFW6kBbuht7z0Vg01DgAcBrgC8BrV2d5nl55H4gD9q4ZboNeA/wCeB/gQuB7wLnAdmpPAn/KZB1HgW69LIdy11lLzv4r4H3voOv2xddIbg++dGvmEDHQ9Pz4cTogI58A7q0fk3z+bHg2hZeYivVNe9aDtF47XTdbOeMzKAfBrwUqG1tAv0T+MR+KQJcGbliYd9mRXSEaGt94Bt5RAjFLR2MV7uzLtcLcz+0sXafHNDmwqp4Sm8duFzxOEBjgZVh6EHA/wCtTzr/QU65riu0PnQVXlXp0rCvCExAY5dtReUWsanTtluiIVdV7NP1OhXSYTt+uXLFUXicMDTwHomU6ZSXmWoHPH12Afdh75iCfZH/teLxkCe2Jacy/8NbZPSBB2v8hLQUkEvPZYD8YsGO52HQWkDy+CZ6qoXPIeUNtAXAV4GMI+vwLc7YyUPGrQ6/fLwNpHzK5ATFMwwODvKp63CgHkiPIc9V2ZlA1teQ1We6jqUp+yHg5rYA+YFA+pDALwJbodqDGVXPBZ/bCQ28FHaxZrToi5Ae6+DXlnUOLNMzGumJindXbS1vlmF7qpjr/tgNfE4OnMxGArcHjgHuBBwG5ATEiYlltwJ1W00XPZuA6J6CI+Ctjp+mR5tIbIH8Axn1x5u6tc/yzaadJc2lGmdH4fPtkiBMBCTmZaZccq8UxvzGaJkKT7L6gKtEAa78surx/kyUE/FZDqd2V7zzQCcIF4E1oSprkHXKHxrO/EZomgUvXLHm1y+BbUC46pD3e+AmUjG2lHvg54HauXVNftXYnGqAvYNMH+j+6SvNQ68EfhHg85AV371QxlX1FOBrberti7KoYQ9Yr4NwO/JfV7wrovYufuPHqr7Q/dTuq8kstLkUuAowgX8EsiaEJyGCE4KOv4uejjo824kerHM8qNK8NLDq0cU80+FhI896+LbSwLMC9tsQYNE7DVpur9Guw3b9LLjoBQjStcDlmhIsnpZqR99AXn+Df6EpjiY/UgQ8IqCfBR/6UMi0E7SHmnpXeR3maed5RVPn+T0/QYpAL0SAKyw99tvRJ6AuPw83DvIOsqK6itm43kkOdSMC7SaCSTBocDeMCqmTB4g6CI+bfEhbkq4UgTpEYBSMmAOU5+Im0LyR2jMgjtt0HiLAW3MJUgR6NQKN3BrkdeZwVLCTgeR5ISNBikCKQI9F4Gr4K5OATk/vsTgkd1MEUgRaEdATgdBPo4yXNxKkCKQI9GAEZCLQ6YAejENyOUUgRaAVAZ6q6glhnRSZFIEUgd6OwBJwn3fj/w7csLdDkbxPEUgR+D+ZvtoPpsL1nQAAAABJRU5ErkJggg==','2025-09-18 23:56:43.870','2025-09-18 23:56:43.870',56,3,NULL,1,NULL,1);
/*!40000 ALTER TABLE `JobServiceSheet` ENABLE KEYS */;
UNLOCK TABLES;

--
-- Table structure for table `JobTimerLog`
--

DROP TABLE IF EXISTS `JobTimerLog`;
/*!40101 SET @saved_cs_client     = @@character_set_client */;
/*!50503 SET character_set_client = utf8mb4 */;
CREATE TABLE `JobTimerLog` (
  `id` int NOT NULL AUTO_INCREMENT,
  `taskId` int NOT NULL,
  `type` enum('START','PAUSE','RESUME','COMPLETE') COLLATE utf8mb4_unicode_ci NOT NULL,
  `timestamp` datetime(3) NOT NULL DEFAULT CURRENT_TIMESTAMP(3),
  PRIMARY KEY (`id`),
  KEY `JobTimerLog_taskId_fkey` (`taskId`),
  CONSTRAINT `JobTimerLog_taskId_fkey` FOREIGN KEY (`taskId`) REFERENCES `Task` (`id`) ON DELETE CASCADE ON UPDATE CASCADE
) ENGINE=InnoDB AUTO_INCREMENT=21 DEFAULT CHARSET=utf8mb4 COLLATE=utf8mb4_unicode_ci;
/*!40101 SET character_set_client = @saved_cs_client */;

--
-- Dumping data for table `JobTimerLog`
--

LOCK TABLES `JobTimerLog` WRITE;
/*!40000 ALTER TABLE `JobTimerLog` DISABLE KEYS */;
INSERT INTO `JobTimerLog` VALUES (1,50,'START','2025-09-10 12:14:53.842'),(2,50,'PAUSE','2025-09-10 12:22:11.986'),(3,50,'RESUME','2025-09-10 12:23:07.100'),(4,50,'PAUSE','2025-09-10 12:23:11.538'),(5,50,'RESUME','2025-09-10 12:23:28.378'),(6,50,'COMPLETE','2025-09-10 12:23:47.308'),(7,44,'START','2025-09-10 13:30:01.499'),(8,44,'PAUSE','2025-09-10 13:30:26.098'),(9,44,'RESUME','2025-09-10 13:30:51.459'),(10,44,'PAUSE','2025-09-10 13:31:15.681'),(11,44,'RESUME','2025-09-10 13:31:38.413'),(12,44,'PAUSE','2025-09-10 13:32:27.387'),(13,44,'RESUME','2025-09-10 13:33:23.895'),(14,44,'COMPLETE','2025-09-10 13:34:21.290'),(15,54,'START','2025-09-10 13:44:32.582'),(16,54,'COMPLETE','2025-09-10 13:44:54.198'),(17,55,'START','2025-09-10 23:12:01.561'),(18,55,'COMPLETE','2025-09-10 23:13:51.058'),(19,56,'START','2025-09-18 23:55:31.415'),(20,56,'COMPLETE','2025-09-18 23:56:43.984');
/*!40000 ALTER TABLE `JobTimerLog` ENABLE KEYS */;
UNLOCK TABLES;

--
-- Table structure for table `Material`
--

DROP TABLE IF EXISTS `Material`;
/*!40101 SET @saved_cs_client     = @@character_set_client */;
/*!50503 SET character_set_client = utf8mb4 */;
CREATE TABLE `Material` (
  `id` int NOT NULL AUTO_INCREMENT,
  `materialName` varchar(191) CHARACTER SET utf8mb4 COLLATE utf8mb4_unicode_ci DEFAULT NULL,
  `unitsUsed` double NOT NULL,
  `pricePerUnit` double DEFAULT NULL,
  `totalPrice` double NOT NULL,
  `createdAt` datetime(3) NOT NULL DEFAULT CURRENT_TIMESTAMP(3),
  `updatedAt` datetime(3) NOT NULL,
  `jobServiceSheetId` int NOT NULL,
  PRIMARY KEY (`id`),
  KEY `Material_jobServiceSheetId_fkey` (`jobServiceSheetId`),
  CONSTRAINT `Material_jobServiceSheetId_fkey` FOREIGN KEY (`jobServiceSheetId`) REFERENCES `JobServiceSheet` (`id`) ON DELETE CASCADE ON UPDATE CASCADE
) ENGINE=InnoDB AUTO_INCREMENT=86 DEFAULT CHARSET=utf8mb4 COLLATE=utf8mb4_unicode_ci;
/*!40101 SET character_set_client = @saved_cs_client */;

--
-- Dumping data for table `Material`
--

LOCK TABLES `Material` WRITE;
/*!40000 ALTER TABLE `Material` DISABLE KEYS */;
INSERT INTO `Material` VALUES (1,'Cleaner',4,100,400,'2025-04-01 02:30:10.081','2025-04-01 02:30:10.081',1),(2,'Time',12,110,1320,'2025-04-01 02:30:10.081','2025-04-01 02:30:10.081',1),(3,'A',1,1,1,'2025-04-01 11:59:10.613','2025-04-01 11:59:10.613',2),(4,'A',1,1,1,'2025-04-01 12:09:05.997','2025-04-01 12:09:05.997',3),(5,'das',1,1,1,'2025-04-03 18:22:24.799','2025-04-03 18:22:24.799',4),(6,'A',1,1,1,'2025-04-04 04:45:41.600','2025-04-04 04:45:41.600',5),(7,'AA',1,1,1,'2025-04-04 12:38:11.082','2025-04-04 12:38:11.082',6),(8,'AA',1,1,1,'2025-04-04 12:59:22.092','2025-04-04 12:59:22.092',7),(9,'sad',1,1,1,'2025-04-04 14:22:11.342','2025-04-04 14:22:11.342',8),(10,'time',1,1,1,'2025-04-08 06:04:37.485','2025-04-08 06:04:37.485',9),(11,'extra time',1,100,100,'2025-04-08 06:16:17.881','2025-04-08 06:16:17.881',10),(12,'ee',1,13,13,'2025-04-15 18:31:24.669','2025-04-15 18:31:24.669',11),(13,'AA',1,10,10,'2025-04-17 12:28:55.462','2025-04-17 12:28:55.462',12),(14,'Time',8,110,880,'2025-04-23 04:28:25.189','2025-04-23 04:28:25.189',13),(15,'Product',1,150,150,'2025-04-23 04:28:25.189','2025-04-23 04:28:25.189',13),(16,'Cleaner',1,110,110,'2025-04-29 05:11:08.117','2025-04-29 05:11:08.117',14),(17,'Time',9,112,1008,'2025-04-29 05:11:08.117','2025-04-29 05:11:08.117',14),(18,'oil filter',4,120,480,'2025-04-29 05:14:00.330','2025-04-29 05:14:00.330',15),(19,'oil',12,110,1320,'2025-04-29 05:14:00.330','2025-04-29 05:14:00.330',15),(20,'Speedometer',1,300,300,'2025-04-30 12:08:38.972','2025-04-30 12:08:38.972',16),(21,'Cables',1,40,40,'2025-04-30 12:08:38.972','2025-04-30 12:08:38.972',16),(22,'Time',8,110,880,'2025-05-13 02:34:48.244','2025-05-13 02:34:48.244',17),(23,'Cleaner',3,35,105,'2025-05-13 02:34:48.244','2025-05-13 02:34:48.244',17),(24,'Brush',1,30,30,'2025-05-13 02:34:48.244','2025-05-13 02:34:48.244',17),(25,'Polish',3,25,75,'2025-05-13 02:34:48.244','2025-05-13 02:34:48.244',17),(26,'Time',3,110,330,'2025-05-13 02:36:09.769','2025-05-13 02:36:09.769',18),(27,'Seals',2,35,70,'2025-05-13 02:36:09.769','2025-05-13 02:36:09.769',18),(28,'Time',6,110,660,'2025-05-13 02:37:52.210','2025-05-13 02:37:52.210',19),(29,'Oil',3,135,405,'2025-05-13 02:37:52.210','2025-05-13 02:37:52.210',19),(30,'Oil filter',2,75,150,'2025-05-13 02:37:52.210','2025-05-13 02:37:52.210',19),(31,'Seals',4,45,180,'2025-05-13 02:37:52.210','2025-05-13 02:37:52.210',19),(32,'Grease',3,35,105,'2025-05-13 02:37:52.210','2025-05-13 02:37:52.210',19),(33,'Time ',3,110,330,'2025-05-15 01:23:15.744','2025-05-15 01:23:15.744',20),(34,'Sump plug',1,50,50,'2025-05-15 01:23:15.744','2025-05-15 01:23:15.744',20),(35,'Oil',3,100,300,'2025-05-15 01:23:15.744','2025-05-15 01:23:15.744',20),(36,'Sealant',1,10,10,'2025-05-15 01:23:15.744','2025-05-15 01:23:15.744',20),(37,'1',1,15,15,'2025-05-15 07:44:16.853','2025-05-15 07:44:16.853',21),(38,'Sealant, acetone and rags',1,15,15,'2025-05-15 07:45:29.942','2025-05-15 07:45:29.942',22),(39,'A',1,1,1,'2025-06-10 04:53:50.410','2025-06-10 04:53:50.410',23),(40,'Engine',1,100,100,'2025-06-10 08:18:44.727','2025-06-10 08:18:44.727',24),(41,'Oil',2,100,200,'2025-06-10 08:18:44.727','2025-06-10 08:18:44.727',24),(42,'Oil',1,100,100,'2025-06-10 09:18:13.958','2025-06-10 09:18:13.958',25),(43,'Engine',1,100,100,'2025-06-10 09:21:03.465','2025-06-10 09:21:03.465',26),(44,'Engine',11,111,1221,'2025-06-10 09:27:07.662','2025-06-10 09:27:07.662',27),(45,'Material',14,183.83,2573.62,'2025-06-10 13:22:25.979','2025-06-10 13:22:25.979',28),(46,'Sponge',1,5,5,'2025-06-11 22:33:25.116','2025-06-11 22:33:25.116',29),(47,'Mop',1,7,7,'2025-06-11 22:33:25.116','2025-06-11 22:33:25.116',29),(48,'Cleaner',1,60,60,'2025-06-11 22:33:25.116','2025-06-11 22:33:25.116',29),(49,'Time',8,110,880,'2025-06-11 22:33:25.116','2025-06-11 22:33:25.116',29),(50,'Hull Clean',1,10,10,'2025-07-07 12:04:08.176','2025-07-07 12:04:08.176',30),(51,'Engine Oil',10,20,200,'2025-07-09 09:37:35.596','2025-07-09 09:37:35.596',31),(52,'Machine Oil',14,10,140,'2025-07-09 09:37:35.596','2025-07-09 09:37:35.596',31),(53,'Material',12,75,900,'2025-07-09 10:30:09.671','2025-07-09 10:30:09.671',32),(54,'AA',1,1,1,'2025-07-23 17:30:07.521','2025-07-23 17:30:07.521',33),(55,'AA',1,1,1,'2025-07-24 05:30:29.909','2025-07-24 05:30:29.909',34),(56,'AA',1,1,1,'2025-07-29 04:36:33.620','2025-07-29 04:36:33.620',35),(57,'AA',1,1,1,'2025-07-29 04:56:18.988','2025-07-29 04:56:18.988',36),(58,'AA',1,1,1,'2025-07-29 07:07:13.322','2025-07-29 07:07:13.322',37),(59,'AA',1,1,1,'2025-07-29 07:17:01.871','2025-07-29 07:17:01.871',38),(60,'A',1,1,1,'2025-07-29 07:22:24.825','2025-07-29 07:22:24.825',39),(62,'AA',1,1,1,'2025-07-29 08:23:27.893','2025-07-29 08:23:27.893',41),(63,'10',11,12,132,'2025-08-11 08:39:02.234','2025-08-11 08:39:02.234',42),(64,'Boogs',1,100,100,'2025-08-26 00:35:17.954','2025-08-26 00:35:17.954',43),(65,'Time',1,50,50,'2025-08-26 00:35:17.954','2025-08-26 00:35:17.954',43),(66,'Danger money',3,10,30,'2025-08-26 00:35:17.954','2025-08-26 00:35:17.954',43),(67,'A',10,12,120,'2025-09-10 12:07:22.118','2025-09-10 12:07:22.118',40),(68,'B',20,10,200,'2025-09-10 12:07:22.118','2025-09-10 12:07:22.118',40),(69,'Materials',9,1845,16605,'2025-09-10 12:21:01.503','2025-09-10 12:21:01.503',44),(70,'Material',14,123,1722,'2025-09-10 12:23:47.113','2025-09-10 12:23:47.113',45),(73,'Material',10,100,1000,'2025-09-10 13:36:52.146','2025-09-10 13:36:52.146',46),(74,'Material 2',5,100,500,'2025-09-10 13:36:52.146','2025-09-10 13:36:52.146',46),(75,'material',1,1,1,'2025-09-10 13:44:54.005','2025-09-10 13:44:54.005',47),(82,'Oil filter',2,100,200,'2025-09-10 23:15:51.242','2025-09-10 23:15:51.242',48),(83,'Oil filter 2',2,1114.35,2228.7,'2025-09-10 23:15:51.242','2025-09-10 23:15:51.242',48),(84,'Oil 10L',3,40.25,120.75,'2025-09-10 23:15:51.242','2025-09-10 23:15:51.242',48),(85,'0',1,1,1,'2025-09-18 23:56:43.896','2025-09-18 23:56:43.896',49);
/*!40000 ALTER TABLE `Material` ENABLE KEYS */;
UNLOCK TABLES;

--
-- Table structure for table `Notification`
--

DROP TABLE IF EXISTS `Notification`;
/*!40101 SET @saved_cs_client     = @@character_set_client */;
/*!50503 SET character_set_client = utf8mb4 */;
CREATE TABLE `Notification` (
  `id` int NOT NULL AUTO_INCREMENT,
  `byStaffId` int DEFAULT NULL,
  `toUserId` int NOT NULL,
  `taskId` int NOT NULL,
  `isRead` tinyint(1) NOT NULL DEFAULT '0',
  `content` varchar(191) CHARACTER SET utf8mb4 COLLATE utf8mb4_unicode_ci DEFAULT NULL,
  `type` varchar(191) CHARACTER SET utf8mb4 COLLATE utf8mb4_unicode_ci DEFAULT NULL,
  `data` json DEFAULT NULL,
  `createdAt` datetime(3) NOT NULL DEFAULT CURRENT_TIMESTAMP(3),
  `updatedAt` datetime(3) NOT NULL,
  PRIMARY KEY (`id`),
  KEY `Notification_byStaffId_fkey` (`byStaffId`),
  KEY `Notification_taskId_fkey` (`taskId`),
  CONSTRAINT `Notification_byStaffId_fkey` FOREIGN KEY (`byStaffId`) REFERENCES `Staff_Member` (`id`) ON DELETE CASCADE ON UPDATE CASCADE,
  CONSTRAINT `Notification_taskId_fkey` FOREIGN KEY (`taskId`) REFERENCES `Task` (`id`) ON DELETE CASCADE ON UPDATE CASCADE
) ENGINE=InnoDB AUTO_INCREMENT=43 DEFAULT CHARSET=utf8mb4 COLLATE=utf8mb4_unicode_ci;
/*!40101 SET character_set_client = @saved_cs_client */;

--
-- Dumping data for table `Notification`
--

LOCK TABLES `Notification` WRITE;
/*!40000 ALTER TABLE `Notification` DISABLE KEYS */;
INSERT INTO `Notification` VALUES (1,1,1,1,0,'Staff 1 completed a Task','task','{}','2025-04-01 02:30:41.885','2025-04-01 02:30:41.885'),(2,1,1,2,0,'Staff 1 completed a Task','task','{}','2025-04-01 11:59:57.658','2025-04-01 11:59:57.658'),(3,1,1,4,0,'Staff 1 completed a Task','task','{}','2025-04-03 18:22:47.444','2025-04-03 18:22:47.444'),(4,1,1,5,0,'Staff 1 completed a Task','task','{}','2025-04-04 04:46:05.939','2025-04-04 04:46:05.939'),(5,1,1,3,0,'Staff 1 completed a Task','task','{}','2025-04-04 10:29:43.542','2025-04-04 10:29:43.542'),(6,1,1,7,0,'Staff 1 completed a Task','task','{}','2025-04-04 12:59:53.885','2025-04-04 12:59:53.885'),(7,1,1,8,0,'Staff 1 completed a Task','task','{}','2025-04-04 14:23:01.635','2025-04-04 14:23:01.635'),(8,1,1,10,0,'Staff 1 completed a Task','task','{}','2025-04-08 06:05:09.157','2025-04-08 06:05:09.157'),(9,1,1,9,0,'Staff 1 completed a Task','task','{}','2025-04-08 06:17:09.556','2025-04-08 06:17:09.556'),(10,1,1,11,0,'Staff 1 completed a Task','task','{}','2025-04-15 18:31:57.948','2025-04-15 18:31:57.948'),(11,1,1,12,0,'Staff 1 completed a Task','task','{}','2025-04-17 12:29:31.788','2025-04-17 12:29:31.788'),(12,1,1,13,0,'Staff 1 completed a Task','task','{}','2025-04-23 04:28:42.587','2025-04-23 04:28:42.587'),(13,2,7,14,0,'Robert Bell completed a Task','task','{}','2025-04-29 05:13:13.336','2025-04-29 05:13:13.336'),(14,2,7,15,0,'Robert Bell completed a Task','task','{}','2025-04-29 05:14:35.692','2025-04-29 05:14:35.692'),(15,1,1,16,0,'Staff 1 completed a Task','task','{}','2025-04-30 12:09:56.812','2025-04-30 12:09:56.812'),(16,2,7,20,0,'Robert Bell completed a Task','task','{}','2025-05-13 02:35:30.644','2025-05-13 02:35:30.644'),(17,2,7,21,0,'Robert Bell completed a Task','task','{}','2025-05-13 02:36:42.642','2025-05-13 02:36:42.642'),(18,2,7,18,0,'Robert Bell completed a Task','task','{}','2025-05-13 02:38:31.079','2025-05-13 02:38:31.079'),(19,2,7,19,0,'Robert Bell completed a Task','task','{}','2025-05-15 01:24:59.106','2025-05-15 01:24:59.106'),(20,3,9,23,0,'Ben Croft completed a Task','task','{}','2025-05-15 07:48:15.348','2025-05-15 07:48:15.348'),(21,3,9,22,0,'Ben Croft completed a Task','task','{}','2025-05-15 07:48:43.759','2025-05-15 07:48:43.759'),(22,1,1,26,0,'Staff 1 completed a Task','task','{}','2025-06-10 04:54:13.662','2025-06-10 04:54:13.662'),(23,4,6,27,0,'KatHendrix completed a Task','task','{}','2025-06-10 08:19:58.571','2025-06-10 08:19:58.571'),(24,4,6,28,0,'KatHendrix completed a Task','task','{}','2025-06-10 09:18:29.624','2025-06-10 09:18:29.624'),(25,4,6,29,0,'KatHendrix completed a Task','task','{}','2025-06-10 09:21:16.782','2025-06-10 09:21:16.782'),(26,2,7,17,0,'Robert Bell completed a Task','task','{}','2025-06-11 22:33:55.016','2025-06-11 22:33:55.016'),(27,4,6,33,0,'KatHendrix completed a Task','task','{}','2025-07-09 09:38:45.668','2025-07-09 09:38:45.668'),(28,1,1,35,0,'Staff 1 completed a Task','task','{}','2025-07-23 17:31:00.961','2025-07-23 17:31:00.961'),(29,1,1,36,0,'Staff 1 completed a Task','task','{}','2025-07-24 05:31:08.577','2025-07-24 05:31:08.577'),(30,4,6,32,0,'KatHendrix completed a Task','task','{}','2025-07-28 10:27:09.172','2025-07-28 10:27:09.172'),(31,1,1,37,0,'Staff 1 completed a Task','task','{}','2025-07-29 04:37:27.476','2025-07-29 04:37:27.476'),(32,1,1,38,0,'Staff 1 completed a Task','task','{}','2025-07-29 04:57:10.424','2025-07-29 04:57:10.424'),(33,1,1,39,0,'Staff 1 completed a Task','task','{}','2025-07-29 07:08:38.937','2025-07-29 07:08:38.937'),(34,1,1,40,0,'Staff 1 completed a Task','task','{}','2025-07-29 07:17:22.582','2025-07-29 07:17:22.582'),(35,1,1,41,0,'Staff 1 completed a Task','task','{}','2025-07-29 07:22:40.305','2025-07-29 07:22:40.305'),(36,4,6,43,0,'KatHendrix completed a Task','task','{}','2025-07-29 08:31:41.043','2025-07-29 08:31:41.043'),(37,4,6,42,0,'KatHendrix completed a Task','task','{}','2025-08-20 05:54:15.358','2025-08-20 05:54:15.358'),(38,4,6,50,0,'KatHendrix completed a Task','task','{}','2025-09-10 12:24:11.513','2025-09-10 12:24:11.513'),(39,4,6,44,0,'KatHendrix completed a Task','task','{}','2025-09-10 13:34:48.331','2025-09-10 13:34:48.331'),(40,4,6,54,0,'KatHendrix completed a Task','task','{}','2025-09-10 13:45:18.960','2025-09-10 13:45:18.960'),(41,2,7,55,0,'Robert Bell completed a Task','task','{}','2025-09-10 23:14:43.172','2025-09-10 23:14:43.172'),(42,3,9,56,0,'Ben Croft completed a Task','task','{}','2025-09-18 23:59:23.555','2025-09-18 23:59:23.555');
/*!40000 ALTER TABLE `Notification` ENABLE KEYS */;
UNLOCK TABLES;

--
-- Table structure for table `Plan`
--

DROP TABLE IF EXISTS `Plan`;
/*!40101 SET @saved_cs_client     = @@character_set_client */;
/*!50503 SET character_set_client = utf8mb4 */;
CREATE TABLE `Plan` (
  `id` int NOT NULL AUTO_INCREMENT,
  `name` varchar(191) CHARACTER SET utf8mb4 COLLATE utf8mb4_unicode_ci DEFAULT NULL,
  `price` double NOT NULL,
  `billingCycle` varchar(191) CHARACTER SET utf8mb4 COLLATE utf8mb4_unicode_ci NOT NULL,
  `maxStaffUsers` int NOT NULL,
  `stripePriceId` varchar(191) CHARACTER SET utf8mb4 COLLATE utf8mb4_unicode_ci DEFAULT NULL,
  PRIMARY KEY (`id`),
  UNIQUE KEY `Plan_stripePriceId_key` (`stripePriceId`)
) ENGINE=InnoDB AUTO_INCREMENT=5 DEFAULT CHARSET=utf8mb4 COLLATE=utf8mb4_unicode_ci;
/*!40101 SET character_set_client = @saved_cs_client */;

--
-- Dumping data for table `Plan`
--

LOCK TABLES `Plan` WRITE;
/*!40000 ALTER TABLE `Plan` DISABLE KEYS */;
INSERT INTO `Plan` VALUES (1,'Sole Trader 1 Field Account',198,'Monthly',1,'price_1RElJdC1d7gJ8IQp5VcID7Di'),(2,'Small Business 2-5 Field Accounts',498,'Monthly',5,'price_1RElJaC1d7gJ8IQpNPTGDEYi'),(3,'Sole Trader 1 Field Account',1980,'Yearly',1,'price_1RElJYC1d7gJ8IQpcIWp84gj'),(4,'Small Business 2-5 Field Accounts',4980,'Yearly',5,'price_1RElJUC1d7gJ8IQpKagScTgp');
/*!40000 ALTER TABLE `Plan` ENABLE KEYS */;
UNLOCK TABLES;

--
-- Table structure for table `QuickLeads`
--

DROP TABLE IF EXISTS `QuickLeads`;
/*!40101 SET @saved_cs_client     = @@character_set_client */;
/*!50503 SET character_set_client = utf8mb4 */;
CREATE TABLE `QuickLeads` (
  `id` int NOT NULL AUTO_INCREMENT,
  `client_name` varchar(191) CHARACTER SET utf8mb4 COLLATE utf8mb4_unicode_ci NOT NULL,
  `client_contact_number` varchar(191) CHARACTER SET utf8mb4 COLLATE utf8mb4_unicode_ci NOT NULL,
  `status` int NOT NULL DEFAULT '0',
  `userId` int NOT NULL,
  `createdAt` datetime(3) NOT NULL DEFAULT CURRENT_TIMESTAMP(3),
  `updatedAt` datetime(3) NOT NULL DEFAULT CURRENT_TIMESTAMP(3),
  `notes` varchar(191) COLLATE utf8mb4_unicode_ci DEFAULT NULL,
  PRIMARY KEY (`id`),
  KEY `QuickLeads_userId_fkey` (`userId`),
  CONSTRAINT `QuickLeads_userId_fkey` FOREIGN KEY (`userId`) REFERENCES `User` (`id`) ON DELETE CASCADE ON UPDATE CASCADE
) ENGINE=InnoDB AUTO_INCREMENT=4 DEFAULT CHARSET=utf8mb4 COLLATE=utf8mb4_unicode_ci;
/*!40101 SET character_set_client = @saved_cs_client */;

--
-- Dumping data for table `QuickLeads`
--

LOCK TABLES `QuickLeads` WRITE;
/*!40000 ALTER TABLE `QuickLeads` DISABLE KEYS */;
INSERT INTO `QuickLeads` VALUES (1,'David Lewis','+911234567890',1,6,'2025-07-09 09:30:37.273','2025-07-09 09:30:37.273','New'),(2,'Client Name','+919754854875',0,6,'2025-09-10 13:28:38.628','2025-09-10 13:28:38.628','Hello this is the dummy notes'),(3,'Phillip Nounnis','+61414842223',0,9,'2025-11-10 10:54:38.231','2025-11-10 10:54:38.231','Phillip called and asked for me to service the watermaker and make 2 x 1m long fender boards ready for his trip to Sydney mid December');
/*!40000 ALTER TABLE `QuickLeads` ENABLE KEYS */;
UNLOCK TABLES;

--
-- Table structure for table `Staff_Member`
--

DROP TABLE IF EXISTS `Staff_Member`;
/*!40101 SET @saved_cs_client     = @@character_set_client */;
/*!50503 SET character_set_client = utf8mb4 */;
CREATE TABLE `Staff_Member` (
  `id` int NOT NULL AUTO_INCREMENT,
  `email` varchar(191) CHARACTER SET utf8mb4 COLLATE utf8mb4_unicode_ci NOT NULL,
  `password` varchar(191) CHARACTER SET utf8mb4 COLLATE utf8mb4_unicode_ci NOT NULL,
  `showPassword` varchar(191) CHARACTER SET utf8mb4 COLLATE utf8mb4_unicode_ci DEFAULT NULL,
  `token` varchar(191) CHARACTER SET utf8mb4 COLLATE utf8mb4_unicode_ci DEFAULT NULL,
  `role` varchar(191) CHARACTER SET utf8mb4 COLLATE utf8mb4_unicode_ci NOT NULL,
  `full_name` varchar(191) CHARACTER SET utf8mb4 COLLATE utf8mb4_unicode_ci NOT NULL,
  `home_address` longtext CHARACTER SET utf8mb4 COLLATE utf8mb4_unicode_ci NOT NULL,
  `userId` int NOT NULL,
  `status` int NOT NULL DEFAULT '1',
  `phone_no` varchar(191) CHARACTER SET utf8mb4 COLLATE utf8mb4_unicode_ci NOT NULL,
  `createdAt` datetime(3) NOT NULL DEFAULT CURRENT_TIMESTAMP(3),
  `updatedAt` datetime(3) NOT NULL,
  `system_deactivation_status` int NOT NULL DEFAULT '1',
  `hourly_rate` double NOT NULL DEFAULT '0',
  PRIMARY KEY (`id`),
  UNIQUE KEY `Staff_Member_email_key` (`email`),
  KEY `Staff_Member_userId_fkey` (`userId`),
  CONSTRAINT `Staff_Member_userId_fkey` FOREIGN KEY (`userId`) REFERENCES `User` (`id`) ON DELETE CASCADE ON UPDATE CASCADE
) ENGINE=InnoDB AUTO_INCREMENT=10 DEFAULT CHARSET=utf8mb4 COLLATE=utf8mb4_unicode_ci;
/*!40101 SET character_set_client = @saved_cs_client */;

--
-- Dumping data for table `Staff_Member`
--

LOCK TABLES `Staff_Member` WRITE;
/*!40000 ALTER TABLE `Staff_Member` DISABLE KEYS */;
INSERT INTO `Staff_Member` VALUES (1,'nikunjposhiya7+staff1@gmail.com','$argon2id$v=19$m=65536,t=3,p=4$mmVTP7mTBtEanwrxo2nj5w$NXQSLS+tKjTYwB1WLwm3zeG0noQhf836oidqPYtng+s','Admin@345',NULL,'Technician','Staff 1','Test',1,1,'111111','2025-03-23 09:37:09.766','2025-03-23 09:37:09.766',1,0),(2,'rob@firstmate.com.au','$argon2id$v=19$m=65536,t=3,p=4$buhBPN+GoNOReY6nGu59Og$xcqAXwf9STMFNVzHFD6QPu4jga8xxUp3g0bwM/rF+88','Rednut12!',NULL,'Technician','Robert Bell','84 poplar st',7,1,'0483076722','2025-04-28 23:04:46.295','2025-04-28 23:04:46.295',1,0),(3,'croftech@outlook.com','$argon2id$v=19$m=65536,t=3,p=4$uxfnOD07bSF+/vN8ZicTsw$E6TtryuH5vAf848D0+pt2FJZ0hFWOPOiG2AIZbpskR0','Ethan2020!',NULL,'Technician','Ben Croft','16 Tarni Street',9,1,'0455284323','2025-05-15 00:30:58.577','2025-05-15 00:30:58.577',1,0),(4,'kat@mailinator.com','$argon2id$v=19$m=65536,t=3,p=4$aSnVtxAXU63m33Mo0v1eyA$3w9d0v9rR6YDHFArjJbZ3MYk0OapVtpulZ4K1IX2K+c','Yash@123','xnreXZLVkYPhOaWc3rvaj98z_70','Technician','KatHendrix','123 Main Street,LA',6,1,'123456789','2025-06-10 08:13:33.274','2025-09-10 13:36:01.549',1,30),(5,'yashraj.ctinfotech@gmail.com','$argon2id$v=19$m=65536,t=3,p=4$KAJV3sjhyNxDFysXsX3rAg$eM1wapCft8Mudb9GXSfbEtpi+ER3AjyoIe9iugAYVpQ','Pa$$w0rd!',NULL,'Technician','Yashraj Singh','Palasia',6,0,'123456789','2025-07-09 07:02:53.029','2025-07-09 07:11:51.984',1,0),(6,'david123@yopmail.com','$argon2id$v=19$m=65536,t=3,p=4$MLrWuAbSx8ep6DTxZTK6Pg$CIzAwc1CNTQD4MnBnNI7cf6E6RV1YhxiQXupr5oeYEw','Yash@123',NULL,'Technician','David','New',6,0,'12345689','2025-07-09 09:42:23.159','2025-07-09 09:50:41.399',1,45),(7,'jackson.reeve@yopmail.com','$argon2id$v=19$m=65536,t=3,p=4$LqmRC+jKXLtnHjkeOjRIcQ$nbMDqwl0ckbChk48ot+LrOxFsyqYQaH6232hRMxma5Y','Yash@123',NULL,'Technician','Jackson Reeve','42 Marina Drive, Airlie Beach, QLD 4802',6,0,'+919745854842','2025-07-09 11:04:17.086','2025-09-10 13:28:15.377',1,45),(8,'ahoy@firstmate.com.au','$argon2id$v=19$m=65536,t=3,p=4$/i/3Z7f8t7hzxl8VRdQ73A$6oXfvIMXDWm2Mox/FeNW4fiTNhfRjav3AMSuaQtaS9s','Password1234!',NULL,'Technician','Nick Voorhoeve','Sanctuary Cove Marina',17,1,'0497109878','2025-08-25 06:15:32.620','2025-08-25 06:15:32.620',1,1),(9,'tcross@rmcservice.com.au','$argon2id$v=19$m=65536,t=3,p=4$TxZp/gmIM0CjFYakcUxi0A$Av4nJ2o/Unn1xI1Qa4joI8b2YmXO91xHeY/tT7+rHpk','RMCtrav01$',NULL,'Technician','Travis Cross','123',20,1,'0406806062','2025-09-02 05:10:23.968','2025-09-02 05:10:23.968',1,0.01);
/*!40000 ALTER TABLE `Staff_Member` ENABLE KEYS */;
UNLOCK TABLES;

--
-- Table structure for table `Subscription`
--

DROP TABLE IF EXISTS `Subscription`;
/*!40101 SET @saved_cs_client     = @@character_set_client */;
/*!50503 SET character_set_client = utf8mb4 */;
CREATE TABLE `Subscription` (
  `id` int NOT NULL AUTO_INCREMENT,
  `planId` int NOT NULL,
  `userId` int NOT NULL,
  `created_at` datetime(3) NOT NULL DEFAULT CURRENT_TIMESTAMP(3),
  `stripeSubscriptionId` varchar(191) CHARACTER SET utf8mb4 COLLATE utf8mb4_unicode_ci DEFAULT NULL,
  `stripeCustomerId` varchar(191) CHARACTER SET utf8mb4 COLLATE utf8mb4_unicode_ci DEFAULT NULL,
  `renewed_at` datetime(3) DEFAULT NULL,
  `sub_status` int NOT NULL,
  `start_date` datetime(3) NOT NULL,
  `canceled_at` datetime(3) DEFAULT NULL,
  `trial_end_date` datetime(3) DEFAULT NULL,
  `failed_at` datetime(3) DEFAULT NULL,
  PRIMARY KEY (`id`),
  UNIQUE KEY `Subscription_userId_key` (`userId`),
  UNIQUE KEY `Subscription_stripeSubscriptionId_key` (`stripeSubscriptionId`),
  UNIQUE KEY `Subscription_stripeCustomerId_key` (`stripeCustomerId`),
  KEY `Subscription_planId_fkey` (`planId`),
  CONSTRAINT `Subscription_planId_fkey` FOREIGN KEY (`planId`) REFERENCES `Plan` (`id`) ON DELETE CASCADE ON UPDATE CASCADE,
  CONSTRAINT `Subscription_userId_fkey` FOREIGN KEY (`userId`) REFERENCES `User` (`id`) ON DELETE CASCADE ON UPDATE CASCADE
) ENGINE=InnoDB AUTO_INCREMENT=14 DEFAULT CHARSET=utf8mb4 COLLATE=utf8mb4_unicode_ci;
/*!40101 SET character_set_client = @saved_cs_client */;

--
-- Dumping data for table `Subscription`
--

LOCK TABLES `Subscription` WRITE;
/*!40000 ALTER TABLE `Subscription` DISABLE KEYS */;
INSERT INTO `Subscription` VALUES (2,1,6,'2025-04-28 10:47:27.471','sub_1RIpDdC1d7gJ8IQpGwL9bGzZ','cus_SDFjIdrBln3QIf',NULL,3,'2025-04-27 18:30:00.000','2025-04-27 18:30:00.000','2025-05-28 18:29:59.999',NULL),(3,1,7,'2025-04-28 22:39:39.092','sub_1RJ0KqC1d7gJ8IQpj95PfcyG','cus_SDRDn8bUnO7mEe','2026-05-15 00:12:38.000',1,'2025-04-28 18:30:00.000',NULL,NULL,NULL),(4,1,8,'2025-04-30 12:07:55.783','sub_1RJZQbC1d7gJ8IQpk7AjFZfR','cus_SE1Tzwa5uuqDLP',NULL,3,'2025-04-29 18:30:00.000','2025-04-29 18:30:00.000','2025-05-30 18:29:59.999',NULL),(5,2,9,'2025-05-15 00:16:38.270','sub_1ROpTUC1d7gJ8IQpcWErEA7Y','cus_SJSOKjFEEtlJVL','2026-05-15 03:48:43.000',1,'2025-05-14 18:30:00.000',NULL,NULL,NULL),(6,2,15,'2025-08-21 09:15:06.817','sub_1RyUaKC1d7gJ8IQpzqiYD8FJ','cus_SuJCC3kl4OQvM9',NULL,3,'2025-08-20 18:30:00.000','2025-08-20 18:30:00.000','2025-09-20 18:29:59.999',NULL),(7,1,16,'2025-08-21 09:39:28.656','sub_1RyUxuC1d7gJ8IQpDSAOogPx','cus_SuJb4VgFJereWk','2027-08-23 04:52:21.000',1,'2025-08-20 18:30:00.000',NULL,NULL,NULL),(8,1,17,'2025-08-21 21:43:32.359','sub_1RygGbC1d7gJ8IQpkRLbGEBR','cus_SuVHktEJlknvbA','2026-09-02 04:55:00.000',1,'2025-08-21 18:30:00.000',NULL,NULL,NULL),(9,1,18,'2025-08-26 06:55:12.056','sub_1S0GmfC1d7gJ8IQpKyaYXXDn','cus_Sw94GUbjz02Cob','2025-10-25 06:55:09.000',3,'2025-08-25 18:30:00.000','2025-10-08 18:30:00.000',NULL,'2025-10-06 18:30:00.000'),(10,1,19,'2025-08-26 07:58:00.280','sub_1S0HlRC1d7gJ8IQpq46IEPtQ','cus_SwA5niZw3lGLBk','2025-10-25 07:57:57.000',3,'2025-08-25 18:30:00.000','2025-10-08 18:30:00.000',NULL,'2025-10-04 18:30:00.000'),(11,1,20,'2025-09-02 04:55:03.016','sub_1S2mFEC1d7gJ8IQpLmxDNuJc','cus_SyjimrKysGLvCI','2026-09-02 06:02:10.000',1,'2025-09-01 18:30:00.000',NULL,NULL,NULL),(12,1,21,'2025-11-06 05:50:00.896','sub_1SQM54C1d7gJ8IQpHM3izjqy','cus_TN6HomzHSyGEk4','2026-01-06 00:15:48.000',1,'2025-11-05 18:30:00.000',NULL,NULL,NULL),(13,1,22,'2025-11-10 01:27:11.715','sub_1SRjsvC1d7gJ8IQpDQs2zyiH','cus_TOWw85E8F2dTCO','2026-04-14 02:48:39.000',3,'2025-11-09 18:30:00.000',NULL,NULL,NULL);
/*!40000 ALTER TABLE `Subscription` ENABLE KEYS */;
UNLOCK TABLES;

--
-- Table structure for table `SubscriptionHistory`
--

DROP TABLE IF EXISTS `SubscriptionHistory`;
/*!40101 SET @saved_cs_client     = @@character_set_client */;
/*!50503 SET character_set_client = utf8mb4 */;
CREATE TABLE `SubscriptionHistory` (
  `id` int NOT NULL AUTO_INCREMENT,
  `planId` int NOT NULL,
  `userId` int NOT NULL,
  `created_at` datetime(3) NOT NULL DEFAULT CURRENT_TIMESTAMP(3),
  `stripeSubscriptionId` varchar(191) CHARACTER SET utf8mb4 COLLATE utf8mb4_unicode_ci DEFAULT NULL,
  `stripeCustomerId` varchar(191) CHARACTER SET utf8mb4 COLLATE utf8mb4_unicode_ci DEFAULT NULL,
  `renewed_at` datetime(3) DEFAULT NULL,
  `sub_status` int NOT NULL,
  `start_date` datetime(3) NOT NULL,
  `canceled_at` datetime(3) DEFAULT NULL,
  `trial_end_date` datetime(3) DEFAULT NULL,
  `failed_at` datetime(3) DEFAULT NULL,
  PRIMARY KEY (`id`),
  KEY `SubscriptionHistory_planId_fkey` (`planId`),
  KEY `SubscriptionHistory_userId_fkey` (`userId`),
  CONSTRAINT `SubscriptionHistory_planId_fkey` FOREIGN KEY (`planId`) REFERENCES `Plan` (`id`) ON DELETE CASCADE ON UPDATE CASCADE,
  CONSTRAINT `SubscriptionHistory_userId_fkey` FOREIGN KEY (`userId`) REFERENCES `User` (`id`) ON DELETE CASCADE ON UPDATE CASCADE
) ENGINE=InnoDB AUTO_INCREMENT=14 DEFAULT CHARSET=utf8mb4 COLLATE=utf8mb4_unicode_ci;
/*!40101 SET character_set_client = @saved_cs_client */;

--
-- Dumping data for table `SubscriptionHistory`
--

LOCK TABLES `SubscriptionHistory` WRITE;
/*!40000 ALTER TABLE `SubscriptionHistory` DISABLE KEYS */;
INSERT INTO `SubscriptionHistory` VALUES (1,1,7,'2025-04-29 01:48:27.769','sub_1RJ0KqC1d7gJ8IQpj95PfcyG','cus_SDRDn8bUnO7mEe',NULL,-1,'2025-04-28 18:30:00.000','2025-04-28 18:30:00.000','2025-05-29 18:29:59.999',NULL),(2,1,7,'2025-05-15 00:13:00.230','sub_1RJ0KqC1d7gJ8IQpj95PfcyG','cus_SDRDn8bUnO7mEe','2025-12-31 01:48:02.000',1,'2025-04-28 18:30:00.000','2025-05-14 18:30:00.000',NULL,NULL),(3,2,9,'2025-05-15 03:49:07.168','sub_1ROpTUC1d7gJ8IQpcWErEA7Y','cus_SJSOKjFEEtlJVL',NULL,-1,'2025-05-14 18:30:00.000','2025-05-14 18:30:00.000','2025-06-14 18:29:59.999',NULL),(4,1,16,'2025-09-02 04:52:53.352','sub_1RyUxuC1d7gJ8IQpDSAOogPx','cus_SuJb4VgFJereWk',NULL,-1,'2025-08-20 18:30:00.000','2025-09-01 18:30:00.000','2025-09-20 18:29:59.999',NULL),(5,1,17,'2025-09-02 04:55:26.511','sub_1RygGbC1d7gJ8IQpkRLbGEBR','cus_SuVHktEJlknvbA',NULL,-1,'2025-08-21 18:30:00.000','2025-09-01 18:30:00.000','2025-09-21 18:29:59.999',NULL),(6,1,20,'2025-09-02 06:02:33.035','sub_1S2mFEC1d7gJ8IQpLmxDNuJc','cus_SyjimrKysGLvCI',NULL,-1,'2025-09-01 18:30:00.000','2025-09-01 18:30:00.000','2025-10-02 18:29:59.999',NULL),(7,1,18,'2025-09-25 06:56:06.859','sub_1S0GmfC1d7gJ8IQpKyaYXXDn','cus_Sw94GUbjz02Cob',NULL,-1,'2025-08-25 18:30:00.000','2025-09-24 18:30:00.000','2025-09-25 18:29:59.999',NULL),(8,1,18,'2025-09-25 07:57:12.920','sub_1S0GmfC1d7gJ8IQpKyaYXXDn','cus_Sw94GUbjz02Cob','2025-10-25 06:55:09.000',1,'2025-08-25 18:30:00.000','2025-09-24 18:30:00.000',NULL,NULL),(9,1,19,'2025-09-25 07:58:39.590','sub_1S0HlRC1d7gJ8IQpq46IEPtQ','cus_SwA5niZw3lGLBk',NULL,-1,'2025-08-25 18:30:00.000','2025-09-24 18:30:00.000','2025-09-25 18:29:59.999',NULL),(10,1,19,'2025-09-25 08:59:28.579','sub_1S0HlRC1d7gJ8IQpq46IEPtQ','cus_SwA5niZw3lGLBk','2025-10-25 07:57:57.000',1,'2025-08-25 18:30:00.000','2025-09-24 18:30:00.000',NULL,NULL),(11,1,19,'2025-10-08 04:00:27.286','sub_1S0HlRC1d7gJ8IQpq46IEPtQ','cus_SwA5niZw3lGLBk','2025-10-25 07:57:57.000',0,'2025-08-25 18:30:00.000','2025-10-07 18:30:00.000',NULL,NULL),(12,1,21,'2025-11-10 00:16:23.912','sub_1SQM54C1d7gJ8IQpHM3izjqy','cus_TN6HomzHSyGEk4',NULL,-1,'2025-11-05 18:30:00.000','2025-11-09 18:30:00.000','2025-12-06 18:29:59.999',NULL),(13,1,22,'2025-11-25 02:49:06.971','sub_1SRjsvC1d7gJ8IQpDQs2zyiH','cus_TOWw85E8F2dTCO',NULL,-1,'2025-11-09 18:30:00.000','2025-11-24 18:30:00.000','2025-12-10 18:29:59.999',NULL);
/*!40000 ALTER TABLE `SubscriptionHistory` ENABLE KEYS */;
UNLOCK TABLES;

--
-- Table structure for table `Supplier`
--

DROP TABLE IF EXISTS `Supplier`;
/*!40101 SET @saved_cs_client     = @@character_set_client */;
/*!50503 SET character_set_client = utf8mb4 */;
CREATE TABLE `Supplier` (
  `id` int NOT NULL AUTO_INCREMENT,
  `email` varchar(191) CHARACTER SET utf8mb4 COLLATE utf8mb4_unicode_ci NOT NULL,
  `password` varchar(191) CHARACTER SET utf8mb4 COLLATE utf8mb4_unicode_ci DEFAULT NULL,
  `first_name` varchar(191) CHARACTER SET utf8mb4 COLLATE utf8mb4_unicode_ci DEFAULT NULL,
  `last_name` varchar(191) CHARACTER SET utf8mb4 COLLATE utf8mb4_unicode_ci DEFAULT NULL,
  `company_name` longtext CHARACTER SET utf8mb4 COLLATE utf8mb4_unicode_ci,
  `company_description` longtext CHARACTER SET utf8mb4 COLLATE utf8mb4_unicode_ci,
  `status` int NOT NULL DEFAULT '1',
  `phone_no` varchar(191) CHARACTER SET utf8mb4 COLLATE utf8mb4_unicode_ci DEFAULT NULL,
  `city` varchar(191) CHARACTER SET utf8mb4 COLLATE utf8mb4_unicode_ci DEFAULT NULL,
  `company_logo` varchar(191) CHARACTER SET utf8mb4 COLLATE utf8mb4_unicode_ci DEFAULT NULL,
  `abn` varchar(191) CHARACTER SET utf8mb4 COLLATE utf8mb4_unicode_ci DEFAULT NULL,
  `token` varchar(191) CHARACTER SET utf8mb4 COLLATE utf8mb4_unicode_ci DEFAULT NULL,
  `trade_license` varchar(191) CHARACTER SET utf8mb4 COLLATE utf8mb4_unicode_ci DEFAULT NULL,
  `accounting_software_used` longtext CHARACTER SET utf8mb4 COLLATE utf8mb4_unicode_ci,
  `about_us` longtext CHARACTER SET utf8mb4 COLLATE utf8mb4_unicode_ci,
  `service_region` longtext CHARACTER SET utf8mb4 COLLATE utf8mb4_unicode_ci,
  `services_offered` longtext CHARACTER SET utf8mb4 COLLATE utf8mb4_unicode_ci,
  `complete_profile_status` int NOT NULL DEFAULT '0',
  `createdAt` datetime(3) NOT NULL DEFAULT CURRENT_TIMESTAMP(3),
  `updatedAt` datetime(3) NOT NULL,
  PRIMARY KEY (`id`),
  UNIQUE KEY `Supplier_email_key` (`email`)
) ENGINE=InnoDB AUTO_INCREMENT=19 DEFAULT CHARSET=utf8mb4 COLLATE=utf8mb4_unicode_ci;
/*!40101 SET character_set_client = @saved_cs_client */;

--
-- Dumping data for table `Supplier`
--

LOCK TABLES `Supplier` WRITE;
/*!40000 ALTER TABLE `Supplier` DISABLE KEYS */;
INSERT INTO `Supplier` VALUES (1,'nikunjposhiya7+supplier1@gmail.com',NULL,NULL,NULL,NULL,NULL,1,NULL,NULL,NULL,NULL,NULL,NULL,NULL,NULL,NULL,NULL,0,'2025-03-23 09:38:25.862','2025-03-23 09:38:25.862'),(2,'nikunjposhiya7+sup1@gmail.com',NULL,NULL,NULL,NULL,NULL,1,NULL,NULL,NULL,NULL,NULL,NULL,NULL,NULL,NULL,NULL,0,'2025-03-23 09:38:50.742','2025-03-23 09:38:50.742'),(3,'mvp1ventures@yopmail.com','$argon2id$v=19$m=65536,t=3,p=4$Wkf7VbsNWYFaSQ2wf0UOVg$CVWjAiUi+caQb1aqFcbN5X7nzTQ9+/itm3e1urGgydM','Jay','Pandya','MVP1 Ventures Pty. LTD',NULL,1,'9999999999',NULL,'1743770138570-success-chk.png','57657555675','ZI7TCmIAe_ravQkutWsBbuhV9pw','1743770138570-success-chk.png','hjkjkh','jhjkhjkhjkh','hjk','bnmbnmb',1,'2025-04-04 12:20:45.444','2025-04-04 12:35:38.627'),(4,'nathan@nathanwhitemarineservices.com.au',NULL,NULL,NULL,NULL,NULL,1,NULL,NULL,NULL,NULL,NULL,NULL,NULL,NULL,NULL,NULL,0,'2025-05-15 01:34:21.790','2025-05-15 01:34:21.790'),(5,'nikpatelmvp1@yopmail.com',NULL,NULL,NULL,NULL,NULL,1,NULL,NULL,NULL,NULL,NULL,NULL,NULL,NULL,NULL,NULL,0,'2025-06-10 04:45:46.144','2025-06-10 04:45:46.144'),(6,'mark@yopmail.com','$argon2id$v=19$m=65536,t=3,p=4$JBXFI7Us1QPtF+HZHIYOCA$E6DGwWzecRp42MO9j2L9wQ42adA8nZBy6dcnYJgpnIE','Mark','lewis','Cubexo',NULL,1,'12345689',NULL,'1749547565103-boat.jpg','12345689011','jHRZcOPP4rSXbXBukRhb8lVrkPw','1749547565104-boat.jpg','New','New Firm','USA','Boat Service',1,'2025-06-10 09:23:49.093','2025-06-10 09:26:05.108'),(7,'liam.hartley@yopmail.com','$argon2id$v=19$m=65536,t=3,p=4$M7mK57KVbhzSOpC2r6+gBg$2JszC1ZKmjeC00EcwQXpd4XWdHM1UmB5rewrmUF+HY8','Liam','Chadwick','Cti',NULL,1,'9754857854',NULL,'1752056967396-Boat2.jpg','ABN1234564N','w698nbYcKVxnLfgAeDcva0WtDoI','1752056967397-Boat.jpg','Accounting Software Used','Accounting Software Used Accounting Software Used','Accounting Software Used','Accounting Software Used',1,'2025-07-09 10:19:21.826','2025-08-21 05:35:30.945'),(8,'rob@yopmail.com',NULL,NULL,NULL,NULL,NULL,1,NULL,NULL,NULL,NULL,NULL,NULL,NULL,NULL,NULL,NULL,0,'2025-08-11 09:28:59.286','2025-08-11 09:28:59.286'),(9,'croftech@outlook.com',NULL,NULL,NULL,NULL,NULL,1,NULL,NULL,NULL,NULL,NULL,NULL,NULL,NULL,NULL,NULL,0,'2025-08-25 06:11:55.011','2025-08-25 06:11:55.011'),(10,'ahoy@firstmate.com.au',NULL,NULL,NULL,NULL,NULL,1,NULL,NULL,NULL,NULL,NULL,NULL,NULL,NULL,NULL,NULL,0,'2025-08-25 22:54:02.288','2025-08-25 22:54:02.288'),(11,'pippa@battensgroup.com.au',NULL,NULL,NULL,NULL,NULL,1,NULL,NULL,NULL,NULL,NULL,NULL,NULL,NULL,NULL,NULL,0,'2025-08-25 22:54:49.062','2025-08-25 22:54:49.062'),(12,'rob@firstmate.com.au','$argon2id$v=19$m=65536,t=3,p=4$3IWMbCDYRgijSodoFnlShg$nt3UOhaOBQnbnBaija2IEOwrVSsDLV7F5aF9cVCBuOk','Robert','Bell','Diesel Mechanic',NULL,1,'0483076722',NULL,'1756167994407-First Mate App Infographic (1).png','12345567876','sVIBdxCaWmmBS1GK8FhB9a1xbcw','1756167994424-Messy Desk with Scattered Papers.png','Xero','Picks nose well','Queensland','Diesel Mechanic',1,'2025-08-26 00:11:45.651','2025-08-26 00:26:34.443'),(13,'rajpalharshit.ctinfotech@gmail.com','$argon2id$v=19$m=65536,t=3,p=4$55h3fNXzdSOLqVhH0TgTvg$FXbYppvB8nf+zCLyvNWCiAU5DdTl8XqSLSJ8YbdSOJY','Harshit','Rajpal','Tasha',NULL,1,'22',NULL,'1756196974921-Boat.jpg','ABN12345678','9TkSYRaGaX0igf6fFVHg7TPGZZI','1756196974921-Boat2.jpg','Kennan','Voluptatem Ipsam la','Ut nihil amet conse','Et recusandae Dolor',1,'2025-08-26 06:59:01.562','2025-08-26 08:29:34.924'),(14,'abhay.ctinfotech@gmail.com',NULL,NULL,NULL,NULL,NULL,1,NULL,NULL,NULL,NULL,NULL,NULL,NULL,NULL,NULL,NULL,0,'2025-08-26 06:59:09.139','2025-08-26 06:59:09.139'),(15,'chetan.ctinfotech@gmail.com','$argon2id$v=19$m=65536,t=3,p=4$I8Kn441zRuBaNoeolflRjw$6ScPFyOlPozArhCZbiumQPq03IEnAs6RpP0COvPHQW0','Tucker','Yardley','Whilemina',NULL,1,'+918548785487',NULL,'1756196596853-Boat2.jpg','ABN123456AB','lIDYQhbP4zq-nVHeEpd66Jhmoo8','1756196596853-Boat.jpg','Jena','Totam asperiores tem','Commodo ipsa ea rer','Eius duis occaecat t',1,'2025-08-26 08:19:50.225','2025-09-10 13:33:17.076'),(16,'tim@trkms.com',NULL,NULL,NULL,NULL,NULL,1,NULL,NULL,NULL,NULL,NULL,NULL,NULL,NULL,NULL,NULL,0,'2025-08-31 22:44:45.509','2025-08-31 22:44:45.509'),(17,'brendan@aquatechmarine.com.au',NULL,NULL,NULL,NULL,NULL,1,NULL,NULL,NULL,NULL,NULL,NULL,NULL,NULL,NULL,NULL,0,'2025-08-31 22:45:40.246','2025-08-31 22:45:40.246'),(18,'coastalwatermakers@gmail.com',NULL,NULL,NULL,NULL,NULL,1,NULL,NULL,NULL,NULL,NULL,NULL,NULL,NULL,NULL,NULL,0,'2025-08-31 22:46:46.245','2025-08-31 22:46:46.245');
/*!40000 ALTER TABLE `Supplier` ENABLE KEYS */;
UNLOCK TABLES;

--
-- Table structure for table `SupplierInsuranceFile`
--

DROP TABLE IF EXISTS `SupplierInsuranceFile`;
/*!40101 SET @saved_cs_client     = @@character_set_client */;
/*!50503 SET character_set_client = utf8mb4 */;
CREATE TABLE `SupplierInsuranceFile` (
  `id` int NOT NULL AUTO_INCREMENT,
  `filename` varchar(191) CHARACTER SET utf8mb4 COLLATE utf8mb4_unicode_ci DEFAULT NULL,
  `supplierId` int NOT NULL,
  PRIMARY KEY (`id`),
  KEY `SupplierInsuranceFile_supplierId_fkey` (`supplierId`),
  CONSTRAINT `SupplierInsuranceFile_supplierId_fkey` FOREIGN KEY (`supplierId`) REFERENCES `Supplier` (`id`) ON DELETE CASCADE ON UPDATE CASCADE
) ENGINE=InnoDB AUTO_INCREMENT=6 DEFAULT CHARSET=utf8mb4 COLLATE=utf8mb4_unicode_ci;
/*!40101 SET character_set_client = @saved_cs_client */;

--
-- Dumping data for table `SupplierInsuranceFile`
--

LOCK TABLES `SupplierInsuranceFile` WRITE;
/*!40000 ALTER TABLE `SupplierInsuranceFile` DISABLE KEYS */;
INSERT INTO `SupplierInsuranceFile` VALUES (1,'1743770138570-download (2).pdf',3),(2,'1752056967397-dummy.pdf',7),(3,'1756167994437-sunscreen_bottle_final.pdf',12),(4,'1756196596853-dummy.pdf',15),(5,'1756196974921-dummy.pdf',13);
/*!40000 ALTER TABLE `SupplierInsuranceFile` ENABLE KEYS */;
UNLOCK TABLES;

--
-- Table structure for table `Task`
--

DROP TABLE IF EXISTS `Task`;
/*!40101 SET @saved_cs_client     = @@character_set_client */;
/*!50503 SET character_set_client = utf8mb4 */;
CREATE TABLE `Task` (
  `id` int NOT NULL AUTO_INCREMENT,
  `description` longtext CHARACTER SET utf8mb4 COLLATE utf8mb4_unicode_ci,
  `time_alloted` varchar(191) CHARACTER SET utf8mb4 COLLATE utf8mb4_unicode_ci NOT NULL,
  `quoted_value` varchar(191) CHARACTER SET utf8mb4 COLLATE utf8mb4_unicode_ci NOT NULL,
  `boatId` int NOT NULL,
  `assignStaffId` int DEFAULT NULL,
  `status` int NOT NULL DEFAULT '0',
  `supplierId` int DEFAULT NULL,
  `userId` int NOT NULL,
  `assign_to` enum('STAFF','OUTSOURCED') CHARACTER SET utf8mb4 COLLATE utf8mb4_unicode_ci NOT NULL,
  `date_scheduled_from` datetime(3) NOT NULL,
  `date_scheduled_to` datetime(3) NOT NULL,
  `taskInfo` longtext CHARACTER SET utf8mb4 COLLATE utf8mb4_unicode_ci,
  `supplierNotes` longtext CHARACTER SET utf8mb4 COLLATE utf8mb4_unicode_ci,
  `futureWatchList` longtext CHARACTER SET utf8mb4 COLLATE utf8mb4_unicode_ci,
  `recommendedDueDate` datetime(3) DEFAULT NULL,
  `avatar_url` varchar(191) CHARACTER SET utf8mb4 COLLATE utf8mb4_unicode_ci DEFAULT NULL,
  `isRecurring` int NOT NULL DEFAULT '0',
  `completed_at` datetime(3) DEFAULT NULL,
  `contacted_status` int NOT NULL DEFAULT '0',
  `jobNumber` varchar(191) CHARACTER SET utf8mb4 COLLATE utf8mb4_unicode_ci DEFAULT NULL,
  `invoiceId` int DEFAULT NULL,
  `job_end_time` datetime(3) DEFAULT NULL,
  `job_start_time` datetime(3) DEFAULT NULL,
  `paused_durations` json DEFAULT NULL,
  `scheduled_start_time` datetime(3) DEFAULT NULL,
  `timer_status` varchar(191) COLLATE utf8mb4_unicode_ci DEFAULT 'PENDING',
  `total_active_minutes` int DEFAULT '0',
  PRIMARY KEY (`id`),
  KEY `Task_boatId_fkey` (`boatId`),
  KEY `Task_assignStaffId_fkey` (`assignStaffId`),
  KEY `Task_supplierId_fkey` (`supplierId`),
  KEY `Task_userId_fkey` (`userId`),
  KEY `Task_invoiceId_fkey` (`invoiceId`),
  CONSTRAINT `Task_assignStaffId_fkey` FOREIGN KEY (`assignStaffId`) REFERENCES `Staff_Member` (`id`) ON DELETE CASCADE ON UPDATE CASCADE,
  CONSTRAINT `Task_boatId_fkey` FOREIGN KEY (`boatId`) REFERENCES `Boat` (`id`) ON DELETE CASCADE ON UPDATE CASCADE,
  CONSTRAINT `Task_invoiceId_fkey` FOREIGN KEY (`invoiceId`) REFERENCES `Invoice` (`id`) ON DELETE SET NULL ON UPDATE CASCADE,
  CONSTRAINT `Task_supplierId_fkey` FOREIGN KEY (`supplierId`) REFERENCES `Supplier` (`id`) ON DELETE CASCADE ON UPDATE CASCADE,
  CONSTRAINT `Task_userId_fkey` FOREIGN KEY (`userId`) REFERENCES `User` (`id`) ON DELETE CASCADE ON UPDATE CASCADE
) ENGINE=InnoDB AUTO_INCREMENT=57 DEFAULT CHARSET=utf8mb4 COLLATE=utf8mb4_unicode_ci;
/*!40101 SET character_set_client = @saved_cs_client */;

--
-- Dumping data for table `Task`
--

LOCK TABLES `Task` WRITE;
/*!40000 ALTER TABLE `Task` DISABLE KEYS */;
INSERT INTO `Task` VALUES (1,'Hull Clean','12','1500',16,1,4,NULL,1,'STAFF','2025-04-01 00:00:00.000','2025-04-01 00:00:00.000','Hull Cleaned','Cleaned Hull','12 months interval','2026-04-01 00:00:00.000',NULL,0,'2025-03-31 18:30:00.000',0,'45057297',1,NULL,NULL,NULL,NULL,'PENDING',0),(2,'AA','2','1',18,1,4,NULL,1,'STAFF','2025-04-01 00:00:00.000','2025-04-01 00:00:00.000','A','B','C','2025-04-01 00:00:00.000',NULL,0,'2025-03-31 18:30:00.000',0,'11160311',2,NULL,NULL,NULL,NULL,'PENDING',0),(3,'AA','1','2',18,1,4,NULL,1,'STAFF','2025-04-01 00:00:00.000','2025-04-01 00:00:00.000','1','2','3','2025-04-04 00:00:00.000',NULL,0,'2025-04-03 18:30:00.000',0,'79248953',5,NULL,NULL,NULL,NULL,'PENDING',0),(4,'ds','1','2',10,1,4,NULL,1,'STAFF','2025-04-03 00:00:00.000','2025-04-03 00:00:00.000','1','2','3','2025-04-03 00:00:00.000',NULL,0,'2025-04-02 18:30:00.000',0,'33344355',3,NULL,NULL,NULL,NULL,'PENDING',0),(5,'AA','1','2',22,1,4,NULL,1,'STAFF','2025-04-04 00:00:00.000','2025-04-04 00:00:00.000','1','2','3','2025-04-04 00:00:00.000',NULL,0,'2025-04-03 18:30:00.000',0,'81174898',4,NULL,NULL,NULL,NULL,'PENDING',0),(6,'Supplier 1','1','2',21,NULL,4,3,1,'OUTSOURCED','2025-04-04 00:00:00.000','2025-04-04 00:00:00.000','1','2','3','2025-04-04 00:00:00.000',NULL,0,'2025-04-03 18:30:00.000',0,'31703152',6,NULL,NULL,NULL,NULL,'PENDING',0),(7,'AA','1','2',21,1,4,NULL,1,'STAFF','2025-04-04 00:00:00.000','2025-04-04 00:00:00.000','1','2','3','2025-04-04 00:00:00.000',NULL,0,'2025-04-03 18:30:00.000',0,'11422710',7,NULL,NULL,NULL,NULL,'PENDING',0),(8,'asdasd','12','213',24,1,4,NULL,1,'STAFF','2025-04-04 00:00:00.000','2025-04-05 00:00:00.000','dadas','dasdasd','dasdasd','2025-04-04 00:00:00.000',NULL,0,'2025-04-03 18:30:00.000',0,'73123940',8,NULL,NULL,NULL,NULL,'PENDING',0),(9,'hull clean','5','1000',33,1,4,NULL,1,'STAFF','2025-04-15 00:00:00.000','2025-04-22 00:00:00.000','sdf','sdf','sdf','2025-04-10 00:00:00.000',NULL,0,'2025-04-07 18:30:00.000',0,'64608084',10,NULL,NULL,NULL,NULL,'PENDING',0),(10,'hull clean 2','1','100',33,1,4,NULL,1,'STAFF','2025-04-09 00:00:00.000','2025-04-09 00:00:00.000','sdf','sdf','sdf','2025-04-08 00:00:00.000',NULL,0,'2025-04-07 18:30:00.000',0,'18847618',9,NULL,NULL,NULL,NULL,'PENDING',0),(11,'e','3','333',1,1,4,NULL,1,'STAFF','2025-04-15 00:00:00.000','2025-04-16 00:00:00.000','e','e','e','2025-04-30 00:00:00.000',NULL,0,'2025-04-15 18:30:00.000',0,'18765401',11,NULL,NULL,NULL,NULL,'PENDING',0),(12,'AAA','2','12',35,1,4,NULL,1,'STAFF','2025-04-17 00:00:00.000','2025-04-17 00:00:00.000','AA','BB','CC','2025-04-17 00:00:00.000',NULL,0,'2025-04-16 18:30:00.000',0,'92128203',12,NULL,NULL,NULL,NULL,'PENDING',0),(13,'Hull clean','8','1100',36,1,4,NULL,1,'STAFF','2025-04-23 00:00:00.000','2025-04-23 00:00:00.000','Hull Cleaned','Completed','12 months interval','2025-04-23 00:00:00.000',NULL,0,'2025-04-22 18:30:00.000',0,'60365388',13,NULL,NULL,NULL,NULL,'PENDING',0),(14,'Hull clean','8','1200',37,2,4,NULL,7,'STAFF','2025-04-29 00:00:00.000','2025-04-29 00:00:00.000','Hull Cleaned','Follow ','12 months interval','2026-05-04 00:00:00.000',NULL,0,'2025-04-28 18:30:00.000',0,'07161368',14,NULL,NULL,NULL,NULL,'PENDING',0),(15,'Engine Service','8','1200',37,2,4,NULL,7,'STAFF','2025-04-29 00:00:00.000','2025-04-30 00:00:00.000','Mechanical','Follow ','12 months interval','2025-05-04 00:00:00.000',NULL,0,'2025-04-28 18:30:00.000',0,'80976674',14,NULL,NULL,NULL,NULL,'PENDING',0),(16,'Replace Speedometer','4','120',38,1,4,NULL,1,'STAFF','2025-04-30 00:00:00.000','2025-04-30 00:00:00.000','Task Info','Notes from Supplier','Future Watch List','2025-04-30 00:00:00.000',NULL,0,'2025-04-29 18:30:00.000',0,'33794215',15,NULL,NULL,NULL,NULL,'PENDING',0),(17,'Hull Clean','8','1200',40,2,4,NULL,7,'STAFF','2025-05-13 00:00:00.000','2025-05-14 00:00:00.000','Hull Cleaned','Completed','12 months interval','2025-06-12 00:00:00.000',NULL,0,'2025-06-11 18:30:00.000',0,'38451733',25,NULL,NULL,NULL,NULL,'PENDING',0),(18,'Engine Service','6','900',40,2,4,NULL,7,'STAFF','2025-05-15 00:00:00.000','2025-05-16 00:00:00.000','Engine Service','completed','Check for water in cabin','2026-05-13 00:00:00.000',NULL,0,'2025-05-12 18:30:00.000',0,'87076004',16,NULL,NULL,NULL,NULL,'PENDING',0),(19,'Gen Set Service','3','500',40,2,4,NULL,7,'STAFF','2025-05-15 00:00:00.000','2025-05-15 00:00:00.000','Gen Set','Crack in engine mount needs replacing','Check for water in cabin','2025-05-15 00:00:00.000',NULL,1,'2025-05-14 18:30:00.000',0,'12270801',17,NULL,NULL,NULL,NULL,'PENDING',0),(20,'Deck Clean','5','700',40,2,4,NULL,7,'STAFF','2025-05-16 00:00:00.000','2025-05-17 00:00:00.000','Deck clean','Complete','12 months interval','2026-05-13 00:00:00.000',NULL,0,'2025-05-12 18:30:00.000',0,'24247477',16,NULL,NULL,NULL,NULL,'PENDING',0),(21,'Black Tank checkup','3','500',40,2,4,NULL,7,'STAFF','2025-05-15 00:00:00.000','2025-05-16 00:00:00.000','Black Tank service','Complete','12 months interval','2026-05-13 00:00:00.000',NULL,0,'2025-05-12 18:30:00.000',0,'99689644',16,NULL,NULL,NULL,NULL,'PENDING',0),(22,'Seal toilet base','2','1',46,3,4,NULL,9,'STAFF','2025-05-15 00:00:00.000','2025-05-16 00:00:00.000','All done','Na','Na','2025-05-15 00:00:00.000',NULL,0,'2025-05-14 18:30:00.000',0,'59566940',18,NULL,NULL,NULL,NULL,'PENDING',0),(23,'investigate leak from hardtop onto electronics','2','1',46,3,4,NULL,9,'STAFF','2025-05-15 00:00:00.000','2025-05-16 00:00:00.000','Needs to be tested in the rain ','Na','Na','2025-05-15 00:00:00.000',NULL,0,'2025-05-14 18:30:00.000',0,'65771247',18,NULL,NULL,NULL,NULL,'PENDING',0),(24,'Purchase Rob and I lunch please :)','0.5','10',45,NULL,0,4,9,'OUTSOURCED','2025-05-15 00:00:00.000','2025-05-15 00:00:00.000',NULL,NULL,NULL,NULL,NULL,0,NULL,0,'71221718',NULL,NULL,NULL,NULL,NULL,'PENDING',0),(25,'Replace toilet vacuum switch','1','500',48,3,0,NULL,9,'STAFF','2025-05-15 00:00:00.000','2025-05-16 00:00:00.000',NULL,NULL,NULL,NULL,NULL,0,NULL,0,'39476247',NULL,NULL,NULL,NULL,NULL,'PENDING',0),(26,'INternal 1','5','234',53,1,4,NULL,1,'STAFF','2025-06-10 00:00:00.000','2025-06-10 00:00:00.000','1','2','3','2025-06-10 00:00:00.000',NULL,0,'2025-06-09 18:30:00.000',0,'75083590',19,NULL,NULL,NULL,NULL,'PENDING',0),(27,'Maintenance Item Description','24','200',54,4,4,NULL,6,'STAFF','2025-06-11 00:00:00.000','2025-06-18 00:00:00.000','Task Info New 10/6','Notes from Supplier 10/6','Future Watch List 10/6','2025-06-10 00:00:00.000',NULL,0,'2025-06-09 18:30:00.000',0,'36904044',20,NULL,NULL,NULL,NULL,'PENDING',0),(28,'In qui amet aliquam','18','56',54,4,4,NULL,6,'STAFF','2025-06-10 00:00:00.000','2025-06-10 00:00:00.000','Task Info New 10/6','Notes from Supplier 10/6','Future Watch List 10/6','2025-06-26 00:00:00.000',NULL,0,'2025-06-09 18:30:00.000',0,'96528886',21,NULL,NULL,NULL,NULL,'PENDING',0),(29,'Quis sequi ratione i','30','31',54,4,4,NULL,6,'STAFF','2025-06-10 00:00:00.000','2025-06-10 00:00:00.000','Task Info New 10/6','Notes from Supplier 10/6','Future Watch List 10/6','2025-06-27 00:00:00.000',NULL,0,'2025-06-09 18:30:00.000',0,'72209649',22,NULL,NULL,NULL,NULL,'PENDING',0),(30,'Est harum earum cor','16','40',54,NULL,4,6,6,'OUTSOURCED','2025-06-10 00:00:00.000','2025-06-10 00:00:00.000','Task Info *','Notes from Supplier*','uture Watch List*','2025-06-23 00:00:00.000',NULL,0,'2025-06-09 18:30:00.000',0,'86380453',23,NULL,NULL,NULL,NULL,'PENDING',0),(31,'Maintenance Item Description','24','123',54,NULL,4,6,6,'OUTSOURCED','2025-06-11 00:00:00.000','2025-06-12 00:00:00.000','Task Info ','Notes from Supplier','Future Watch List','2025-06-11 00:00:00.000',NULL,0,'2025-06-09 18:30:00.000',0,'65798918',24,NULL,NULL,NULL,NULL,'PENDING',0),(32,'Maintenance Item Description','30','150',54,4,4,NULL,6,'STAFF','2025-07-08 00:00:00.000','2025-07-15 00:00:00.000','Task Info','A est aut amet dol 2','Voluptatem quis vel 2','2025-07-30 00:00:00.000',NULL,0,'2025-07-27 18:30:00.000',0,'88030625',35,NULL,NULL,NULL,NULL,'PENDING',0),(33,'Task Description 9 july','2','30',54,4,4,NULL,6,'STAFF','2025-07-09 00:00:00.000','2025-07-16 00:00:00.000','Task Info *','New Notes','Watch  List 9th july','2025-07-24 00:00:00.000',NULL,0,'2025-07-08 18:30:00.000',0,'92722082',26,'2025-07-09 09:37:35.786','2025-07-09 09:18:46.356','[{\"end\": \"2025-07-09T09:36:57.292Z\", \"start\": \"2025-07-09T09:31:08.853Z\"}]','2025-07-09 08:30:20.000','COMPLETED',13),(34,'Description','25','200',60,NULL,4,7,6,'OUTSOURCED','2025-07-16 00:00:00.000','2025-07-17 00:00:00.000','Task Info *','Notes from Supplier*','Future Watch List','2025-07-10 00:00:00.000',NULL,0,'2025-07-08 18:30:00.000',0,'64108972',27,NULL,NULL,NULL,NULL,'PENDING',0),(35,'AA','2','23',61,1,4,NULL,1,'STAFF','2025-07-23 00:00:00.000','2025-07-23 00:00:00.000','A','B','C','2025-07-23 00:00:00.000',NULL,0,'2025-07-22 18:30:00.000',0,'70059909',28,NULL,NULL,NULL,'2025-07-23 17:28:45.000','PENDING',0),(36,'AA','2','23',63,1,4,NULL,1,'STAFF','2025-07-24 00:00:00.000','2025-07-24 00:00:00.000','A','B','C','2025-07-24 00:00:00.000',NULL,0,'2025-07-23 18:30:00.000',0,'00405718',29,NULL,NULL,NULL,'2025-07-24 05:18:05.000','PENDING',0),(37,'AA','2','23',63,1,4,NULL,1,'STAFF','2025-07-29 00:00:00.000','2025-07-29 00:00:00.000','A','B','C','2025-07-29 00:00:00.000',NULL,0,'2025-07-28 18:30:00.000',0,'10312699',30,NULL,NULL,NULL,'2025-07-29 04:35:49.000','PENDING',0),(38,'AA','2','23',63,1,4,NULL,1,'STAFF','2025-07-29 00:00:00.000','2025-07-29 00:00:00.000','A','B','C','2025-07-29 00:00:00.000',NULL,0,'2025-07-28 18:30:00.000',0,'40838300',31,NULL,NULL,NULL,'2025-07-29 04:55:32.000','PENDING',0),(39,'AA','2','20',64,1,4,NULL,1,'STAFF','2025-07-29 00:00:00.000','2025-07-29 00:00:00.000','A','B','C','2025-07-29 00:00:00.000',NULL,0,'2025-07-28 18:30:00.000',0,'86792320',32,NULL,NULL,NULL,'2025-07-29 07:05:42.000','PENDING',0),(40,'AA','2','22',64,1,4,NULL,1,'STAFF','2025-07-29 00:00:00.000','2025-07-29 00:00:00.000','A','B','C','2025-07-29 00:00:00.000',NULL,0,'2025-07-28 18:30:00.000',0,'47676838',33,NULL,NULL,NULL,'2025-07-29 07:14:12.000','PENDING',0),(41,'A','2','22',64,1,4,NULL,1,'STAFF','2025-07-29 00:00:00.000','2025-07-29 00:00:00.000','A','B','C','2025-07-29 00:00:00.000',NULL,0,'2025-07-28 18:30:00.000',0,'64718021',34,NULL,NULL,NULL,'2025-07-29 07:21:55.000','PENDING',0),(42,'Internal Staff\nMaintenance Item Description','23','234',55,4,4,NULL,6,'STAFF','2025-07-29 00:00:00.000','2025-07-31 00:00:00.000','ask Info','notes','Futute','2025-08-20 00:00:00.000',NULL,0,'2025-08-19 18:30:00.000',0,'87382972',39,NULL,NULL,NULL,'2025-07-29 08:19:45.000','PENDING',0),(43,'Maintenance Item Description *','12','123',55,4,4,NULL,6,'STAFF','2025-07-30 00:00:00.000','2025-07-31 00:00:00.000','ask Info','notes','Futute','2025-07-30 00:00:00.000',NULL,0,'2025-07-28 18:30:00.000',0,'53436076',36,'2025-07-29 08:23:28.083','2025-07-29 08:23:17.886','[]','2025-07-30 08:22:33.000','COMPLETED',0),(44,'intenance Item Description *','12','123',59,4,4,NULL,6,'STAFF','2025-07-29 00:00:00.000','2025-07-31 00:00:00.000','Task Info','Notes from Supplier*','Future Watch List','2025-09-10 00:00:00.000',NULL,0,'2025-09-09 18:30:00.000',0,'60896030',42,'2025-09-10 13:34:21.279','2025-09-10 13:30:01.135','[{\"end\": \"2025-09-10T13:30:51.448Z\", \"start\": \"2025-09-10T13:30:26.088Z\"}, {\"end\": \"2025-09-10T13:31:38.404Z\", \"start\": \"2025-09-10T13:31:15.672Z\"}, {\"end\": \"2025-09-10T13:33:23.886Z\", \"start\": \"2025-09-10T13:32:27.376Z\"}]','2025-07-29 08:22:53.000','COMPLETED',2),(45,'Maintenance Item Description','25','123',54,NULL,4,7,6,'OUTSOURCED','2025-08-11 00:00:00.000','2025-08-11 00:00:00.000','Task Info','Notes from Supplier*','Future Watch List*','2025-08-12 00:00:00.000',NULL,1,'2025-08-10 18:30:00.000',0,'30997593',37,NULL,NULL,NULL,NULL,'PENDING',0),(46,'Pick your noise','2','200',66,NULL,4,12,17,'OUTSOURCED','2025-08-27 00:00:00.000','2025-08-28 00:00:00.000','Completed','nose picked','watch for slaws','2025-08-27 00:00:00.000',NULL,0,'2025-08-25 18:30:00.000',0,'38766166',38,NULL,NULL,NULL,NULL,'PENDING',0),(47,'Maintenance Item Description *','12','12',54,NULL,0,13,6,'OUTSOURCED','2025-08-26 00:00:00.000','2025-08-29 00:00:00.000',NULL,NULL,NULL,NULL,NULL,0,NULL,0,'05345620',NULL,NULL,NULL,NULL,NULL,'PENDING',0),(48,'Arrange Service','1','2',66,NULL,0,NULL,17,'OUTSOURCED','2025-09-08 00:00:00.000','2025-09-15 00:00:00.000',NULL,NULL,NULL,NULL,NULL,0,NULL,0,'20573591',NULL,NULL,NULL,NULL,NULL,'PENDING',0),(49,'Sort Out Service for Dec','1','2',66,8,0,NULL,17,'STAFF','2025-09-09 00:00:00.000','2025-09-16 00:00:00.000',NULL,NULL,NULL,NULL,NULL,0,NULL,0,'64769948',NULL,NULL,NULL,NULL,'2025-09-10 03:46:41.000','PENDING',0),(50,'Boat task','50','69',60,4,4,NULL,6,'STAFF','2025-09-10 00:00:00.000','2025-09-10 00:00:00.000','Task Info *','Notes from Supplier*','Future Watch List*','2025-09-11 00:00:00.000',NULL,0,'2025-09-09 18:30:00.000',0,'72700670',41,'2025-09-10 12:23:47.298','2025-09-10 12:14:53.827','[{\"end\": \"2025-09-10T12:23:07.090Z\", \"start\": \"2025-09-10T12:22:11.973Z\"}, {\"end\": \"2025-09-10T12:23:28.370Z\", \"start\": \"2025-09-10T12:23:11.529Z\"}]','2025-09-10 12:12:33.000','COMPLETED',7),(51,'Boat New Task UPdated','12','25',60,NULL,0,15,6,'OUTSOURCED','2025-09-10 00:00:00.000','2025-09-10 00:00:00.000',NULL,NULL,NULL,NULL,NULL,0,NULL,0,'34647646',NULL,NULL,NULL,NULL,NULL,'PENDING',0),(52,'Boat Task New 2','12','12',59,NULL,4,15,6,'OUTSOURCED','2025-09-10 00:00:00.000','2025-09-10 00:00:00.000','Task Info *','Notes from Supplier*','Future Watch List*','2025-09-11 00:00:00.000',NULL,0,'2025-09-09 18:30:00.000',0,'52355478',40,NULL,NULL,NULL,NULL,'PENDING',0),(53,'Ut in ea facilis qui','67','60',59,NULL,0,NULL,6,'OUTSOURCED','2025-09-10 00:00:00.000','2025-09-10 00:00:00.000',NULL,NULL,NULL,NULL,NULL,0,NULL,0,'85825280',NULL,NULL,NULL,NULL,NULL,'PENDING',0),(54,'Boat service 12','122','123',70,4,4,NULL,6,'STAFF','2025-09-10 00:00:00.000','2025-09-10 00:00:00.000','Task Info *','Notes from Supplier*','Future Watch List','2025-09-10 00:00:00.000',NULL,0,'2025-09-09 18:30:00.000',0,'39564277',43,'2025-09-10 13:44:54.186','2025-09-10 13:44:32.572','[]','2025-09-10 13:43:56.000','COMPLETED',0),(55,'DODO','5','500',41,2,4,NULL,7,'STAFF','2025-09-11 00:00:00.000','2025-09-14 00:00:00.000','Engine service','All done','Check for leaks','2026-09-11 00:00:00.000',NULL,0,'2025-09-10 18:30:00.000',0,'74284544',44,'2025-09-10 23:13:51.047','2025-09-10 23:12:01.531','[]','2025-09-11 04:09:57.000','COMPLETED',1),(56,'INvestigate stereo not turning on','1','1',73,3,4,NULL,9,'STAFF','2025-09-19 00:00:00.000','2025-09-19 00:00:00.000','A','A','A','2025-09-20 00:00:00.000',NULL,0,'2025-09-18 18:30:00.000',0,'53875742',45,'2025-09-18 23:56:43.972','2025-09-18 23:55:31.396','[]','2025-09-18 23:52:19.000','COMPLETED',1);
/*!40000 ALTER TABLE `Task` ENABLE KEYS */;
UNLOCK TABLES;

--
-- Table structure for table `TaskPhoto`
--

DROP TABLE IF EXISTS `TaskPhoto`;
/*!40101 SET @saved_cs_client     = @@character_set_client */;
/*!50503 SET character_set_client = utf8mb4 */;
CREATE TABLE `TaskPhoto` (
  `id` int NOT NULL AUTO_INCREMENT,
  `url` longtext CHARACTER SET utf8mb4 COLLATE utf8mb4_unicode_ci NOT NULL,
  `createdAt` datetime(3) NOT NULL DEFAULT CURRENT_TIMESTAMP(3),
  `updatedAt` datetime(3) NOT NULL,
  `staffId` int DEFAULT NULL,
  `supplierId` int DEFAULT NULL,
  `taskId` int NOT NULL,
  PRIMARY KEY (`id`),
  KEY `TaskPhoto_staffId_fkey` (`staffId`),
  KEY `TaskPhoto_supplierId_fkey` (`supplierId`),
  KEY `TaskPhoto_taskId_fkey` (`taskId`),
  CONSTRAINT `TaskPhoto_staffId_fkey` FOREIGN KEY (`staffId`) REFERENCES `Staff_Member` (`id`) ON DELETE CASCADE ON UPDATE CASCADE,
  CONSTRAINT `TaskPhoto_supplierId_fkey` FOREIGN KEY (`supplierId`) REFERENCES `Supplier` (`id`) ON DELETE CASCADE ON UPDATE CASCADE,
  CONSTRAINT `TaskPhoto_taskId_fkey` FOREIGN KEY (`taskId`) REFERENCES `Task` (`id`) ON DELETE CASCADE ON UPDATE CASCADE
) ENGINE=InnoDB AUTO_INCREMENT=53 DEFAULT CHARSET=utf8mb4 COLLATE=utf8mb4_unicode_ci;
/*!40101 SET character_set_client = @saved_cs_client */;

--
-- Dumping data for table `TaskPhoto`
--

LOCK TABLES `TaskPhoto` WRITE;
/*!40000 ALTER TABLE `TaskPhoto` DISABLE KEYS */;
INSERT INTO `TaskPhoto` VALUES (1,'1743474641829-Comp Main App.png','2025-04-01 02:30:41.857','2025-04-01 02:30:41.857',1,NULL,1),(2,'1743508797599-newLogo.png','2025-04-01 11:59:57.635','2025-04-01 11:59:57.635',1,NULL,2),(3,'1743704567334-success-chk.png','2025-04-03 18:22:47.385','2025-04-03 18:22:47.385',1,NULL,4),(4,'1743741965877-success-chk.png','2025-04-04 04:46:05.895','2025-04-04 04:46:05.895',1,NULL,5),(5,'1743762583491-success-chk.png','2025-04-04 10:29:43.525','2025-04-04 10:29:43.525',1,NULL,3),(6,'1743770322094-newLogo.png','2025-04-04 12:38:42.124','2025-04-04 12:38:42.124',NULL,3,6),(7,'1743771593807-success-chk.png','2025-04-04 12:59:53.838','2025-04-04 12:59:53.838',1,NULL,7),(8,'1743776581535-cricket-player-icon-990351812.png','2025-04-04 14:23:01.604','2025-04-04 14:23:01.604',1,NULL,8),(9,'1744092309103-Zoom.png','2025-04-08 06:05:09.124','2025-04-08 06:05:09.124',1,NULL,10),(10,'1744093029500-Mug Club 9th April 25.pdf.png','2025-04-08 06:17:09.541','2025-04-08 06:17:09.541',1,NULL,9),(11,'1744741917863-IMG_0762.jpg','2025-04-15 18:31:57.896','2025-04-15 18:31:57.896',1,NULL,11),(12,'1744892971765-image001.png','2025-04-17 12:29:31.778','2025-04-17 12:29:31.778',1,NULL,12),(13,'1745382522550-BCF.jpg','2025-04-23 04:28:42.569','2025-04-23 04:28:42.569',1,NULL,13),(14,'1745903593302-BCF.jpg','2025-04-29 05:13:13.319','2025-04-29 05:13:13.319',2,NULL,14),(15,'1745903675667-BCF.jpg','2025-04-29 05:14:35.683','2025-04-29 05:14:35.683',2,NULL,15),(16,'1746014996766-success-chk.png','2025-04-30 12:09:56.786','2025-04-30 12:09:56.786',1,NULL,16),(17,'1747103730610-BCF.jpg','2025-05-13 02:35:30.630','2025-05-13 02:35:30.630',2,NULL,20),(18,'1747103802608-First Mate (Digital 1920x1080 ad).png','2025-05-13 02:36:42.628','2025-05-13 02:36:42.628',2,NULL,21),(19,'1747103911055-Comp Main App.png','2025-05-13 02:38:31.069','2025-05-13 02:38:31.069',2,NULL,18),(20,'1747272299080-engine hours.png','2025-05-15 01:24:59.096','2025-05-15 01:24:59.096',2,NULL,19),(21,'1747295295324-Outlook-dkai5opt.png','2025-05-15 07:48:15.337','2025-05-15 07:48:15.337',3,NULL,23),(22,'1747295323736-Outlook-dkai5opt.png','2025-05-15 07:48:43.750','2025-05-15 07:48:43.750',3,NULL,22),(23,'1749531253624-success-chk.png','2025-06-10 04:54:13.641','2025-06-10 04:54:13.641',1,NULL,26),(24,'1749543598537-boat.jpg','2025-06-10 08:19:58.553','2025-06-10 08:19:58.553',4,NULL,27),(25,'1749547109590-boat.jpg','2025-06-10 09:18:29.608','2025-06-10 09:18:29.608',4,NULL,28),(26,'1749547276743-boat.jpg','2025-06-10 09:21:16.762','2025-06-10 09:21:16.762',4,NULL,29),(27,'1749547650512-boat.jpg','2025-06-10 09:27:30.531','2025-06-10 09:27:30.531',NULL,6,30),(28,'1749561830036-Boat2.jpg','2025-06-10 13:23:50.060','2025-06-10 13:23:50.060',NULL,6,31),(29,'1749561830038-Boat.jpg','2025-06-10 13:23:50.060','2025-06-10 13:23:50.060',NULL,6,31),(30,'1749681234738-Copy of ACTASKIN_PRODUCT-15.jpg','2025-06-11 22:33:54.971','2025-06-11 22:33:54.971',2,NULL,17),(31,'1752053925562-download.jpg','2025-07-09 09:38:45.627','2025-07-09 09:38:45.627',4,NULL,33),(32,'1752057031321-Boat2.jpg','2025-07-09 10:30:31.340','2025-07-09 10:30:31.340',NULL,7,34),(33,'1752057031322-Boat.jpg','2025-07-09 10:30:31.340','2025-07-09 10:30:31.340',NULL,7,34),(34,'1753291860918-gif1-2.gif','2025-07-23 17:31:00.941','2025-07-23 17:31:00.941',1,NULL,35),(35,'1753335068543-gif1-2.gif','2025-07-24 05:31:08.560','2025-07-24 05:31:08.560',1,NULL,36),(36,'1753698429131-Boat2.jpg','2025-07-28 10:27:09.160','2025-07-28 10:27:09.160',4,NULL,32),(37,'1753698429131-Boat.jpg','2025-07-28 10:27:09.160','2025-07-28 10:27:09.160',4,NULL,32),(38,'1753763847443-file_example_GIF_500kB.gif','2025-07-29 04:37:27.465','2025-07-29 04:37:27.465',1,NULL,37),(39,'1753765030395-gif1.gif','2025-07-29 04:57:10.413','2025-07-29 04:57:10.413',1,NULL,38),(40,'1753772918910-gif1.gif','2025-07-29 07:08:38.929','2025-07-29 07:08:38.929',1,NULL,39),(41,'1753773442554-gif1.gif','2025-07-29 07:17:22.573','2025-07-29 07:17:22.573',1,NULL,40),(42,'1753773760277-gif1.gif','2025-07-29 07:22:40.296','2025-07-29 07:22:40.296',1,NULL,41),(43,'1753777900938-deepwork.png','2025-07-29 08:31:41.009','2025-07-29 08:31:41.009',4,NULL,43),(44,'1754901573624-deepwork.png','2025-08-11 08:39:33.645','2025-08-11 08:39:33.645',NULL,7,45),(45,'1755669255291-Golf Bags (1).png','2025-08-20 05:54:15.331','2025-08-20 05:54:15.331',4,NULL,42),(46,'1756168550999-Man Using Phone App at Yacht Helm (1).png','2025-08-26 00:35:51.037','2025-08-26 00:35:51.037',NULL,12,46),(47,'1757506922623-flirty.png','2025-09-10 12:22:02.660','2025-09-10 12:22:02.660',NULL,15,52),(48,'1757507051478-image_.png','2025-09-10 12:24:11.496','2025-09-10 12:24:11.496',4,NULL,50),(49,'1757511288299-Boat.jpg','2025-09-10 13:34:48.316','2025-09-10 13:34:48.316',4,NULL,44),(50,'1757511918931-Boat.jpg','2025-09-10 13:45:18.945','2025-09-10 13:45:18.945',4,NULL,54),(51,'1757546083136-image.jpg','2025-09-10 23:14:43.157','2025-09-10 23:14:43.157',2,NULL,55),(52,'1758239963518-image.jpg','2025-09-18 23:59:23.543','2025-09-18 23:59:23.543',3,NULL,56);
/*!40000 ALTER TABLE `TaskPhoto` ENABLE KEYS */;
UNLOCK TABLES;

--
-- Table structure for table `TaskSupplierOffer`
--

DROP TABLE IF EXISTS `TaskSupplierOffer`;
/*!40101 SET @saved_cs_client     = @@character_set_client */;
/*!50503 SET character_set_client = utf8mb4 */;
CREATE TABLE `TaskSupplierOffer` (
  `id` int NOT NULL AUTO_INCREMENT,
  `taskId` int NOT NULL,
  `supplierId` int NOT NULL,
  `status` enum('PENDING','ACCEPTED','REJECTED') COLLATE utf8mb4_unicode_ci NOT NULL,
  `responded_at` datetime(3) DEFAULT NULL,
  PRIMARY KEY (`id`),
  UNIQUE KEY `TaskSupplierOffer_taskId_supplierId_key` (`taskId`,`supplierId`),
  KEY `TaskSupplierOffer_supplierId_fkey` (`supplierId`),
  CONSTRAINT `TaskSupplierOffer_supplierId_fkey` FOREIGN KEY (`supplierId`) REFERENCES `Supplier` (`id`) ON DELETE CASCADE ON UPDATE CASCADE,
  CONSTRAINT `TaskSupplierOffer_taskId_fkey` FOREIGN KEY (`taskId`) REFERENCES `Task` (`id`) ON DELETE CASCADE ON UPDATE CASCADE
) ENGINE=InnoDB AUTO_INCREMENT=10 DEFAULT CHARSET=utf8mb4 COLLATE=utf8mb4_unicode_ci;
/*!40101 SET character_set_client = @saved_cs_client */;

--
-- Dumping data for table `TaskSupplierOffer`
--

LOCK TABLES `TaskSupplierOffer` WRITE;
/*!40000 ALTER TABLE `TaskSupplierOffer` DISABLE KEYS */;
INSERT INTO `TaskSupplierOffer` VALUES (1,45,7,'ACCEPTED',NULL),(2,45,6,'REJECTED',NULL),(3,46,12,'ACCEPTED',NULL),(4,47,15,'REJECTED',NULL),(5,47,13,'ACCEPTED',NULL),(6,48,10,'PENDING',NULL),(7,51,15,'ACCEPTED',NULL),(8,52,15,'ACCEPTED',NULL),(9,53,15,'REJECTED',NULL);
/*!40000 ALTER TABLE `TaskSupplierOffer` ENABLE KEYS */;
UNLOCK TABLES;

--
-- Table structure for table `User`
--

DROP TABLE IF EXISTS `User`;
/*!40101 SET @saved_cs_client     = @@character_set_client */;
/*!50503 SET character_set_client = utf8mb4 */;
CREATE TABLE `User` (
  `id` int NOT NULL AUTO_INCREMENT,
  `email` varchar(191) CHARACTER SET utf8mb4 COLLATE utf8mb4_unicode_ci NOT NULL,
  `password` varchar(191) CHARACTER SET utf8mb4 COLLATE utf8mb4_unicode_ci NOT NULL,
  `first_name` varchar(191) CHARACTER SET utf8mb4 COLLATE utf8mb4_unicode_ci NOT NULL,
  `last_name` varchar(191) CHARACTER SET utf8mb4 COLLATE utf8mb4_unicode_ci NOT NULL,
  `company_name` longtext CHARACTER SET utf8mb4 COLLATE utf8mb4_unicode_ci NOT NULL,
  `phone_no` varchar(191) CHARACTER SET utf8mb4 COLLATE utf8mb4_unicode_ci NOT NULL,
  `fcm_token` varchar(191) CHARACTER SET utf8mb4 COLLATE utf8mb4_unicode_ci DEFAULT NULL,
  `act_token` varchar(191) CHARACTER SET utf8mb4 COLLATE utf8mb4_unicode_ci DEFAULT NULL,
  `token` varchar(191) CHARACTER SET utf8mb4 COLLATE utf8mb4_unicode_ci DEFAULT NULL,
  `abn` varchar(191) CHARACTER SET utf8mb4 COLLATE utf8mb4_unicode_ci DEFAULT NULL,
  `isVerified` tinyint(1) NOT NULL DEFAULT '0',
  `company_logo` varchar(191) CHARACTER SET utf8mb4 COLLATE utf8mb4_unicode_ci DEFAULT NULL,
  `trade_license` varchar(191) CHARACTER SET utf8mb4 COLLATE utf8mb4_unicode_ci DEFAULT NULL,
  `accounting_software_used` longtext CHARACTER SET utf8mb4 COLLATE utf8mb4_unicode_ci,
  `about_us` longtext CHARACTER SET utf8mb4 COLLATE utf8mb4_unicode_ci,
  `service_region` longtext CHARACTER SET utf8mb4 COLLATE utf8mb4_unicode_ci,
  `services_offered` longtext CHARACTER SET utf8mb4 COLLATE utf8mb4_unicode_ci,
  `createdAt` datetime(3) NOT NULL DEFAULT CURRENT_TIMESTAMP(3),
  `updatedAt` datetime(3) NOT NULL,
  `ACC` varchar(191) CHARACTER SET utf8mb4 COLLATE utf8mb4_unicode_ci NOT NULL DEFAULT '',
  `BSB` varchar(191) CHARACTER SET utf8mb4 COLLATE utf8mb4_unicode_ci NOT NULL DEFAULT '',
  `stripeCustomerId` varchar(191) CHARACTER SET utf8mb4 COLLATE utf8mb4_unicode_ci DEFAULT NULL,
  `xero_access_token` longtext CHARACTER SET utf8mb4 COLLATE utf8mb4_unicode_ci,
  `xero_refresh_token` varchar(191) CHARACTER SET utf8mb4 COLLATE utf8mb4_unicode_ci DEFAULT NULL,
  `xero_expiresAt` datetime(3) DEFAULT NULL,
  `xero_tenantId` varchar(191) CHARACTER SET utf8mb4 COLLATE utf8mb4_unicode_ci DEFAULT NULL,
  `xero_connected` int NOT NULL DEFAULT '0',
  PRIMARY KEY (`id`),
  UNIQUE KEY `User_email_key` (`email`)
) ENGINE=InnoDB AUTO_INCREMENT=28 DEFAULT CHARSET=utf8mb4 COLLATE=utf8mb4_unicode_ci;
/*!40101 SET character_set_client = @saved_cs_client */;

--
-- Dumping data for table `User`
--

LOCK TABLES `User` WRITE;
/*!40000 ALTER TABLE `User` DISABLE KEYS */;
INSERT INTO `User` VALUES (1,'nikunjposhiya7@gmail.com','$argon2id$v=19$m=65536,t=3,p=4$zZ7Oax0UnvsYA9A/8iJwgw$ordaP25KAMT3knzWfnAGJX0VlEU3LCTOd19FjevQHuU','Nikunj','POshiya','MVP1','9327489849',NULL,'6a631f22574f406e45a942092fffdb32',NULL,NULL,1,NULL,NULL,NULL,NULL,NULL,NULL,'2025-02-28 16:37:23.448','2025-02-28 16:43:35.147','','',NULL,NULL,NULL,NULL,NULL,0),(2,'nikunj.poshiya@mvp1ventures.com','$argon2id$v=19$m=65536,t=3,p=4$FebOdBg2XLtb8Luh/8d5Cg$se6SyoWYHt/RF0vOymJ13hJGWvPm7GlTztrFgD4H+n0','Nikunj','Poshiya','MVP1 VENTURES','9327489849',NULL,'8006333129d8e2973ef9187702efc907',NULL,NULL,1,NULL,NULL,NULL,NULL,NULL,NULL,'2025-02-28 16:41:58.336','2025-02-28 16:43:44.519','','',NULL,NULL,NULL,NULL,NULL,0),(6,'yashraj.ctinfotech@gmail.com','$argon2id$v=19$m=65536,t=3,p=4$pkqUeImCT3SxVgvvLlkw7g$BnR2e9e5lWA4ChtG8nuiu/HOs1/MXACHppj7YaXJJ8c','Yashraj','Singh','Creative Ai','123456789',NULL,'b19c6a86cc205fcedb44dcbb343a488a','p385KzXxOJi6uMf694mwGTil9Ss',NULL,1,NULL,NULL,NULL,NULL,NULL,NULL,'2025-04-28 10:47:24.038','2025-08-26 08:18:09.408','','','cus_SDFjIdrBln3QIf','eyJhbGciOiJSUzI1NiIsImtpZCI6IjFDQUY4RTY2NzcyRDZEQzAyOEQ2NzI2RkQwMjYxNTgxNTcwRUZDMTkiLCJ0eXAiOiJKV1QiLCJ4NXQiOiJISy1PWm5jdGJjQW8xbkp2MENZVmdWY09fQmsifQ.eyJuYmYiOjE3NTIwNTcwOTUsImV4cCI6MTc1MjA1ODg5NSwiaXNzIjoiaHR0cHM6Ly9pZGVudGl0eS54ZXJvLmNvbSIsImF1ZCI6Imh0dHBzOi8vaWRlbnRpdHkueGVyby5jb20vcmVzb3VyY2VzIiwiY2xpZW50X2lkIjoiOTlGNTM0MjVEOTY5NEE4MEI3ODBERENDRkQwQ0YwN0QiLCJzdWIiOiIxM2IxMWQxYzUwNzU1MWJkOTM4MjU0YTMzMDk1NDc3NSIsImF1dGhfdGltZSI6MTc1MjA1MzcxOSwieGVyb191c2VyaWQiOiI2ZjFhZDNlZC0yN2UwLTQ0ZDgtYjhhNy01OGIzYTI2NGY2MjUiLCJnbG9iYWxfc2Vzc2lvbl9pZCI6IjczZTkxNGYzYzZiNzRhYjg4MzY2ODIwODkzNjE3ZWMzIiwic2lkIjoiNzNlOTE0ZjNjNmI3NGFiODgzNjY4MjA4OTM2MTdlYzMiLCJqdGkiOiJFNzE2QzQ5NjRFMjgxMUI2RDUwQTIwNjc0QUEyQUJFQSIsImF1dGhlbnRpY2F0aW9uX2V2ZW50X2lkIjoiMjU1MGFlNjAtMmJhYi00OTAzLWFhNWItODVjNjFhZTBkZjI5Iiwic2NvcGUiOlsiZW1haWwiLCJwcm9maWxlIiwib3BlbmlkIiwiYWNjb3VudGluZy5zZXR0aW5ncyIsImFjY291bnRpbmcudHJhbnNhY3Rpb25zIiwiYWNjb3VudGluZy5jb250YWN0cyIsIm9mZmxpbmVfYWNjZXNzIl0sImFtciI6WyJwd2QiXX0.f8z6f-rR0bEwQmL9cNjRWVPJ9i6R7XkOjhC1CGzKnYDLK0cBA3FGubdQIdT6X486r8JvgXVDZxeWS-uXuUaCnAezz1vdBakKClkz4Mmw11zaY9FznlkVjU3HwXABd7I7YFKfzDdBBatR1cPh1xOJgjrX37zYinz_1KCW_-bO6s8y3FTFg3sr8DVOffGJDinxJeDfhhRoDG_VM_gfS1JnzAGSO48JV8fB-h4rsQcpFGBHgbDzsf4faorJptGagGOz_4zAt-L8dVPzyBhW2jx4bPCsewqq0hwa2qTa5UjF0BGQJCsYnyZ8WKg_XxGQJZs3z63GzNudknQGZv6pwqcpLQ','EGc6Jz0HA8HHdRM73V2YKetH9nVT55RwA5nStDuKRhY','2025-07-09 11:01:36.035','fb62830e-f93a-4406-bfd5-abbd5a6565da',1),(7,'rob@firstmate.com.au','$argon2id$v=19$m=65536,t=3,p=4$QNhzsgYvSmRXo65IlpIRFg$xEPHsSTwdSBHo5prARXHFqJL3QzmVe88vQ/L7A1Xcus','Robert','Bell','First Mate','0483076722',NULL,'6e281d51e0a0e52a4abbeac057add9f2',NULL,'12345678921',1,'1747091717463-First Mate.png',NULL,'Xero','Boat antifoul and cleaning operation been servicing boating industry for 20 years','Gold Coast Australia','Antifoul and cleaning','2025-04-28 22:39:34.576','2025-06-11 22:31:33.590','786123','123456','cus_SDRDn8bUnO7mEe','eyJhbGciOiJSUzI1NiIsImtpZCI6IjFDQUY4RTY2NzcyRDZEQzAyOEQ2NzI2RkQwMjYxNTgxNTcwRUZDMTkiLCJ0eXAiOiJKV1QiLCJ4NXQiOiJISy1PWm5jdGJjQW8xbkp2MENZVmdWY09fQmsifQ.eyJuYmYiOjE3NDk2ODEwOTIsImV4cCI6MTc0OTY4Mjg5MiwiaXNzIjoiaHR0cHM6Ly9pZGVudGl0eS54ZXJvLmNvbSIsImF1ZCI6Imh0dHBzOi8vaWRlbnRpdHkueGVyby5jb20vcmVzb3VyY2VzIiwiY2xpZW50X2lkIjoiOTlGNTM0MjVEOTY5NEE4MEI3ODBERENDRkQwQ0YwN0QiLCJzdWIiOiJkM2RmZGViMjI0NmU1MjliYmJiY2ZiY2YyY2JmZmE2NyIsImF1dGhfdGltZSI6MTc0OTY4MDk1NSwieGVyb191c2VyaWQiOiI1MDhlZjFmMC01YzRmLTRkYjctODhmYi1hMzc1ZGYwZWI1ZmQiLCJnbG9iYWxfc2Vzc2lvbl9pZCI6ImE3MWNlMzJlYmE4ZDQxYjU4Njk0NTMyMjViZjQ5NDQ5Iiwic2lkIjoiYTcxY2UzMmViYThkNDFiNTg2OTQ1MzIyNWJmNDk0NDkiLCJqdGkiOiI2RkYzNEU0QjVCODZEMTVGRTVFMTREQUZDQzhDRjVBRiIsImF1dGhlbnRpY2F0aW9uX2V2ZW50X2lkIjoiNTdiN2EzYWMtYzI2MS00NDEyLWEwMjctYmFiM2JiMGE3MWQ3Iiwic2NvcGUiOlsiZW1haWwiLCJwcm9maWxlIiwib3BlbmlkIiwiYWNjb3VudGluZy5zZXR0aW5ncyIsImFjY291bnRpbmcudHJhbnNhY3Rpb25zIiwiYWNjb3VudGluZy5jb250YWN0cyIsIm9mZmxpbmVfYWNjZXNzIl0sImFtciI6WyJsZWdhY3kiXX0.CSPPZkklk-tct8f0EE-z-zp_Ly4rDhvmuLls0z18XDjD5FOzBIJUx_VPwSKt67WTyejv2oFXVvPvnAQQRNT3kmOfB8jBFTni_JLWVpBjOOSv3E04CpJlfIKeS9d0Vea94pWlhmTULGUchavQWLg33Kgb_QtHPw634_93k9GFkePAlamyyRkLAWyP-NIV_YqRvmlpZZPU7EeBO_Tf8BH9eKrf-Ow8FCmwfyyOxORGh92YUrE6o4-RUed4thTV11PakvRJ1zJgYwdwW9QFOS682cWQ-4QyP3mEPSI9I-hFK_VaCvLdQ5nTkrpWsAY4Ho2r93-vZmZ-RHp-o9Pk5P98Sg','UIvF88tL4THcQKP7bj0kIQCKfGzJAXlP49ohpXiffK4','2025-06-11 23:01:32.000','32bff44d-7548-4a5c-a5f9-0921dcb121ea',1),(8,'abhay.ctinfotech@gmail.com','$argon2id$v=19$m=65536,t=3,p=4$sc0PRsW/P6nhfvx2DAZ51g$KyRdO9GMJNE1ttzt/dv/aNrkmefqKXjfadnhA/BAiqw','Hayley','Camacho','Quinn Nunez Co','5718',NULL,'1595dc5d5faf11b323bed690722b756f','6LWjO94vh2AO2PKi_r6f_wuSPDY',NULL,1,NULL,NULL,NULL,NULL,NULL,NULL,'2025-04-30 12:07:52.335','2025-09-10 12:07:56.980','','','cus_SE1Tzwa5uuqDLP','eyJhbGciOiJSUzI1NiIsImtpZCI6IjFDQUY4RTY2NzcyRDZEQzAyOEQ2NzI2RkQwMjYxNTgxNTcwRUZDMTkiLCJ0eXAiOiJKV1QiLCJ4NXQiOiJISy1PWm5jdGJjQW8xbkp2MENZVmdWY09fQmsifQ.eyJuYmYiOjE3NTYxOTU2MzMsImV4cCI6MTc1NjE5NzQzMywiaXNzIjoiaHR0cHM6Ly9pZGVudGl0eS54ZXJvLmNvbSIsImF1ZCI6Imh0dHBzOi8vaWRlbnRpdHkueGVyby5jb20vcmVzb3VyY2VzIiwiY2xpZW50X2lkIjoiOTlGNTM0MjVEOTY5NEE4MEI3ODBERENDRkQwQ0YwN0QiLCJzdWIiOiJmMmFmOGJjY2M1MWQ1OTRlOTEzODM0MWEyY2RlOGUxZiIsImF1dGhfdGltZSI6MTc1NjE5NTQ3NSwieGVyb191c2VyaWQiOiIxM2Y4Mjg1MC0xM2YxLTQ2NmUtOTc0Zi1hZTEzMTNmZTY4YjEiLCJnbG9iYWxfc2Vzc2lvbl9pZCI6IjU5OWNlMzM3ZjUyYzRmNmRiOTQxNjc2NWM0ZGE0YmE4Iiwic2lkIjoiNTk5Y2UzMzdmNTJjNGY2ZGI5NDE2NzY1YzRkYTRiYTgiLCJhdXRoZW50aWNhdGlvbl9ldmVudF9pZCI6IjAxNmE1YWMzLTMwMmMtNDM0Ny05MzJmLTA4YTgwMDJhNjE0NCIsImp0aSI6IjNDQUZCNzI1NkE3RkQ5MzNGNTVDNzBCM0NGNzMxNTE2Iiwic2NvcGUiOlsiZW1haWwiLCJwcm9maWxlIiwib3BlbmlkIiwiYWNjb3VudGluZy5jb250YWN0cyIsImFjY291bnRpbmcuc2V0dGluZ3MiLCJhY2NvdW50aW5nLnRyYW5zYWN0aW9ucyIsIm9mZmxpbmVfYWNjZXNzIl0sImFtciI6WyJwd2QiXX0.ag9qqXhWj4ok_eiXeep3_bHh11i3sDwJW_lwBTYTcMpchikAjqyafGXw1e1PNbY-E7EbbMNAN2Dyu6hg6CnBGJ4Lgb8Hy-3QdO9Hh6JW0V3i15wD8OF1jUiFWceboW0IiP4GX1AOfbUkcNFX_9wQxCAV7hz97tSZdxO4oGjbT6jMNAuhNv8BsBOSqB5qFhhGutUoKDr4r5e8tklI4XPEJxYKPmW5jFTSWUWgZRX9r7od6Cep_izc5dznmabkU9uFjI9X4N_WSyv8jWGPVKN-pBcjRZeh7G0S06jhr9-4iyRBm5Et1N3vHjnIwPjrHVl9IdnSWm5ogJzJDZoonVkXpg','k_gj0VzIQu3HyMtmibmTyp3_bKFpXQI76gKVz36__SI','2025-08-26 08:37:13.000','aa1de7eb-8c8f-4228-b149-4b9bc033af1d',1),(9,'croftech@outlook.com','$argon2id$v=19$m=65536,t=3,p=4$76NLrtMStw+99Xhb7LMYMw$yMI0K1bUK2TCxvm+ULM8aEimRq29Z8H2M7crDlXwcj0','Benjamin','Croft','Croftech Marine and Motor','0455284323',NULL,'947c2226e778583f49097efe3fe124cf',NULL,'14175592665',1,'1747268938334-image_2025-05-15_102342582.png',NULL,'Xero','All aspects of Marine repairs and Maintenance','South East Queensland','Boat building and repairs, mechanical servicing and repairs, DC electrical upgrades and repairs, Sanitation system repairs, driving tuition, pick up and delivery, new boat quality control, insurance repairs, consulatation.','2025-05-15 00:16:34.375','2025-08-31 22:43:29.212','15813908','638060','cus_SJSOKjFEEtlJVL','eyJhbGciOiJSUzI1NiIsImtpZCI6IjFDQUY4RTY2NzcyRDZEQzAyOEQ2NzI2RkQwMjYxNTgxNTcwRUZDMTkiLCJ0eXAiOiJKV1QiLCJ4NXQiOiJISy1PWm5jdGJjQW8xbkp2MENZVmdWY09fQmsifQ.eyJuYmYiOjE3NTY2ODAyMDgsImV4cCI6MTc1NjY4MjAwOCwiaXNzIjoiaHR0cHM6Ly9pZGVudGl0eS54ZXJvLmNvbSIsImF1ZCI6Imh0dHBzOi8vaWRlbnRpdHkueGVyby5jb20vcmVzb3VyY2VzIiwiY2xpZW50X2lkIjoiOTlGNTM0MjVEOTY5NEE4MEI3ODBERENDRkQwQ0YwN0QiLCJzdWIiOiJlMjY3NDAwMzQ5MWE1MTQ3OTliZTJmYzI0YTRiYWRkNiIsImF1dGhfdGltZSI6MTc1NjY3ODg4MSwieGVyb191c2VyaWQiOiJmOWQ0NDRkNi04MzRhLTQ5OWYtODgwYi01M2U3NjhiNDc5NWQiLCJnbG9iYWxfc2Vzc2lvbl9pZCI6IjA3NTZkYzYxMDU0ZTQ3YjE4Nzc3MjFmOWRiYjQ3MmJkIiwic2lkIjoiMDc1NmRjNjEwNTRlNDdiMTg3NzcyMWY5ZGJiNDcyYmQiLCJhdXRoZW50aWNhdGlvbl9ldmVudF9pZCI6IjYzY2FhZGZlLWQ2YTItNDIzYS04ZjM0LWFhYmMwZGQ4OWU1OCIsImp0aSI6IjRCRDJBQkI2MzFBRDA1MDk0NkI5RjUwMzU4OTM4QzYzIiwic2NvcGUiOlsiZW1haWwiLCJwcm9maWxlIiwib3BlbmlkIiwiYWNjb3VudGluZy5jb250YWN0cyIsImFjY291bnRpbmcuc2V0dGluZ3MiLCJhY2NvdW50aW5nLnRyYW5zYWN0aW9ucyIsIm9mZmxpbmVfYWNjZXNzIl0sImFtciI6WyJwd2QiLCJtZmEiLCJzd2siXX0.iXDWk4smWcClVtPUq26HFGXIup8sjiHCZFHv0ERGCDEuP6nw09r3qNxUNmmKMxDwRaWBGBy7yp9jKozluwKZ03XX4vHJjE-GOwty5B7le4BvnEP28WTosBU4wClYqinfDFmzdDoGoeMi11UsEFmoF0pPE5SFF6LdSq4CUgPEAqj9YWaZDrjZzz25o3RLIZSruBJ-9_aN4MH8EiKtbDoJQ6ubpucYiHqpwj6zlLUaBycp7OJo_NQ5NTmfY7QuWSBtGRAusFHlFf3DG2l82JhGg-6PA9sRowGGO6kl2ZVTWunxhlqHe-TSIW5pz3UFnTzVkFb3Twg_dJ-4g8SdFTTC7Q','sXwp_MevB6_f4mqMYLWBrVNCuQGNkGpmDUCWxmntNf8','2025-08-31 23:13:28.000','4a77e5b6-120c-4a29-9cf5-d44b663c43ea',1),(12,'robjade1608@gmail.com','$argon2id$v=19$m=65536,t=3,p=4$IMd1XlD9alEYvMhWLh1otw$ZhRdH9TL4tHyoFssxYR02vjBktlwDUOIRKvQ6GD3yS0','John','Doe','Marina 1','0483076722',NULL,'8efdb496a4ec893544305d53900bad1c',NULL,NULL,1,NULL,NULL,NULL,NULL,NULL,NULL,'2025-08-21 08:24:12.192','2025-08-21 10:05:54.763','','',NULL,NULL,NULL,NULL,NULL,0),(13,'karanpatel.ctinfotech@gmail.com','$argon2id$v=19$m=65536,t=3,p=4$xvDC0DLxfrxSomM7zm8LBw$hgtG51wBpOvZX17z/qaY3M8PYt/tb7ycNZNTKbA6no4','Yashraj','Singh','Creative Ai','123456789',NULL,'3a45ce46a9a1c6c14dc280829356da6b',NULL,NULL,0,NULL,NULL,NULL,NULL,NULL,NULL,'2025-08-21 08:48:50.861','2025-08-21 08:48:50.861','','',NULL,NULL,NULL,NULL,NULL,0),(14,'gaurav.ctinfotech@gmail.com','$argon2id$v=19$m=65536,t=3,p=4$SviCskLzjx6OFm4SJSdmcA$pGaHcIPUwUkDE3MuJ0vwVX0cyxoinLDH5ZhBOeCdLoY','Mayank','Tomar','Creative Ai','5551234567',NULL,'abf89ad2d17dccb62b61809ba29262d6',NULL,NULL,1,NULL,NULL,NULL,NULL,NULL,NULL,'2025-08-21 08:51:49.750','2025-08-23 08:57:51.589','','',NULL,NULL,NULL,NULL,NULL,0),(15,'chetan@ctinfotech.com','$argon2id$v=19$m=65536,t=3,p=4$jezEEo1GWD3xBeqXz2A5Ng$L7TGhpZhXpzdwNQ3t95fn4rJ0cLXWdWZKia0/mfJLPo','Mayank','Tomar','Creative Ai','5551234567',NULL,'33e842e7297ce283ccb0ffffdf57b51b',NULL,NULL,1,NULL,NULL,NULL,NULL,NULL,NULL,'2025-08-21 09:15:02.316','2025-08-21 10:45:22.845','','','cus_SuJCC3kl4OQvM9',NULL,NULL,NULL,NULL,0),(16,'robkbell@live.com.au','$argon2id$v=19$m=65536,t=3,p=4$hUyZ15n8eZjorgRyMib6IQ$KvVue4bsl5H4F6+oTNr07mb631Yu03oljEJCS91Mweo','John','Doe','Marina 2','0483076722',NULL,'9807503758ab8d47f4ad0cf2bb29efeb',NULL,NULL,1,NULL,NULL,NULL,NULL,NULL,NULL,'2025-08-21 09:39:24.482','2025-08-21 09:55:51.218','','','cus_SuJb4VgFJereWk',NULL,NULL,NULL,NULL,0),(17,'jeremy@battensgroup.com.au','$argon2id$v=19$m=65536,t=3,p=4$Y1XjsoLAznn0Gsd9Qxo3Sw$V1F+y9faJaru+ZXjZhw9UWn0l6zAqJg7Qeofeeg5PZQ','Jeremy','Batten','Battens Pty Ltd','0428442288',NULL,'d2c539a4ce85d0c16fa10107626a532e',NULL,NULL,1,NULL,NULL,NULL,NULL,NULL,NULL,'2025-08-21 21:43:26.267','2025-08-21 21:43:45.431','','','cus_SuVHktEJlknvbA',NULL,NULL,NULL,NULL,0),(18,'danlloyd@yopmail.com','$argon2id$v=19$m=65536,t=3,p=4$SGciJH+umxCAeGiNTWv/IQ$Ed/UhrzClHQRLN//JrzWKz/4/u4iD0qLOYFymCF/wOM','Dan','Lloyd','Creative thoughts','09754858585',NULL,'f14ff9ba57404fa03e5cccf839432971',NULL,NULL,1,NULL,NULL,NULL,NULL,NULL,NULL,'2025-08-26 06:55:07.744','2025-08-26 06:55:44.248','','','cus_Sw94GUbjz02Cob',NULL,NULL,NULL,NULL,0),(19,'samlloyd@yopmail.com','$argon2id$v=19$m=65536,t=3,p=4$0aXyajy+cRkXlRvH32ZGxw$imohfYYnUBDZ/wvBHtVmzvarr1jyPDP0NTTENbKs0lw','Sam','Lloyd','Creative thoughts','09754858585',NULL,'e2cb5765325612565190bf4d3c9b7f7d',NULL,NULL,1,NULL,NULL,NULL,NULL,NULL,NULL,'2025-08-26 07:57:56.086','2025-08-26 08:05:15.322','','','cus_SwA5niZw3lGLBk','eyJhbGciOiJSUzI1NiIsImtpZCI6IjFDQUY4RTY2NzcyRDZEQzAyOEQ2NzI2RkQwMjYxNTgxNTcwRUZDMTkiLCJ0eXAiOiJKV1QiLCJ4NXQiOiJISy1PWm5jdGJjQW8xbkp2MENZVmdWY09fQmsifQ.eyJuYmYiOjE3NTYxOTU1MTQsImV4cCI6MTc1NjE5NzMxNCwiaXNzIjoiaHR0cHM6Ly9pZGVudGl0eS54ZXJvLmNvbSIsImF1ZCI6Imh0dHBzOi8vaWRlbnRpdHkueGVyby5jb20vcmVzb3VyY2VzIiwiY2xpZW50X2lkIjoiOTlGNTM0MjVEOTY5NEE4MEI3ODBERENDRkQwQ0YwN0QiLCJzdWIiOiJmMmFmOGJjY2M1MWQ1OTRlOTEzODM0MWEyY2RlOGUxZiIsImF1dGhfdGltZSI6MTc1NjE5NTQ3NSwieGVyb191c2VyaWQiOiIxM2Y4Mjg1MC0xM2YxLTQ2NmUtOTc0Zi1hZTEzMTNmZTY4YjEiLCJnbG9iYWxfc2Vzc2lvbl9pZCI6IjU5OWNlMzM3ZjUyYzRmNmRiOTQxNjc2NWM0ZGE0YmE4Iiwic2lkIjoiNTk5Y2UzMzdmNTJjNGY2ZGI5NDE2NzY1YzRkYTRiYTgiLCJhdXRoZW50aWNhdGlvbl9ldmVudF9pZCI6ImE5ODMzNDZiLTIwMGYtNGExOC1iOTRlLTExMTkyZTc0ZDEyNCIsImp0aSI6IjA2OTM4ODc5QTk0OTI1NEY5NEFDQzQ3QTcwNUIyNjI5Iiwic2NvcGUiOlsiZW1haWwiLCJwcm9maWxlIiwib3BlbmlkIiwiYWNjb3VudGluZy5jb250YWN0cyIsImFjY291bnRpbmcuc2V0dGluZ3MiLCJhY2NvdW50aW5nLnRyYW5zYWN0aW9ucyIsIm9mZmxpbmVfYWNjZXNzIl0sImFtciI6WyJwd2QiXX0.rJcFydFOHww-0hFzJm8etikdtLgWnKh0ozD5_ANAiNoSBoGio9v0-pni_IdJATLxWLBnN66DgeKarIhaSG9E0PUcfoxFIAjstRO-YvoNMxGMInPJ1zXucIVAW1SmnvCMU5lek7gCSywpt6gXX3J-M_4hFMiCuCKsmIqgglfmQa8bZOg8tlLahxwGTYBBffxZ3S7uMrjHcs14OK0Ac9m41Ev4p71iIWiNi-whZ3b_nbOLYH0eKlUd2u90XI40LhR5v7nE9TBIbVNdyC8gbb8rn1C-c5i8manqZ1Xl-HkMO1awoSBbwmCHnFN8sA6nMZIP7OMTjnysf-R_xw3AFekxkQ','NkuXzFP1366N6VT0BR6XVXupmuF8EIiW_3mg1RpL61w','2025-08-26 08:35:14.000','aa1de7eb-8c8f-4228-b149-4b9bc033af1d',1),(20,'tcross@rmcservice.com.au','$argon2id$v=19$m=65536,t=3,p=4$N1l9p8mBMS2gHrfN40W5/g$vN1nS1UunPfZsXkjdnR+X75PjWOGqBBahsfbnNJfixs','Travis','Cross','RMC Service Centre','0406806062',NULL,'eae143d9266bdbc3dbbe7a791b2fe9c9',NULL,'82621649214',1,'1756789641820-RMC Artboard-1@2x-2.png',NULL,'Xero','','South East Queensland','Servicing','2025-09-02 04:54:58.645','2025-09-02 05:07:21.823','0000','000','cus_SyjimrKysGLvCI',NULL,NULL,NULL,NULL,0),(21,'craig@catlinelectrix.com.au','$argon2id$v=19$m=65536,t=3,p=4$Cjfar+CtvX32daEPbSU0+Q$Q37ipd02UKUtU2sEK1S/V8uLC//JjDtfZuwEr8UR/1U','Craig','Catlin','Catlin Electrix','+61455093935',NULL,'65119a12f0d14cf254feb2c4178d3dbd',NULL,NULL,1,NULL,NULL,NULL,NULL,NULL,NULL,'2025-11-06 05:49:57.276','2025-11-06 05:50:00.923','','','cus_TN6HomzHSyGEk4',NULL,NULL,NULL,NULL,0),(22,'ahoy@firstmate.com.au','$argon2id$v=19$m=65536,t=3,p=4$A1/9uJDR5bA5sdC/3fJvRg$hGctc/ySsb/gN5LbZQcM6kI3pOojJrG2suMBVDm4duI','Ahoy','FM','Ahoy','+61483076722',NULL,'f476f8b8db52b536a7fa9aa7c51a2aa9','UHwuTlvwV8zOW1EWmWklDWFpw98',NULL,1,NULL,NULL,NULL,NULL,NULL,NULL,'2025-11-10 01:27:07.485','2025-11-26 11:19:54.734','','','cus_TUg7i1TKkLGfEp',NULL,NULL,NULL,NULL,0),(23,'krishn.ctinfotech@gmail.com','$argon2id$v=19$m=65536,t=3,p=4$hMX8tZQOHVx/+Iv4FgARIw$ztmNJ5jd4T5IG66meZ42QRq8yVkLGH7xlDQNPPyV898','Abhay','Mourya','Cti','9864355623',NULL,'33449e83201bff9cb505c20793c21c39',NULL,NULL,0,NULL,NULL,NULL,NULL,NULL,NULL,'2025-11-12 12:26:28.318','2025-11-12 12:26:28.318','','',NULL,NULL,NULL,NULL,NULL,0),(24,'mourya54@mailinator.com','$argon2id$v=19$m=65536,t=3,p=4$tOAQAxzN/hGbWnxTH4jxjg$srHvAPsYWgYhfC4qyXekz9Box7YXLw65pxiHe9Pkn74','Abhay','Mourya','Cti','9864355623',NULL,'0a1cce8fb0f07988fa5a22578436d21c',NULL,NULL,0,NULL,NULL,NULL,NULL,NULL,NULL,'2025-11-12 12:30:34.228','2025-11-12 12:30:34.228','','',NULL,NULL,NULL,NULL,NULL,0),(25,'mourya588@mailinator.com','$argon2id$v=19$m=65536,t=3,p=4$N650ocoYpja8kzx9N+x9Aw$et8i9sH3ITdau3i9gwP0aNa1EGDPh7bPiAjDX2vSVT8','Abhay','Mourya','Cti','9864355623',NULL,'12f5b25a880fda6b115749430d5b3a16',NULL,NULL,0,NULL,NULL,NULL,NULL,NULL,NULL,'2025-11-12 12:59:14.122','2025-11-12 12:59:14.122','','',NULL,NULL,NULL,NULL,NULL,0),(26,'mourya58@mailinator.com','$argon2id$v=19$m=65536,t=3,p=4$qGNI/WFlHM7eGMfo2+bziA$y5mhiqTcmAnwH+aK+odC+n+eB02rEm51MRwEtLm1KwU','Abhay','Mourya','Cti','9864355623',NULL,'4c20c35d532521c75ea1fc95514b1aca',NULL,NULL,0,NULL,NULL,NULL,NULL,NULL,NULL,'2025-11-12 13:10:24.080','2025-11-12 13:10:24.080','','',NULL,NULL,NULL,NULL,NULL,0),(27,'mourya5888@mailinator.com','$argon2id$v=19$m=65536,t=3,p=4$HQP6/VJ5McrQ/DkV/ue2Mw$8BXs4vTAPgDcZ44O59zIC3MSHWwpAy3Jj+ID5El6cBg','Abhay','Mourya','Cti','9864355623',NULL,'cd8d1022c5aa372e9f70fb1ad0615377',NULL,NULL,0,NULL,NULL,NULL,NULL,NULL,NULL,'2025-11-12 13:44:16.419','2025-11-12 13:44:16.419','','',NULL,NULL,NULL,NULL,NULL,0);
/*!40000 ALTER TABLE `User` ENABLE KEYS */;
UNLOCK TABLES;

--
-- Table structure for table `UserSupplier`
--

DROP TABLE IF EXISTS `UserSupplier`;
/*!40101 SET @saved_cs_client     = @@character_set_client */;
/*!50503 SET character_set_client = utf8mb4 */;
CREATE TABLE `UserSupplier` (
  `id` int NOT NULL AUTO_INCREMENT,
  `userId` int NOT NULL,
  `supplierId` int NOT NULL,
  `createdAt` datetime(3) NOT NULL DEFAULT CURRENT_TIMESTAMP(3),
  `updatedAt` datetime(3) NOT NULL,
  `name` varchar(191) CHARACTER SET utf8mb4 COLLATE utf8mb4_unicode_ci DEFAULT NULL,
  PRIMARY KEY (`id`),
  UNIQUE KEY `UserSupplier_userId_supplierId_key` (`userId`,`supplierId`),
  KEY `UserSupplier_supplierId_fkey` (`supplierId`),
  CONSTRAINT `UserSupplier_supplierId_fkey` FOREIGN KEY (`supplierId`) REFERENCES `Supplier` (`id`) ON DELETE CASCADE ON UPDATE CASCADE,
  CONSTRAINT `UserSupplier_userId_fkey` FOREIGN KEY (`userId`) REFERENCES `User` (`id`) ON DELETE CASCADE ON UPDATE CASCADE
) ENGINE=InnoDB AUTO_INCREMENT=18 DEFAULT CHARSET=utf8mb4 COLLATE=utf8mb4_unicode_ci;
/*!40101 SET character_set_client = @saved_cs_client */;

--
-- Dumping data for table `UserSupplier`
--

LOCK TABLES `UserSupplier` WRITE;
/*!40000 ALTER TABLE `UserSupplier` DISABLE KEYS */;
INSERT INTO `UserSupplier` VALUES (1,1,3,'2025-04-04 12:20:45.482','2025-04-04 12:20:45.482','MVP1'),(2,9,4,'2025-05-15 01:34:21.805','2025-05-15 01:34:21.805','Nathan White Marine Services'),(3,1,5,'2025-06-10 04:45:46.156','2025-06-10 04:45:46.156','Testing Supplier'),(4,6,6,'2025-06-10 09:23:49.108','2025-06-10 09:23:49.108','Mark Lewis'),(5,6,7,'2025-07-09 10:19:21.840','2025-07-09 10:19:21.840','Liam Hartley'),(6,6,8,'2025-08-11 09:28:59.300','2025-08-11 09:28:59.300','Robert head'),(7,17,9,'2025-08-25 06:11:55.024','2025-08-25 06:11:55.024','Croftech'),(8,17,10,'2025-08-25 22:54:02.313','2025-08-25 22:54:02.313','Battens Group'),(9,17,11,'2025-08-25 22:54:49.071','2025-08-25 22:54:49.071','Pippa Batten'),(10,17,12,'2025-08-26 00:11:45.674','2025-08-26 00:11:45.674','Rob Bell'),(11,18,13,'2025-08-26 06:59:01.583','2025-08-26 06:59:01.583','Harshit Rajpal'),(12,18,14,'2025-08-26 06:59:09.151','2025-08-26 06:59:09.151','Abhay Mourya'),(13,6,13,'2025-08-26 08:19:28.468','2025-08-26 08:19:28.468','Harshit Rajpal'),(14,6,15,'2025-08-26 08:19:50.235','2025-08-26 08:19:50.235','Chetan Rathore'),(15,9,16,'2025-08-31 22:44:45.524','2025-08-31 22:44:45.524','TRK Marine Solutions'),(16,9,17,'2025-08-31 22:45:40.257','2025-08-31 22:45:40.257','Aquatech Marine Services'),(17,9,18,'2025-08-31 22:46:46.256','2025-08-31 22:46:46.256','Coastal Watermakers');
/*!40000 ALTER TABLE `UserSupplier` ENABLE KEYS */;
UNLOCK TABLES;

--
-- Table structure for table `_prisma_migrations`
--

DROP TABLE IF EXISTS `_prisma_migrations`;
/*!40101 SET @saved_cs_client     = @@character_set_client */;
/*!50503 SET character_set_client = utf8mb4 */;
CREATE TABLE `_prisma_migrations` (
  `id` varchar(36) CHARACTER SET utf8mb4 COLLATE utf8mb4_unicode_ci NOT NULL,
  `checksum` varchar(64) CHARACTER SET utf8mb4 COLLATE utf8mb4_unicode_ci NOT NULL,
  `finished_at` datetime(3) DEFAULT NULL,
  `migration_name` varchar(255) CHARACTER SET utf8mb4 COLLATE utf8mb4_unicode_ci NOT NULL,
  `logs` text CHARACTER SET utf8mb4 COLLATE utf8mb4_unicode_ci,
  `rolled_back_at` datetime(3) DEFAULT NULL,
  `started_at` datetime(3) NOT NULL DEFAULT CURRENT_TIMESTAMP(3),
  `applied_steps_count` int unsigned NOT NULL DEFAULT '0',
  PRIMARY KEY (`id`)
) ENGINE=InnoDB DEFAULT CHARSET=utf8mb4 COLLATE=utf8mb4_unicode_ci;
/*!40101 SET character_set_client = @saved_cs_client */;

--
-- Dumping data for table `_prisma_migrations`
--

LOCK TABLES `_prisma_migrations` WRITE;
/*!40000 ALTER TABLE `_prisma_migrations` DISABLE KEYS */;
INSERT INTO `_prisma_migrations` VALUES ('0251ec30-e7c5-4e71-a709-d1e3e482e76e','a954a83360df3eaa04d77db34ac5cafe68c011b48af5c994bd1e01a0f26e76d3','2025-06-09 16:52:44.136','20250609165240_mi6',NULL,NULL,'2025-06-09 16:52:40.363',1),('18b9df75-b882-48ef-b5c9-495f17b0d71f','178699f3a6a2123b2bc7d8e955fa946ef6a2481527e55ce924f811fce615cea8','2025-08-11 07:23:05.686','20250811072305_added_task_supplier_job',NULL,NULL,'2025-08-11 07:23:05.312',1),('2586d698-cf09-42a9-b7df-087a089df714','f9d01a3e663b7c6115cfb5cddb593ef2da68b50f2b9a677d6a4f42cd3ac1cb87','2025-07-09 09:30:13.054','20250709093012_added_notes_in_lead',NULL,NULL,'2025-07-09 09:30:12.955',1),('27f326dc-a3bd-4efa-b1ea-79d155d8c3ae','d54e09a43c5d628a280d46bebc2f71863ccfa6e9ccb132373531aa0f1eb7d6c2','2025-07-09 06:49:56.950','20250709064956_added_default_value_in_active_minutes_cti_yashraj',NULL,NULL,'2025-07-09 06:49:56.888',1),('8288e417-308f-4310-8fc1-dde0d47f7674','53c8c55477ef9fc19dabd057b2d94a9633da981d652bb91a1b04d61e78ab21c2','2025-07-09 06:35:22.589','20250709063522_cti_june_sprint',NULL,NULL,'2025-07-09 06:35:22.343',1),('edf5443a-80be-4a89-b46c-9146a8ac8029','c990f8e98b69cc94fe1d1d1b699173aa067e17bc248eea9585e1bd81f0dfbcd8','2025-09-10 11:22:38.230','20250910112237_changes_in_timer_logs_and_dock',NULL,NULL,'2025-09-10 11:22:37.838',1);
/*!40000 ALTER TABLE `_prisma_migrations` ENABLE KEYS */;
UNLOCK TABLES;
SET @@SESSION.SQL_LOG_BIN = @MYSQLDUMP_TEMP_LOG_BIN;
/*!40103 SET TIME_ZONE=@OLD_TIME_ZONE */;

/*!40101 SET SQL_MODE=@OLD_SQL_MODE */;
/*!40014 SET FOREIGN_KEY_CHECKS=@OLD_FOREIGN_KEY_CHECKS */;
/*!40014 SET UNIQUE_CHECKS=@OLD_UNIQUE_CHECKS */;
/*!40101 SET CHARACTER_SET_CLIENT=@OLD_CHARACTER_SET_CLIENT */;
/*!40101 SET CHARACTER_SET_RESULTS=@OLD_CHARACTER_SET_RESULTS */;
/*!40101 SET COLLATION_CONNECTION=@OLD_COLLATION_CONNECTION */;
/*!40111 SET SQL_NOTES=@OLD_SQL_NOTES */;

-- Dump completed on 2025-11-28  6:49:46
