-- Table structure for table "accommodation_category_master"
--

DROP TABLE IF EXISTS "accommodation_category_master";
CREATE TABLE "accommodation_category_master" (
  "category_id" integer GENERATED BY DEFAULT AS IDENTITY,
  "category_name" varchar(255) DEFAULT NULL,
  "image" varchar(255) DEFAULT NULL,
  "description" text,
  "created_at" timestamp NOT NULL DEFAULT CURRENT_TIMESTAMP,
  "updated_at" timestamp DEFAULT NULL,
  PRIMARY KEY ("category_id")
);

--
-- Dumping data for table "accommodation_category_master"
--

INSERT INTO "accommodation_category_master" VALUES (1,'Apartment',NULL,'this is dummy description','2025-07-11 15:45:18','2025-07-11 12:14:04');

--
-- Table structure for table "admin_master"
--

DROP TABLE IF EXISTS "admin_master";
CREATE TABLE "admin_master" (
  "admin_id" integer GENERATED BY DEFAULT AS IDENTITY,
  "user_type" int NOT NULL DEFAULT '1' ,
  "full_name" varchar(255) DEFAULT NULL,
  "email" varchar(255) DEFAULT NULL,
  "mobile" text,
  "password" varchar(255) DEFAULT NULL,
  "profile_image" varchar(255) DEFAULT NULL,
  "act_token" varchar(255) DEFAULT NULL,
  "fcm_token" varchar(255) DEFAULT NULL,
  "is_pending" int NOT NULL DEFAULT '0',
  "is_active" int NOT NULL DEFAULT '1',
  "created_at" timestamp NOT NULL DEFAULT CURRENT_TIMESTAMP,
  "updated_at" timestamp DEFAULT NULL,
  PRIMARY KEY ("admin_id")
);

--
-- Dumping data for table "admin_master"
--

INSERT INTO "admin_master" VALUES (1,1,'Admin  flexsirent','flexsirent@mailinator.com',NULL,'$2b$12$b9Uz6bpJVBnMlXBrU4ZUzulE9vAw6i4HyuY1.e5U5CH2y3aDbfY7u','file1777038005620.jpg','wuywXFiDLx5205pEm3jrQyoWFF0','',0,1,'2025-07-11 16:50:57','2025-07-11 13:20:18'),(2,2,'Duncan Morrison','john@mailinator.com','+4564565544','$2b$12$PZdkFDLmGZjKzS.NFZHcFe4aE0pRtLqxdo0g4xOmRNZsgH5f6R3/y','file1754055523477.jpg',NULL,NULL,0,1,'2025-07-24 09:35:41',NULL),(3,2,'Teagan Herrera','moraryfam@mailinator.com','45545456','$2b$12$Yrg8NZyDn8APEJRoa.6r1eY9SoSIqtLCdJBAcZsuyHIBmVMrzlQzy',NULL,NULL,NULL,0,1,'2025-07-24 10:07:33',NULL),(4,2,'Thor Hamilton','hidadyhek@mailinator.com','7788996655','$2b$12$KOzTWDTDR0hj.k5SZA1YHOZP4Lwz5odnycB1NoILoybo7XOxqVE6q',NULL,NULL,NULL,0,1,'2025-07-24 10:32:02',NULL),(5,2,'Jos Butler','jos@mailinator.com','1234567890','$2b$12$1GfQ1/aEny6D2lifNcrSsOO12FiiG2BM/ht0i.1ZKkSyw761yZSdm','file1753455794999.png','QNjJHOPGku5zbVJp3KWVoE6L5k0',NULL,1,1,'2025-07-25 14:56:41',NULL),(6,2,'Sub Admin 2','scott@mailinator.com','5445456545','$2b$12$ROv0YkooJBx0mZHDCn0iA.UaF1ko28u.2j7ARf3ZLjtmVp4iypFC2',NULL,'',NULL,1,1,'2025-10-10 06:35:33',NULL),(7,2,'Audra Warner','motukugub@mailinator.com','9988998899','$2b$12$u5xTpvmhUvEVYmZKuuo.NeX/jg4ciGs98CG3Y2zAWT37Fov/K7HtW',NULL,'fd3ed770e758bf8f9f51ae7fc67cb03c',NULL,0,1,'2025-10-10 06:52:21',NULL),(8,2,'Sub Admin 2','scott1@mailinator.com','5445456545','$2b$12$537bTXWyZkM9SLCIY9vrae5iHVcVL5xvcoGx7XEvEAfTxo6hG6.sW',NULL,'1ed623dbd63ae706b19b15aa645c3b08',NULL,0,1,'2025-10-10 07:04:44',NULL),(9,2,'Jada Fields','Jada@mailinator.com','7594850483','$2b$12$ix4oHvrakYKYNeYSVxu7te0d1eKVPkKhxBtEb0ARBJfwQLFt2nvVO',NULL,'7dd5d5c15fa630aa12cd7d96da87152e',NULL,0,1,'2025-10-10 07:18:20',NULL),(10,2,'Fritz Calhoun','faluzo@mailinator.com','9988559500','$2b$12$w3C5EIcW.hpd3TYioXbkpur0OY3FHmt9YjgklIDXIKrIVnbWl5.pq',NULL,'75e9a3d6564a5f877c682bdf73ad718f',NULL,0,1,'2025-10-10 07:49:14',NULL),(11,2,'Barrett Thompson','mitibyto@mailinator.com','9988998899','$2b$12$6PlcE3Br6gxXAeMAalcCEOiroFnKTYnzk1PGTd6PhgdD5YsIN4XiS',NULL,'',NULL,1,1,'2025-10-10 08:26:03',NULL),(12,2,'Jack Molina','Molina@mailinator.com','9933388833','$2b$12$MS078aRTTMElrCR2hcFIQOZq8BL3YcBWT8PFbIpbGDkAe5.OB4DX2',NULL,'',NULL,1,1,'2025-10-10 09:25:46',NULL),(13,2,'Abhay Mourya','abhay.ctinfotech@gmail.com','+919765454545','$2b$12$EXlGKP/uwQKKl4TWH2B7t.oYRTSGQB37ejTGrDYK4ymVOnsabbEGe',NULL,'',NULL,1,1,'2025-10-10 09:38:40',NULL),(14,2,'David D','david@mailinator.com','+919827911403','$2b$12$vGj7TrajGvHK5lk1VzI4u.AcPOVGf0l4xjHSu7Fviugtr3EWYLL6.','file1770360512577.jpg','',NULL,1,0,'2026-02-06 06:43:17',NULL),(15,2,'silliam son','silliam@yopmail.com','+919876512345','$2b$12$VOETtyCJpsglxMyQH6QsEeSyT4rZ3IyU/VF8cBVr/cNCSoac850fK',NULL,'',NULL,1,1,'2026-04-24 11:42:18',NULL),(16,2,'Sub Admin','sub@gmail.com','+34859685967','$2b$12$/6haLHVyolEhYH89vQoN4ea2YTEZiBMLq5uMKkubfnFLnMy/2nfkC',NULL,'33e2ab257d4cb3788c5ccec7dce84171',NULL,0,1,'2026-04-24 14:18:09',NULL),(17,2,'sub admin','subadmin@mailinator.com','+34859685748','$2b$12$5.TEFyISZoMwey5hCvpgQeel1nwXJOC8uThAmdOrqa5FwwPbuOR/6',NULL,'755c0408c7edf6d928e2749a412fa836',NULL,0,1,'2026-04-24 14:18:59',NULL),(18,2,'yenki','yenki@yopmail.com','+34872131313','$2b$12$8E14hDVBDiu6PWg6n.lGfuQi4RGHY4KSEW9OmnU6iAB047LNpUZ6q',NULL,'bc27486cbb0f64cceffd31ff7f8a2766',NULL,0,1,'2026-04-24 14:24:43',NULL),(19,2,'sub admin','adminsub@mailinator.com','+34857496854','$2b$12$fnnna0qiEcgWKpQFOxIdxOnLPKHba1n/Hh0VlDsoQhTRH27hpomSG',NULL,'33c4166af536132e76f5d7dc06740a60',NULL,0,1,'2026-04-24 14:26:22',NULL),(20,2,'sub admin','subadmin@yopmail.com','+34859685741','$2b$12$HD0r95fPoY30Lry.q17IseC3N1K1hw0HXlQy0weIrtmmCSf.u0CTu',NULL,'',NULL,1,1,'2026-04-24 14:27:33',NULL);

--
-- Table structure for table "amenities_master"
--

DROP TABLE IF EXISTS "amenities_master";
CREATE TABLE "amenities_master" (
  "amenities_id" integer GENERATED BY DEFAULT AS IDENTITY,
  "title" varchar(255) DEFAULT NULL,
  "created_at" timestamp NOT NULL DEFAULT CURRENT_TIMESTAMP,
  "updated_at" timestamp DEFAULT NULL,
  PRIMARY KEY ("amenities_id")
);

--
-- Dumping data for table "amenities_master"
--

INSERT INTO "amenities_master" VALUES (1,'Kitchen','2025-07-23 09:49:24',NULL),(2,'Air Conditioning','2025-07-23 09:49:54',NULL),(3,'Free Parking on Premises','2025-07-23 09:49:54',NULL),(4,'Fridge','2025-07-23 09:50:24',NULL),(5,'Wi-Fi','2025-07-23 09:50:24',NULL),(6,'Private Back Garden','2025-07-23 09:50:48',NULL),(7,'TV','2025-07-23 09:50:48',NULL),(8,'Swimming Pool','2025-07-23 09:51:00',NULL);

--
-- Table structure for table "blog_category_master"
--

DROP TABLE IF EXISTS "blog_category_master";
CREATE TABLE "blog_category_master" (
  "blog_category_id" integer GENERATED BY DEFAULT AS IDENTITY,
  "name" varchar(255) DEFAULT NULL,
  "created_at" timestamp NOT NULL DEFAULT CURRENT_TIMESTAMP,
  "updated_at" timestamp DEFAULT NULL,
  PRIMARY KEY ("blog_category_id")
);

--
-- Dumping data for table "blog_category_master"
--

--
-- Table structure for table "blog_image_master"
--

DROP TABLE IF EXISTS "blog_image_master";
CREATE TABLE "blog_image_master" (
  "blog_image_id" integer GENERATED BY DEFAULT AS IDENTITY,
  "blog_id" int DEFAULT NULL,
  "image" varchar(255) DEFAULT NULL,
  "created_at" timestamp NOT NULL DEFAULT CURRENT_TIMESTAMP,
  "updated_at" timestamp DEFAULT NULL,
  PRIMARY KEY ("blog_image_id")
);

--
-- Dumping data for table "blog_image_master"
--

INSERT INTO "blog_image_master" VALUES (1,1,'file1753185567336.png','2025-09-03 07:51:45',NULL),(3,3,'image1756894275108.jpg','2025-09-03 10:11:15',NULL),(5,5,'image1770290096805.jpg','2026-02-05 11:14:59',NULL),(6,6,'image1777039914701.png','2026-04-24 14:11:59',NULL);

--
-- Table structure for table "blog_master"
--

DROP TABLE IF EXISTS "blog_master";
CREATE TABLE "blog_master" (
  "blog_id" integer GENERATED BY DEFAULT AS IDENTITY,
  "title" varchar(255) DEFAULT NULL,
  "blog_content" text,
  "created_at" timestamp NOT NULL DEFAULT CURRENT_TIMESTAMP,
  "updated_at" timestamp DEFAULT NULL,
  PRIMARY KEY ("blog_id")
);

--
-- Dumping data for table "blog_master"
--

INSERT INTO "blog_master" VALUES (1,'Where to List Your Rental Property for Maximum Exposure and Minimal Fees','Today’s rental market presents particular difficulties for both renters and property owners. Finding a property that meets their needs could be too much for tenants. Listing a rental property may be costly and laborious for homeowners. Fortunately, there are now websites that let you find rental listings by the owner and post your rental property for free, therefore simplifying and cheapening the procedure for everybody concerned.\r\n\r\nListing Your Rental Property for Free Is Rising\r\nListing a rental property no longer calls for paying large fees to a real estate agent. Many websites now let homeowners post their rental homes for free, so they directly interact with possible renters. This innovative approach lets landlords save money and yet reach a broad audience by removing the need for intermediaries. List your rental property for free gives you total control over the lease process, from pricing to inquiry handling.\r\n\r\nListing Your Rental Property for Free Is Rising\r\nListing a rental property no longer calls for paying large fees to a real estate agent. Many websites now let homeowners post their rental homes for free, so they directly interact with possible renters. This innovative approach lets landlords save money and yet reach a broad audience by removing the need for intermediaries. List your rental property for free gives you total control over the lease process, from pricing to inquiry handling.','2025-09-03 07:42:07',NULL),(3,'Eos consequatur es','<p>hello this the new content 2</p>','2025-09-03 10:11:15',NULL),(5,'Dummy Blog','<h2>Where Indoors and Outdoors Become One</h2><p><br></p><p>Step outside, and the magic deepens. The covered patio isn’t just an “extension” of the home—it <em>is</em> the home at its most alive. Imagine:</p><ol><li data-list=\"bullet\"><span class=\"ql-ui\" contenteditable=\"false\"></span><strong>Sipping coffee at dawn</strong> on a plush lounge chair, the morning light spilling over the pool.</li><li data-list=\"bullet\"><span class=\"ql-ui\" contenteditable=\"false\"></span><strong>Hosting a summer dinner</strong> under the soft glow of recessed lighting, with the scent of grilled food and laughter filling the air.</li><li data-list=\"bullet\"><span class=\"ql-ui\" contenteditable=\"false\"></span><strong>Winding down at night</strong> with a book, the pool’s gentle ripples reflecting the stars.</li></ol><p><br></p><p>The patio’s open layout—complete with a built-in grill, dining table, and cozy seating—feels like a stage set for life’s best moments. And that’s the point: this space isn’t designed for show. It’s designed for <em>living</em>.</p>','2026-02-05 11:14:59',NULL),(6,'New Blog','<p>this is blog content</p>','2026-04-24 14:11:59',NULL);

--
-- Table structure for table "booking_master"
--

DROP TABLE IF EXISTS "booking_master";
CREATE TABLE "booking_master" (
  "booking_id" integer GENERATED BY DEFAULT AS IDENTITY,
  "user_id" int DEFAULT NULL,
  "host_id" int DEFAULT NULL,
  "property_id" int DEFAULT NULL,
  "booking_status" int NOT NULL DEFAULT '0' ,
  "check_out_status" smallint NOT NULL DEFAULT '0',
  "doc_status" varchar(255) NOT NULL DEFAULT 'NOT REQUESTED',
  "requested_doc" text,
  "payment_status" int NOT NULL DEFAULT '0' ,
  "contract_status" int NOT NULL DEFAULT '0' ,
  "is_canceled" varchar(255) NOT NULL DEFAULT 'No',
  "cancel_reason" text,
  "booking_step" int NOT NULL DEFAULT '1',
  "full_name" varchar(255) DEFAULT NULL,
  "email" varchar(255) DEFAULT NULL,
  "phone_number" varchar(255) DEFAULT NULL,
  "nationality" varchar(255) DEFAULT NULL,
  "total_price" decimal(10,2) DEFAULT NULL,
  "booked_from" date DEFAULT NULL,
  "booked_to" date DEFAULT NULL,
  "purpose_of_stay" varchar(255) DEFAULT NULL,
  "guest" int DEFAULT NULL,
  "stay_duration" int DEFAULT NULL,
  "monthly_rent" decimal(10,2) DEFAULT NULL,
  "security_deposit" int DEFAULT NULL,
  "cleaning_fee" decimal(10,2) NOT NULL DEFAULT '0.00',
  "offer_value" decimal(10,2) DEFAULT '0.00',
  "cleaning_fee_type" smallint NOT NULL DEFAULT '0',
  "user_earning" decimal(10,2) DEFAULT NULL,
  "host_earning" decimal(10,2) DEFAULT NULL,
  "cancellation_reason" text,
  "created_at" timestamp NOT NULL DEFAULT CURRENT_TIMESTAMP,
  "updated_at" timestamp DEFAULT NULL,
  "payment_at" timestamp DEFAULT NULL,
  PRIMARY KEY ("booking_id")
);

--
-- Dumping data for table "booking_master"
--

INSERT INTO "booking_master" VALUES (5,13,1,1,1,0,'NOT REQUESTED',NULL,0,0,'No',NULL,1,'Morgan Freeman','morgan@mailinator.com','5536456311','U.S.',16400.00,'2025-08-30','2025-09-30','College Students',3,31,8000.00,8000,0.00,0.00,0,400.00,420.00,NULL,'2025-07-21 09:31:12',NULL,'2025-09-02 11:51:58'),(7,13,5,13,1,0,'NOT REQUESTED',NULL,1,0,'Guest','Testing',1,'Dakota Wilkinson','goluf@mailinator.com','7485965841','French Guiana',51.30,'2025-09-01','2025-09-16','Other',1,13,3.00,50,0.00,0.00,0,NULL,2.57,NULL,'2025-09-01 11:32:58','2025-12-12 17:42:20','2025-12-09 06:31:34'),(8,13,1,3,1,0,'NOT REQUESTED',NULL,1,0,'No',NULL,1,'Jakeem Fleming','qyrir@mailinator.com','7485965841','Western Sahara',10166.67,'2026-01-01','2026-02-01','Work / Job Assignment',1,31,5000.00,5000,0.00,0.00,0,NULL,508.33,NULL,'2025-09-01 14:25:16','2025-12-12 17:42:16','2025-10-31 09:29:15'),(17,21,10,23,1,0,'NOT REQUESTED',NULL,1,0,'No',NULL,1,'Leo Carr','pyrasakex@mailinator.com','74859658','Cyprus',7200.00,'2025-09-17','2025-09-21','Family Visit',1,4,9000.00,6000,0.00,0.00,0,NULL,360.00,NULL,'2025-09-17 07:16:35',NULL,'2025-10-29 06:06:12'),(18,32,5,15,1,0,'NOT REQUESTED',NULL,1,0,'No',NULL,1,'Karleigh Sweet','sera@mailinator.com','74859685','Swaziland',94.30,'2025-09-17','2025-09-20','Other',NULL,3,3.00,94,0.00,0.00,0,NULL,4.72,NULL,'2025-09-17 11:30:54',NULL,'2025-11-03 07:54:05'),(19,28,9,21,1,1,'NOT REQUESTED',NULL,1,0,'No',NULL,1,'Rohan','rohan@mailinator.com','74859658','Angola',38.27,'2025-09-16','2025-09-17','Work / Job Assignment',NULL,1,8.00,38,0.00,0.00,0,NULL,1.91,NULL,'2025-09-17 12:13:45',NULL,'2025-09-17 12:17:34'),(20,30,2,30,1,0,'NOT REQUESTED',NULL,1,0,'No',NULL,1,'Noah Johansson','Noah@yopmail.com','7788997744','Aruba',45.00,'2025-10-15','2025-10-25','Short-Term Stay',NULL,10,12.00,33,8.00,0.00,1,NULL,2.25,NULL,'2025-10-15 11:19:05',NULL,'2025-10-15 11:31:41'),(21,30,2,30,1,0,'NOT REQUESTED',NULL,1,0,'No',NULL,1,'vawom','gyka@mailinator.com','7788998877','Aruba',61.40,'2025-10-26','2025-11-26','Relocation / Moving City',NULL,31,12.00,33,8.00,0.00,1,NULL,3.07,NULL,'2025-10-15 11:40:14',NULL,'2025-10-15 11:41:45'),(22,34,5,13,1,0,'NOT REQUESTED',NULL,1,0,'No',NULL,1,'alison burger','alison@mailinator.com','7485965841','India',50.20,'2025-10-31','2025-11-02','Work / Job Assignment',NULL,2,3.00,50,0.00,0.00,0,NULL,2.51,NULL,'2025-10-31 10:31:08',NULL,'2025-10-31 10:38:48'),(23,35,5,13,1,0,'NOT REQUESTED',NULL,1,0,'No',NULL,1,'Merrill Greene','Boris@mailinator.com','74859638574','India',50.30,'2025-11-03','2025-11-06','Tourism / Vacation',NULL,3,3.00,50,0.00,0.00,0,NULL,2.52,NULL,'2025-10-31 10:44:44',NULL,'2025-10-31 10:47:56'),(24,21,1,3,1,0,'NOT REQUESTED',NULL,1,0,'No',NULL,1,'Benedict Hughes','pejovawox@mailinator.com','8736787834','Palau',7500.00,'2025-12-12','2025-12-27','Relocation / Moving City',1,15,5000.00,5000,0.00,0.00,0,NULL,9900.00,NULL,'2025-12-12 09:54:30',NULL,'2025-12-12 10:04:42'),(26,37,9,21,0,0,'NOT REQUESTED',NULL,0,0,'No',NULL,1,'Abhay Mourya','doom.strange@mailinator.com','9754878512','Cocos (Keeling) Islands',39.87,'2026-01-23','2026-01-30','Short-Term Stay',1,7,8.00,38,0.00,0.00,0,NULL,3.99,NULL,'2026-01-23 10:04:53',NULL,NULL),(27,37,10,23,0,0,'NOT REQUESTED',NULL,0,0,'No',NULL,1,'Doom Strange','doom.strange@mailinator.com','7854265895','India',7200.00,'2026-01-23','2026-01-27','Tourism / Vacation',2,4,9000.00,6000,0.00,0.00,0,NULL,720.00,NULL,'2026-01-23 10:20:27',NULL,NULL),(28,39,28,47,1,0,'NOT REQUESTED',NULL,0,0,'No',NULL,1,'Nita nita','nita@mailinator.com','561651651','India',9333.33,'2026-02-05','2026-02-09','Business Trip',2,4,10000.00,5000,3000.00,0.00,0,NULL,933.33,NULL,'2026-02-05 13:20:52',NULL,NULL),(29,39,28,47,1,0,'NOT REQUESTED',NULL,0,0,'No',NULL,1,'Nita nita','nita@mailinator.com','561651651','India',9333.33,'2026-02-05','2026-02-09','Business Trip',2,4,10000.00,5000,3000.00,0.00,0,NULL,933.33,NULL,'2026-02-05 13:20:52',NULL,NULL),(30,5,5,13,0,0,'NOT REQUESTED',NULL,0,0,'No',NULL,1,'Harshit rajpal','john@mailinator.com','7788909789','Afghanistan',50.40,'2026-02-16','2026-02-20','Long-Term Residence',1,4,3.00,50,0.00,0.00,0,NULL,5.04,NULL,'2026-02-06 08:12:54',NULL,NULL),(31,5,5,13,0,0,'NOT REQUESTED',NULL,0,0,'No',NULL,1,'Harshit rajpal','john@mailinator.com','7788909789','Afghanistan',50.40,'2026-02-16','2026-02-20','Long-Term Residence',1,4,3.00,50,0.00,0.00,0,NULL,5.04,NULL,'2026-02-06 08:13:02',NULL,NULL),(32,13,5,13,0,0,'NOT REQUESTED',NULL,0,0,'No',NULL,1,'White Clele Ruth Barry','whitney@mailinator.com','+919685968574','India',50.10,'2026-02-07','2026-02-08','Business Trip',1,1,3.00,50,0.00,0.00,0,NULL,5.01,NULL,'2026-02-06 08:29:30',NULL,NULL),(33,13,5,13,0,0,'NOT REQUESTED',NULL,0,0,'No',NULL,1,'Abhishek','abhishek@yopmail.com','9754932059','India',50.20,'2026-02-26','2026-02-28','Family Visit',1,2,3.00,50,0.00,0.00,0,NULL,5.02,NULL,'2026-02-26 08:01:00',NULL,NULL),(34,13,7,54,0,0,'NOT REQUESTED',NULL,0,0,'No',NULL,1,'Omar Campbell','whitney@mailinator.com','+916266335296','India',82.30,'2026-03-06','2026-03-07','Short-Term Stay',1,1,9.00,69,13.00,0.00,0,NULL,8.23,NULL,'2026-03-05 11:43:41',NULL,NULL),(35,16,5,13,1,0,'NOT REQUESTED',NULL,0,0,'No',NULL,1,'White Clele Ruth Barry','mourya45@mailinator.com','+61485968474','Aland Islands',50.10,'2026-03-11','2026-03-12','Business Trip',1,1,3.00,50,0.00,0.00,0,NULL,5.01,NULL,'2026-03-10 07:04:32',NULL,NULL),(36,39,34,53,0,0,'NOT REQUESTED',NULL,0,0,'No',NULL,1,'nita','nita@mailinator.com','+919827911403','Kenya',7500.00,'2026-03-12','2026-03-17','Family Visit',2,5,12000.00,5000,500.00,0.00,0,NULL,750.00,NULL,'2026-03-12 15:57:43',NULL,NULL),(37,43,34,52,0,0,'NOT REQUESTED',NULL,0,0,'No',NULL,1,'sda','amit@mailinator.com','+914576394573','Indonesia',2254.00,'2026-03-12','2026-03-18','Education / Internship / Training',2,6,2000.00,54,900.00,0.00,1,NULL,225.40,NULL,'2026-03-12 16:43:11',NULL,NULL),(38,39,34,52,0,0,'NOT REQUESTED',NULL,0,0,'No',NULL,1,'nita','nita@mailinator.com','+919876543212','India',2320.67,'2026-03-12','2026-03-19','Business Trip',2,7,2000.00,54,900.00,0.00,1,NULL,232.07,NULL,'2026-03-12 16:44:48',NULL,NULL),(39,13,7,54,0,0,'NOT REQUESTED',NULL,0,0,'No',NULL,1,'Kabir','whitney@mailinator.com','+915674839457','India',84.10,'2026-03-12','2026-03-19','Work / Job Assignment',2,7,9.00,69,13.00,0.00,0,NULL,8.41,NULL,'2026-03-12 16:49:21',NULL,NULL),(40,13,7,54,1,0,'NOT REQUESTED',NULL,1,0,'No',NULL,1,'shizan','shizan@yopmail.com','9876531356','india',NULL,NULL,NULL,NULL,NULL,NULL,NULL,NULL,0.00,0.00,0,NULL,NULL,NULL,'2026-03-12 17:06:36',NULL,NULL),(41,13,7,54,1,0,'NOT REQUESTED',NULL,1,0,'No',NULL,1,'shizan','shizan@yopmail.com','9876531356','india',NULL,NULL,NULL,NULL,NULL,NULL,NULL,NULL,0.00,0.00,0,NULL,NULL,NULL,'2026-03-12 17:06:40',NULL,NULL),(42,24,1,4,1,0,'NOT REQUESTED',NULL,0,0,'No',NULL,1,'ASD','mourya18@mailinator.com','+915674839264','India',9600.00,'2026-03-12','2026-03-18','Short-Term Stay',2,6,8000.00,8000,0.00,0.00,0,NULL,960.00,NULL,'2026-03-12 17:15:16',NULL,NULL),(43,24,7,54,1,0,'NOT REQUESTED',NULL,0,0,'No',NULL,1,'DGS','mourya18@mailinator.com','+914569873243','Austria',83.80,'2026-03-12','2026-03-18','Relocation / Moving City',3,6,9.00,69,13.00,0.00,0,NULL,8.38,NULL,'2026-03-12 17:22:26',NULL,NULL),(44,24,7,54,0,0,'NOT REQUESTED',NULL,0,0,'No',NULL,1,'adad','mourya18@mailinator.com','+916785948633','Antigua And Barbuda',85.90,'2026-03-12','2026-03-25','Family Visit',1,13,9.00,69,13.00,10.00,0,NULL,8.59,NULL,'2026-03-12 17:26:25',NULL,NULL),(45,13,1,5,1,0,'NOT REQUESTED',NULL,1,0,'No',NULL,1,'whitney','whitney@mailinator.com','54453675245','indian',8400.00,'2026-04-14','2026-04-19','College Students',3,3,8000.00,8000,0.00,0.00,0,400.00,840.00,NULL,'2026-04-14 18:39:46',NULL,'2026-04-14 19:01:58'),(46,45,28,47,1,0,'NOT REQUESTED',NULL,1,0,'No',NULL,1,'Aarav','aarav@mailinator.com','+919988776655','India',9106.67,'2026-04-23','2026-04-28','Family Visit',1,5,10000.00,5000,3000.00,0.00,0,NULL,910.67,NULL,'2026-04-23 08:06:55',NULL,'2026-04-23 10:43:59'),(47,45,28,58,2,0,'NOT REQUESTED',NULL,0,0,'No',NULL,1,'Aarav','aarav@mailinator.com','+919988776655','India',6833.33,'2026-05-01','2026-05-11','Tourism / Vacation',6,10,7000.00,3000,1500.00,0.00,0,NULL,683.33,'we can''t approve your booking request.','2026-04-23 10:23:53','2026-04-23 10:42:13',NULL),(48,45,10,23,0,0,'NOT REQUESTED',NULL,0,0,'No',NULL,1,'Kabir','aarav@mailinator.com','+919876543210','India',6900.00,'2026-04-23','2026-04-26','Business Trip',1,3,9000.00,6000,0.00,0.00,0,NULL,690.00,NULL,'2026-04-23 10:40:54',NULL,NULL),(49,46,28,58,1,0,'NOT REQUESTED',NULL,1,0,'Guest','I am not available',1,'Priya','priya@mailinator.com','+919875674324','India',6335.00,'2026-05-01','2026-05-11','Medical Treatment / Healthcare',1,10,7000.00,3000,1500.00,0.00,0,NULL,633.50,NULL,'2026-04-23 11:00:58','2026-04-23 11:22:49','2026-04-23 11:17:23'),(50,46,28,47,2,0,'NOT REQUESTED',NULL,0,0,'No',NULL,1,'Priya','priya@mailinator.com','+919876123454','India',9400.00,'2026-05-21','2026-05-27','Tourism / Vacation',1,6,10000.00,5000,3000.00,0.00,0,NULL,940.00,'Your booking request is rejected.','2026-04-23 11:02:46','2026-04-23 11:14:31',NULL),(51,47,28,58,1,0,'NOT REQUESTED',NULL,0,0,'No',NULL,1,'Harry','harry123@mailinator.com','+912345678765','India',7553.00,'2026-05-12','2026-05-28','Work / Job Assignment',1,16,7000.00,3000,1500.00,0.00,0,NULL,755.30,NULL,'2026-04-23 11:53:49',NULL,NULL),(52,45,34,53,0,0,'NOT REQUESTED',NULL,0,0,'No',NULL,1,'Aarav','aarav@mailinator.com','+917539510258','India',7250.00,'2026-04-23','2026-04-28','Business Trip',1,5,12000.00,5000,500.00,0.00,0,NULL,725.00,NULL,'2026-04-23 17:46:38',NULL,NULL),(53,49,52,60,1,1,'NOT REQUESTED',NULL,1,0,'No',NULL,1,'Zachery','zachery@mailinator.com','+918965859685','India',3116.67,'2026-04-24','2026-04-24','Other',1,2,1000.00,3000,50.00,0.00,0,NULL,311.67,NULL,'2026-04-24 07:35:43',NULL,'2026-04-24 07:38:11'),(54,51,53,61,1,0,'NOT REQUESTED',NULL,1,0,'No',NULL,1,'william son fraks','williamson@yopmail.com','+918747874000','India',5033.33,'2026-04-24','2026-04-24','Business Trip',7,11,5000.00,3000,200.00,0.00,0,NULL,503.33,NULL,'2026-04-24 12:02:21',NULL,'2026-04-24 12:05:41');

--
-- Table structure for table "cancellation_policies"
--

DROP TABLE IF EXISTS "cancellation_policies";
CREATE TABLE "cancellation_policies" (
  "id" integer GENERATED BY DEFAULT AS IDENTITY,
  "days" int NOT NULL,
  "percentage" int NOT NULL,
  "created_at" timestamp NOT NULL DEFAULT CURRENT_TIMESTAMP,
  PRIMARY KEY ("id")
);

--
-- Dumping data for table "cancellation_policies"
--

INSERT INTO "cancellation_policies" VALUES (29,30,0,'2026-03-30 11:11:35'),(30,10,10,'2026-03-30 11:11:35'),(31,7,10,'2026-03-30 11:11:35'),(32,0,0,'2026-03-30 11:11:35');

--
-- Table structure for table "contact_us_master"
--

DROP TABLE IF EXISTS "contact_us_master";
CREATE TABLE "contact_us_master" (
  "contact_id" integer GENERATED BY DEFAULT AS IDENTITY,
  "name" varchar(255) DEFAULT NULL,
  "email" varchar(255) DEFAULT NULL,
  "message" text,
  "status" int NOT NULL DEFAULT '0' ,
  "subject" varchar(255) DEFAULT NULL,
  "reply" text,
  "reply_datetime" timestamp DEFAULT NULL,
  "created_at" timestamp DEFAULT CURRENT_TIMESTAMP,
  "updated_at" timestamp DEFAULT NULL,
  PRIMARY KEY ("contact_id")
);

--
-- Dumping data for table "contact_us_master"
--

INSERT INTO "contact_us_master" VALUES (1,'Emmanuel Jensen','wale@mailinator.com','Officia nulla nihil ',0,NULL,NULL,NULL,'2025-09-04 09:30:51',NULL),(2,'Zeph Salas','hinomuq@mailinator.com','In quasi a veritatis',0,NULL,NULL,NULL,'2025-09-04 09:33:28',NULL),(3,'Testing','john@mailinator.com','Submit a Query Submit a Query  Submit a Query Submit a Query  Submit a Query Submit a Query  Submit a Query Submit a Query  Submit a Query Submit a Query  Submit a Query Submit a Query  Submit a Query Submit a Query  Submit a Query Submit a Query  Submit a Query Submit a Query  ',0,NULL,NULL,NULL,'2026-02-06 07:30:21',NULL),(4,'Testing','john@mailinator.com','Submit a Query Submit a Query  Submit a Query Submit a Query  Submit a Query Submit a Query  Submit a Query Submit a Query  Submit a Query Submit a Query  Submit a Query Submit a Query  Submit a Query Submit a Query  Submit a Query Submit a Query  Submit a Query Submit a Query  ',0,NULL,NULL,NULL,'2026-02-06 07:36:17',NULL),(5,'Kasper','kasper@mailinator.com','A grand, luxury estate unfolds beneath a dramatic sunset sky, glowing with warm amber and rose tones. The home features a symmetrical, Mediterranean-inspired façade with arched windows, stone accents, and a tiled roof that adds old-world elegance. Soft exterior lighting highlights the architectural details, giving the house a welcoming yet impressive presence.\n\nAt the center of the circular driveway, a sculpted fountain anchors the scene, reinforcing the sense of balance and refinement. Expansive windows suggest open, light-filled interiors, while the wide entrance and columns create a stately arrival experience. Overall, the property feels serene, opulent, and meticulously designed—equal parts comfort and grandeur.',0,NULL,NULL,NULL,'2026-02-06 07:56:31',NULL),(6,'White Clele Ruth Barry','hardin@yopmail.com','I agree that my submitted data is being collected and stored.',0,NULL,NULL,NULL,'2026-02-16 07:40:02',NULL),(7,'White Clele Ruth Barry','hardin@yopmail.com','I agree that my submitted data is being collected and stored.',0,NULL,NULL,NULL,'2026-02-16 07:43:16',NULL),(8,'Travis','rohanguptactinfotech@gmail.com','Dummy',0,NULL,NULL,NULL,'2026-02-17 14:11:12',NULL),(9,'Zachery','zachery@mailinator.com','demo message',0,NULL,NULL,NULL,'2026-04-24 14:30:37',NULL);

--
-- Table structure for table "content_master"
--

DROP TABLE IF EXISTS "content_master";
CREATE TABLE "content_master" (
  "content_id" integer GENERATED BY DEFAULT AS IDENTITY,
  "content_type" int DEFAULT NULL ,
  "content" text,
  "created_at" timestamp DEFAULT CURRENT_TIMESTAMP,
  "updated_at" timestamp DEFAULT NULL,
  PRIMARY KEY ("content_id")
);

--
-- Dumping data for table "content_master"
--

INSERT INTO "content_master" VALUES (1,2,'<p>This policy Mobile Application End User Terms and conditions and Privacy Policy is a binding agreement between us. This Agreement governs your use of the APP on the MOBILE PLATFORMS and MOBILE DEVICES. The Application will be used by you. YOU ACKNOWLEDGE THAT YOU HAVE READ AND UNDERSTAND THIS Terms and conditions and Privacy Policy; You REPRESENT THAT YOU ARE OF LEGAL AGE TO ENTER INTO A BINDING AGREEMENT, AND ACCEPT THIS AGREEMENT AND AGREE THAT YOU ARE LEGALLY BOUND BY ITS TERMS AND CONDITIONS and PRIVACY POLICY. IF YOU DO NOT AGREE TO THESE TERMS AND CONDITION and PRIVACY POLICY, DO NOT DOWNLOAD/ INSTALL/USE THE APPLICATION AND DELETE IT FROM YOUR MOBILE DEVICE. License Grant. Subject to the terms of this Agreement, We grant you a limited, non-exclusive, and non-transferable license to download, install and use the Application for your personal, non-commercial use on a mobile device owned or otherwise controlled by you (\"<strong>Mobile Device</strong>\") strictly in accordance with the Application''s documentation access, stream, download and use on such Mobile Device the Content and Services made available in or otherwise accessible through the Application, strictly in accordance with this Agreement and the Terms of Use applicable to such Content and Services as set forth in. License Restrictions. Licensee shall not: copy the Application, except as expressly permitted by this license; modify, translate, adapt or otherwise create derivative works or improvements, whether or not patentable, of the Application; reverse engineer disassemble, decompile, decode or otherwise attempt to derive or gain access to the source code of the Application or any part thereof; remove, delete, alter or obscure any trademarks or any copyright, trademark, patent or other intellectual property or proprietary rights notices from the Application, including any copy thereof; rent, lease, lend, sell, sublicense, assign, distribute, publish, transfer or otherwise make available the Application or any features or functionality of the Application, to any third party for any reason, including by making the Application available on a network where it is capable of being accessed by more than one device at any time; remove, disable, circumvent or otherwise create or implement any workaround to any copy protection, rights management or security features in or protecting the Application; or use the Application in, or in association with, the design, construction, maintenance or operation of any hazardous environments or systems, including any power generation systems; aircraft navigation or communication systems, air traffic control systems or any other transport management systems; safety-critical applications, including medical or life-support systems, vehicle operation applications or any police, fire or other safety response systems; and military or aerospace applications, weapons systems or environments. Reservation of Rights. You acknowledge and agree that the Application is provided under license, and will be used by you. You do not acquire any ownership interest in the Application under this Agreement, or any other rights thereto other than to use the Application in accordance with the license granted, and subject to all terms, conditions, and restrictions, under this Agreement. Company and its licensors and service providers reserve and shall retain their entire right, title, and interest in and to the Application, including all copyrights, trademarks, and other intellectual property rights therein or relating thereto, except as expressly granted to you in this Agreement. Collection and Use of Your Information. You acknowledge that when you download, install or use the Application, By downloading, installing, using, and providing information to or through this Application, you consent to all actions taken by us with respect to your information in compliance with the Privacy Policy. Content and Services. Your access to and use of such Content and Services may require you to acknowledge your acceptance of such Terms of Use and Privacy Policy and/or to register with the App and your failure to do so may restrict you from accessing or using certain of the Application''s features and functionality. Any violation of such Terms of Use will also be deemed a violation of this Agreement. Geographic Restrictions. You acknowledge that you may not be able to access all or some of the Content and Services from certain countries and that access thereto may not be legal by certain persons or in certain countries. If you access the Content and Services, you are responsible for compliance with local laws. Updates. Company may from time to time in its sole discretion develop and provide Application updates, which may include upgrades, bug fixes, patches, and other error corrections and/or new features (collectively, including related documentation, \"<strong>Updates</strong>\"). Updates may also modify or delete in their entirety certain features and functionality. You agree that the Company has no obligation to provide any Updates or to continue to provide or enable any particular features or functionality. Based on your Mobile Device settings, when your Mobile Device is connected to the internet either: the application will automatically download and install all available Updates, or you may receive notice of or be prompted to download and install available Updates. You shall promptly download and install all Updates and acknowledge and agree that the Application or portions thereof may not properly operate should you fail to do so. You further agree that all Updates will be deemed part of the Application and be subject to all terms and conditions of this Agreement.Term and Termination. You may terminate this Agreement by deleting the Application and all copies thereof from your Mobile Device. Company may terminate this Agreement at any time without notice if it ceases to support the Application, which Company may do in its sole discretion or in the for OTHER TERMINATION EVENTS. In addition, this Agreement will terminate immediately and automatically without any notice if you violate any of the terms and conditions of this Agreement. Upon termination: all rights granted to you under this Agreement will also terminate, and you must cease all use of the Application and delete all copies of the Application from your Mobile Device and account. Termination will not limit any of the Company''s rights or remedies at law or in equity. Disclaimer of Warranties. THE APPLICATION IS PROVIDED TO THE LICENSEE \"AS IS\" AND WITH ALL FAULTS AND DEFECTS WITHOUT WARRANTY OF ANY KIND. TO THE MAXIMUM EXTENT PERMITTED UNDER APPLICABLE LAW, THE COMPANY, ON ITS OWN BEHALF AND ON BEHALF OF ITS AFFILIATES AND ITS AND THEIR RESPECTIVE LICENSORS AND SERVICE PROVIDERS, EXPRESSLY DISCLAIMS ALL WARRANTIES, WHETHER EXPRESS, IMPLIED, STATUTORY, OR OTHERWISE, WITH RESPECT TO THE APPLICATION, INCLUDING ALL IMPLIED WARRANTIES OF MERCHANTABILITY, FITNESS FOR A PARTICULAR PURPOSE, TITLE AND NON-INFRINGEMENT, AND WARRANTIES THAT MAY ARISE OUT OF COURSE OF DEALING, COURSE OF PERFORMANCE, USAGE OR TRADE PRACTICE. WITHOUT LIMITATION TO THE FOREGOING, COMPANY PROVIDES NO WARRANTY OR UNDERTAKING AND MAKES NO REPRESENTATION OF ANY KIND THAT THE APPLICATION WILL MEET YOUR REQUIREMENTS, ACHIEVE ANY INTENDED RESULTS, BE COMPATIBLE OR WORK WITH ANY OTHER SOFTWARE, APPLICATIONS, SYSTEMS, OR SERVICES, OPERATE WITHOUT INTERRUPTION, MEET ANY PERFORMANCE OR RELIABILITY STANDARDS OR BE ERROR FREE OR THAT ANY ERRORS OR DEFECTS CAN OR WILL BE CORRECTED. SOME JURISDICTIONS DO NOT ALLOW THE EXCLUSION OF OR LIMITATIONS ON IMPLIED WARRANTIES OR THE LIMITATIONS ON THE APPLICABLE STATUTORY RIGHTS OF A CONSUMER, SO SOME OR ALL OF THE ABOVE EXCLUSIONS AND LIMITATIONS MAY NOT APPLY TO YOU.Limitation of Liability. TO THE FULLEST EXTENT PERMITTED BY APPLICABLE LAW, IN NO EVENT WILL COMPANY OR ITS AFFILIATES, OR ANY OF ITS OR THEIR RESPECTIVE LICENSORS OR SERVICE PROVIDERS, HAVE ANY LIABILITY ARISING FROM OR RELATED TO YOUR USE OF OR INABILITY TO USE THE APPLICATION OR THE CONTENT AND SERVICES FOR: (a) PERSONAL INJURY, PROPERTY DAMAGE, LOST PROFITS, COST OF SUBSTITUTE GOODS OR SERVICES, LOSS OF DATA, LOSS OF GOODWILL, BUSINESS INTERRUPTION, COMPUTER FAILURE OR MALFUNCTION OR ANY OTHER CONSEQUENTIAL, INCIDENTAL, INDIRECT, EXEMPLARY, SPECIAL OR PUNITIVE DAMAGES (b) DIRECT DAMAGES IN AMOUNTS THAT IN THE AGGREGATE EXCEED THE AMOUNT ACTUALLY PAID BY YOU FOR THE APPLICATION. THE FOREGOING LIMITATIONS WILL APPLY WHETHER SUCH DAMAGES ARISE OUT OF BREACH OF CONTRACT, TORT (INCLUDING NEGLIGENCE), OR OTHERWISE AND REGARDLESS OF WHETHER SUCH DAMAGES WERE FORESEEABLE OR THE COMPANY WAS ADVISED OF THE POSSIBILITY OF SUCH DAMAGES. SOME JURISDICTIONS DO NOT ALLOW CERTAIN LIMITATIONS OF LIABILITY SO SOME OR ALL OF THE ABOVE LIMITATIONS OF LIABILITY MAY NOT APPLY TO YOU. Indemnification. You agree to indemnify, defend and hold harmless the Company and its officers, directors, employees, agents, affiliates, successors, and assigns from and against any and all losses, damages, liabilities, deficiencies, claims, actions, judgments, settlements, interest, awards, penalties, fines, costs, or expenses of whatever kind, including reasonable attorneys'' fees, arising from or relating to your use or misuse of the Application or your breach of this Agreement. Furthermore, you agree that the Company assumes no responsibility for the content you submit or make available through this Application. Export Regulation. The Application may be subject to export control laws. You shall not, directly or indirectly, export, re-export, or release the Application to, or make the Application accessible from, any jurisdiction or country to which export, re-export, or release is prohibited by law, rule, or regulation. Severability. If any provision of this Agreement is illegal or unenforceable under applicable law, the remainder of the provision will be amended to achieve as closely as possible the effect of the original term, and all other provisions of this Agreement will continue in full force and effect. Governing Law. This Agreement is governed by and construed in accordance with the internal laws without giving effect to any choice or conflict of law provision or rule. Any legal suit, action, or proceeding arising out of or related to this Agreement or the Application shall be instituted exclusively in the courts of England. You waive any and all objections to the exercise of jurisdiction over you by such courts and to the venue in such courts. Limitation of Time to File Claims. ANY CAUSE OF ACTION OR CLAIM YOU MAY HAVE ARISING OUT OF OR RELATING TO THIS AGREEMENT OR THE APPLICATION MUST BE COMMENCED WITHIN ONE (1) YEAR AFTER THE CAUSE OF ACTION ACCRUES, OTHERWISE, SUCH CAUSE OF ACTION OR CLAIM IS PERMANENTLY BARRED. Entire Agreement. This Terms and Conditions and Privacy Policy constitute the entire agreement between you and Company with respect to the Application and supersede all prior or contemporaneous understandings and agreements, whether written or oral, with respect to the Application. Waiver. No failure to exercise and no delay in exercising, on the part of either party, any right or any power hereunder shall operate as a waiver thereof, nor shall any single or partial exercise of any right or power hereunder preclude further exercise of that or any other right hereunder. In the event of a conflict between this terms and conditions and the Privacy Policy and any applicable purchase or other terms, the terms of this Agreement and Privacy Policy shall govern. Contact Information. If You have any questions regarding this terms and conditions and Privacy Policy, please<strong> contact us. </strong></p>','2018-09-22 05:15:09','2023-12-08 16:30:41'),(2,1,'<p>Terms &amp; Condition</p><p><br></p><p>Mobile Application End User Terms and conditions and Privacy Policy is a binding agreement between us. This Agreement governs your use of the APP on the MOBILE PLATFORMS and MOBILE DEVICES. The Application will be used by you. YOU ACKNOWLEDGE THAT YOU HAVE READ AND UNDERSTAND THIS Terms and conditions and Privacy Policy; You REPRESENT THAT YOU ARE OF LEGAL AGE TO ENTER INTO A BINDING AGREEMENT, AND ACCEPT THIS AGREEMENT AND AGREE THAT YOU ARE LEGALLY BOUND BY ITS TERMS AND CONDITIONS and PRIVACY POLICY. IF YOU DO NOT AGREE TO THESE TERMS AND CONDITION and PRIVACY POLICY, DO NOT DOWNLOAD/ INSTALL/USE THE APPLICATION AND DELETE IT FROM YOUR MOBILE DEVICE. License Grant. Subject to the terms of this Agreement, We grant you a limited, non-exclusive, and non-transferable license to download, install and use the Application for your personal, non-commercial use on a mobile device owned or otherwise controlled by you (\"Mobile Device\") strictly in accordance with the Application''s documentation access, stream, download and use on such Mobile Device the Content and Services made available in or otherwise accessible through the Application, strictly in accordance with this Agreement and the Terms of Use applicable to such Content and Services as set forth in. License Restrictions. Licensee shall not: copy the Application, except as expressly permitted by this license; modify, translate, adapt or otherwise create derivative works or improvements, whether or not patentable, of the Application; reverse engineer disassemble, decompile, decode or otherwise attempt to derive or gain access to the source code of the Application or any part thereof; remove, delete, alter or obscure any trademarks or any copyright, trademark, patent or other intellectual property or proprietary rights notices from the Application, including any copy thereof; rent, lease, lend, sell, sublicense, assign, distribute, publish, transfer or otherwise make available the Application or any features or functionality of the Application, to any third party for any reason, including by making the Application available on a network where it is capable of being accessed by more than one device at any time; remove, disable, circumvent or otherwise create or implement any workaround to any copy protection, rights management or security features in or protecting the Application; or use the Application in, or in association with, the design, construction, maintenance or operation of any hazardous environments or systems, including any power generation systems; aircraft navigation or communication systems, air traffic control systems or any other transport management systems; safety-critical applications, including medical or life-support systems, vehicle operation applications or any police, fire or other safety response systems; and military or aerospace applications, weapons systems or environments. Reservation of Rights. You acknowledge and agree that the Application is provided under license, and will be used by you. You do not acquire any ownership interest in the Application under this Agreement, or any other rights thereto other than to use the Application in accordance with the license granted, and subject to all terms, conditions, and restrictions, under this Agreement. Company and its licensors and service providers reserve and shall retain their entire right, title, and interest in and to the Application, including all copyrights, trademarks, and other intellectual property rights therein or relating thereto, except as expressly granted to you in this Agreement. Collection and Use of Your Information. You acknowledge that when you download, install or use the Application, By downloading, installing, using, and providing information to or through this Application, you consent to all actions taken by us with respect to your information in compliance with the Privacy Policy. Content and Services. Your access to and use of such Content and Services may require you to acknowledge your acceptance of such Terms of Use and Privacy Policy and/or to register with the App and your failure to do so may restrict you from accessing or using certain of the Application''s features and functionality. Any violation of such Terms of Use will also be deemed a violation of this Agreement. Geographic Restrictions. You acknowledge that you may not be able to access all or some of the Content and Services from certain countries and that access thereto may not be legal by certain persons or in certain countries. If you access the Content and Services, you are responsible for compliance with local laws. Updates. Company may from time to time in its sole discretion develop and provide Application updates, which may include upgrades, bug fixes, patches, and other error corrections and/or new features (collectively, including related documentation, \"Updates\"). Updates may also modify or delete in their entirety certain features and functionality. You agree that the Company has no obligation to provide any Updates or to continue to provide or enable any particular features or functionality. Based on your Mobile Device settings, when your Mobile Device is connected to the internet either: the application will automatically download and install all available Updates, or you may receive notice of or be prompted to download and install available Updates. You shall promptly download and install all Updates and acknowledge and agree that the Application or portions thereof may not properly operate should you fail to do so. You further agree that all Updates will be deemed part of the Application and be subject to all terms and conditions of this Agreement.Term and Termination. You may terminate this Agreement by deleting the Application and all copies thereof from your Mobile Device. Company may terminate this Agreement at any time without notice if it ceases to support the Application, which Company may do in its sole discretion or in the for OTHER TERMINATION EVENTS. In addition, this Agreement will terminate immediately and automatically without any notice if you violate any of the terms and conditions of this Agreement. Upon termination: all rights granted to you under this Agreement will also terminate, and you must cease all use of the Application and delete all copies of the Application from your Mobile Device and account. Termination will not limit any of the Company''s rights or remedies at law or in equity. Disclaimer of Warranties. THE APPLICATION IS PROVIDED TO THE LICENSEE \"AS IS\" AND WITH ALL FAULTS AND DEFECTS WITHOUT WARRANTY OF ANY KIND. TO THE MAXIMUM EXTENT PERMITTED UNDER APPLICABLE LAW, THE COMPANY, ON ITS OWN BEHALF AND ON BEHALF OF ITS AFFILIATES AND ITS AND THEIR RESPECTIVE LICENSORS AND SERVICE PROVIDERS, EXPRESSLY DISCLAIMS ALL WARRANTIES, WHETHER EXPRESS, IMPLIED, STATUTORY, OR OTHERWISE, WITH RESPECT TO THE APPLICATION, INCLUDING ALL IMPLIED WARRANTIES OF MERCHANTABILITY, FITNESS FOR A PARTICULAR PURPOSE, TITLE AND NON-INFRINGEMENT, AND WARRANTIES THAT MAY ARISE OUT OF COURSE OF DEALING, COURSE OF PERFORMANCE, USAGE OR TRADE PRACTICE. WITHOUT LIMITATION TO THE FOREGOING, COMPANY PROVIDES NO WARRANTY OR UNDERTAKING AND MAKES NO REPRESENTATION OF ANY KIND THAT THE APPLICATION WILL MEET YOUR REQUIREMENTS, ACHIEVE ANY INTENDED RESULTS, BE COMPATIBLE OR WORK WITH ANY OTHER SOFTWARE, APPLICATIONS, SYSTEMS, OR SERVICES, OPERATE WITHOUT INTERRUPTION, MEET ANY PERFORMANCE OR RELIABILITY STANDARDS OR BE ERROR FREE OR THAT ANY ERRORS OR DEFECTS CAN OR WILL BE CORRECTED. SOME JURISDICTIONS DO NOT ALLOW THE EXCLUSION OF OR LIMITATIONS ON IMPLIED WARRANTIES OR THE LIMITATIONS ON THE APPLICABLE STATUTORY RIGHTS OF A CONSUMER, SO SOME OR ALL OF THE ABOVE EXCLUSIONS AND LIMITATIONS MAY NOT APPLY TO YOU.Limitation of Liability. TO THE FULLEST EXTENT PERMITTED BY APPLICABLE LAW, IN NO EVENT WILL COMPANY OR ITS AFFILIATES, OR ANY OF ITS OR THEIR RESPECTIVE LICENSORS OR SERVICE PROVIDERS, HAVE ANY LIABILITY ARISING FROM OR RELATED TO YOUR USE OF OR INABILITY TO USE THE APPLICATION OR THE CONTENT AND SERVICES FOR: (a) PERSONAL INJURY, PROPERTY DAMAGE, LOST PROFITS, COST OF SUBSTITUTE GOODS OR SERVICES, LOSS OF DATA, LOSS OF GOODWILL, BUSINESS INTERRUPTION, COMPUTER FAILURE OR MALFUNCTION OR ANY OTHER CONSEQUENTIAL, INCIDENTAL, INDIRECT, EXEMPLARY, SPECIAL OR PUNITIVE DAMAGES (b) DIRECT DAMAGES IN AMOUNTS THAT IN THE AGGREGATE EXCEED THE AMOUNT ACTUALLY PAID BY YOU FOR THE APPLICATION. THE FOREGOING LIMITATIONS WILL APPLY WHETHER SUCH DAMAGES ARISE OUT OF BREACH OF CONTRACT, TORT (INCLUDING NEGLIGENCE), OR OTHERWISE AND REGARDLESS OF WHETHER SUCH DAMAGES WERE FORESEEABLE OR THE COMPANY WAS ADVISED OF THE POSSIBILITY OF SUCH DAMAGES. SOME JURISDICTIONS DO NOT ALLOW CERTAIN LIMITATIONS OF LIABILITY SO SOME OR ALL OF THE ABOVE LIMITATIONS OF LIABILITY MAY NOT APPLY TO YOU. Indemnification. You agree to indemnify, defend and hold harmless the Company and its officers, directors, employees, agents, affiliates, successors, and assigns from and against any and all losses, damages, liabilities, deficiencies, claims, actions, judgments, settlements, interest, awards, penalties, fines, costs, or expenses of whatever kind, including reasonable attorneys'' fees, arising from or relating to your use or misuse of the Application or your breach of this Agreement. Furthermore, you agree that the Company assumes no responsibility for the content you submit or make available through this Application. Export Regulation. The Application may be subject to export control laws. You shall not, directly or indirectly, export, re-export, or release the Application to, or make the Application accessible from, any jurisdiction or country to which export, re-export, or release is prohibited by law, rule, or regulation. Severability. If any provision of this Agreement is illegal or unenforceable under applicable law, the remainder of the provision will be amended to achieve as closely as possible the effect of the original term, and all other provisions of this Agreement will continue in full force and effect. Governing Law. This Agreement is governed by and construed in accordance with the internal laws without giving effect to any choice or conflict of law provision or rule. Any legal suit, action, or proceeding arising out of or related to this Agreement or the Application shall be instituted exclusively in the courts of England. You waive any and all objections to the exercise of jurisdiction over you by such courts and to the venue in such courts. Limitation of Time to File Claims. ANY CAUSE OF ACTION OR CLAIM YOU MAY HAVE ARISING OUT OF OR RELATING TO THIS AGREEMENT OR THE APPLICATION MUST BE COMMENCED WITHIN ONE (1) YEAR AFTER THE CAUSE OF ACTION ACCRUES, OTHERWISE, SUCH CAUSE OF ACTION OR CLAIM IS PERMANENTLY BARRED. Entire Agreement. This Terms and Conditions and Privacy Policy constitute the entire agreement between you and Company with respect to the Application and supersede all prior or contemporaneous understandings and agreements, whether written or oral, with respect to the Application. Waiver. No failure to exercise and no delay in exercising, on the part of either party, any or any power hereunder shall operate as a waiver thereof, nor shall any single or partial exercise of any right or power hereunder preclude further exercise of that or any other right hereunder. In the event of a conflict between this terms and conditions and the Privacy Policy and any applicable purchase or other terms, the terms of this Agreement and Privacy Policy shall govern. Contact Information. If You have any questions regarding this terms and conditions and Privacy Policy<strong>, please contact us. </strong></p>','2018-09-26 11:31:13','2023-12-04 17:57:56'),(3,3,'<p>Cancellation Policy is a binding agreement between us. This Agreement governs your use of the APP on the MOBILE PLATFORMS and MOBILE DEVICES. The Application will be used by you. YOU ACKNOWLEDGE THAT YOU HAVE READ AND UNDERSTAND THIS Terms and conditions and Privacy Policy; You REPRESENT THAT YOU ARE OF LEGAL AGE TO ENTER INTO A BINDING AGREEMENT, AND ACCEPT THIS AGREEMENT AND AGREE THAT YOU ARE LEGALLY BOUND BY ITS TERMS AND CONDITIONS and PRIVACY POLICY. IF YOU DO NOT AGREE TO THESE TERMS AND CONDITION and PRIVACY POLICY, DO NOT DOWNLOAD/ INSTALL/USE THE APPLICATION AND DELETE IT FROM YOUR MOBILE DEVICE. License Grant. Subject to the terms of this Agreement, We grant you a limited, non-exclusive, and non-transferable license to download, install and use the Application for your personal, non-commercial use on a mobile device owned or otherwise controlled by you (\"<strong>Mobile Device</strong>\") strictly in accordance with the Application''s documentation access, stream, download and use on such Mobile Device the Content and Services made available in or otherwise accessible through the Application, strictly in accordance with this Agreement and the Terms of Use applicable to such Content and Services as set forth in. License Restrictions. Licensee shall not: copy the Application, except as expressly permitted by this license; modify, translate, adapt or otherwise create derivative works or improvements, whether or not patentable, of the Application; reverse engineer disassemble, decompile, decode or otherwise attempt to derive or gain access to the source code of the Application or any part thereof; remove, delete, alter or obscure any trademarks or any copyright, trademark, patent or other intellectual property or proprietary rights notices from the Application, including any copy thereof; rent, lease, lend, sell, sublicense, assign, distribute, publish, transfer or otherwise make available the Application or any features or functionality of the Application, to any third party for any reason, including by making the Application available on a network where it is capable of being accessed by more than one device at any time; remove, disable, circumvent or otherwise create or implement any workaround to any copy protection, rights management or security features in or protecting the Application; or use the Application in, or in association with, the design, construction, maintenance or operation of any hazardous environments or systems, including any power generation systems; aircraft navigation or communication systems, air traffic control systems or any other transport management systems; safety-critical applications, including medical or life-support systems, vehicle operation applications or any police, fire or other safety response systems; and military or aerospace applications, weapons systems or environments. Reservation of Rights. You acknowledge and agree that the Application is provided under license, and will be used by you. You do not acquire any ownership interest in the Application under this Agreement, or any other rights thereto other than to use the Application in accordance with the license granted, and subject to all terms, conditions, and restrictions, under this Agreement. Company and its licensors and service providers reserve and shall retain their entire right, title, and interest in and to the Application, including all copyrights, trademarks, and other intellectual property rights therein or relating thereto, except as expressly granted to you in this Agreement. Collection and Use of Your Information. You acknowledge that when you download, install or use the Application, By downloading, installing, using, and providing information to or through this Application, you consent to all actions taken by us with respect to your information in compliance with the Privacy Policy. Content and Services. Your access to and use of such Content and Services may require you to acknowledge your acceptance of such Terms of Use and Privacy Policy and/or to register with the App and your failure to do so may restrict you from accessing or using certain of the Application''s features and functionality. Any violation of such Terms of Use will also be deemed a violation of this Agreement. Geographic Restrictions. You acknowledge that you may not be able to access all or some of the Content and Services from certain countries and that access thereto may not be legal by certain persons or in certain countries. If you access the Content and Services, you are responsible for compliance with local laws. Updates. Company may from time to time in its sole discretion develop and provide Application updates, which may include upgrades, bug fixes, patches, and other error corrections and/or new features (collectively, including related documentation, \"<strong>Updates</strong>\"). Updates may also modify or delete in their entirety certain features and functionality. You agree that the Company has no obligation to provide any Updates or to continue to provide or enable any particular features or functionality. Based on your Mobile Device settings, when your Mobile Device is connected to the internet either: the application will automatically download and install all available Updates, or you may receive notice of or be prompted to download and install available Updates. You shall promptly download and install all Updates and acknowledge and agree that the Application or portions thereof may not properly operate should you fail to do so. You further agree that all Updates will be deemed part of the Application and be subject to all terms and conditions of this Agreement.Term and Termination. You may terminate this Agreement by deleting the Application and all copies thereof from your Mobile Device. Company may terminate this Agreement at any time without notice if it ceases to support the Application, which Company may do in its sole discretion or in the for OTHER TERMINATION EVENTS. In addition, this Agreement will terminate immediately and automatically without any notice if you violate any of the terms and conditions of this Agreement. Upon termination: all rights granted to you under this Agreement will also terminate, and you must cease all use of the Application and delete all copies of the Application from your Mobile Device and account. Termination will not limit any of the Company''s rights or remedies at law or in equity. Disclaimer of Warranties. THE APPLICATION IS PROVIDED TO THE LICENSEE \"AS IS\" AND WITH ALL FAULTS AND DEFECTS WITHOUT WARRANTY OF ANY KIND. TO THE MAXIMUM EXTENT PERMITTED UNDER APPLICABLE LAW, THE COMPANY, ON ITS OWN BEHALF AND ON BEHALF OF ITS AFFILIATES AND ITS AND THEIR RESPECTIVE LICENSORS AND SERVICE PROVIDERS, EXPRESSLY DISCLAIMS ALL WARRANTIES, WHETHER EXPRESS, IMPLIED, STATUTORY, OR OTHERWISE, WITH RESPECT TO THE APPLICATION, INCLUDING ALL IMPLIED WARRANTIES OF MERCHANTABILITY, FITNESS FOR A PARTICULAR PURPOSE, TITLE AND NON-INFRINGEMENT, AND WARRANTIES THAT MAY ARISE OUT OF COURSE OF DEALING, COURSE OF PERFORMANCE, USAGE OR TRADE PRACTICE. WITHOUT LIMITATION TO THE FOREGOING, COMPANY PROVIDES NO WARRANTY OR UNDERTAKING AND MAKES NO REPRESENTATION OF ANY KIND THAT THE APPLICATION WILL MEET YOUR REQUIREMENTS, ACHIEVE ANY INTENDED RESULTS, BE COMPATIBLE OR WORK WITH ANY OTHER SOFTWARE, APPLICATIONS, SYSTEMS, OR SERVICES, OPERATE WITHOUT INTERRUPTION, MEET ANY PERFORMANCE OR RELIABILITY STANDARDS OR BE ERROR FREE OR THAT ANY ERRORS OR DEFECTS CAN OR WILL BE CORRECTED. SOME JURISDICTIONS DO NOT ALLOW THE EXCLUSION OF OR LIMITATIONS ON IMPLIED WARRANTIES OR THE LIMITATIONS ON THE APPLICABLE STATUTORY RIGHTS OF A CONSUMER, SO SOME OR ALL OF THE ABOVE EXCLUSIONS AND LIMITATIONS MAY NOT APPLY TO YOU.Limitation of Liability. TO THE FULLEST EXTENT PERMITTED BY APPLICABLE LAW, IN NO EVENT WILL COMPANY OR ITS AFFILIATES, OR ANY OF ITS OR THEIR RESPECTIVE LICENSORS OR SERVICE PROVIDERS, HAVE ANY LIABILITY ARISING FROM OR RELATED TO YOUR USE OF OR INABILITY TO USE THE APPLICATION OR THE CONTENT AND SERVICES FOR: (a) PERSONAL INJURY, PROPERTY DAMAGE, LOST PROFITS, COST OF SUBSTITUTE GOODS OR SERVICES, LOSS OF DATA, LOSS OF GOODWILL, BUSINESS INTERRUPTION, COMPUTER FAILURE OR MALFUNCTION OR ANY OTHER CONSEQUENTIAL, INCIDENTAL, INDIRECT, EXEMPLARY, SPECIAL OR PUNITIVE DAMAGES (b) DIRECT DAMAGES IN AMOUNTS THAT IN THE AGGREGATE EXCEED THE AMOUNT ACTUALLY PAID BY YOU FOR THE APPLICATION. THE FOREGOING LIMITATIONS WILL APPLY WHETHER SUCH DAMAGES ARISE OUT OF BREACH OF CONTRACT, TORT (INCLUDING NEGLIGENCE), OR OTHERWISE AND REGARDLESS OF WHETHER SUCH DAMAGES WERE FORESEEABLE OR THE COMPANY WAS ADVISED OF THE POSSIBILITY OF SUCH DAMAGES. SOME JURISDICTIONS DO NOT ALLOW CERTAIN LIMITATIONS OF LIABILITY SO SOME OR ALL OF THE ABOVE LIMITATIONS OF LIABILITY MAY NOT APPLY TO YOU. Indemnification. You agree to indemnify, defend and hold harmless the Company and its officers, directors, employees, agents, affiliates, successors, and assigns from and against any and all losses, damages, liabilities, deficiencies, claims, actions, judgments, settlements, interest, awards, penalties, fines, costs, or expenses of whatever kind, including reasonable attorneys'' fees, arising from or relating to your use or misuse of the Application or your breach of this Agreement. Furthermore, you agree that the Company assumes no responsibility for the content you submit or make available through this Application. Export Regulation. The Application may be subject to export control laws. You shall not, directly or indirectly, export, re-export, or release the Application to, or make the Application accessible from, any jurisdiction or country to which export, re-export, or release is prohibited by law, rule, or regulation. Severability. If any provision of this Agreement is illegal or unenforceable under applicable law, the remainder of the provision will be amended to achieve as closely as possible the effect of the original term, and all other provisions of this Agreement will continue in full force and effect. Governing Law. This Agreement is governed by and construed in accordance with the internal laws without giving effect to any choice or conflict of law provision or rule. Any legal suit, action, or proceeding arising out of or related to this Agreement or the Application shall be instituted exclusively in the courts of England. You waive any and all objections to the exercise of jurisdiction over you by such courts and to the venue in such courts. Limitation of Time to File Claims. ANY CAUSE OF ACTION OR CLAIM YOU MAY HAVE ARISING OUT OF OR RELATING TO THIS AGREEMENT OR THE APPLICATION MUST BE COMMENCED WITHIN ONE (1) YEAR AFTER THE CAUSE OF ACTION ACCRUES, OTHERWISE, SUCH CAUSE OF ACTION OR CLAIM IS PERMANENTLY BARRED. Entire Agreement. This Terms and Conditions and Privacy Policy constitute the entire agreement between you and Company with respect to the Application and supersede all prior or contemporaneous understandings and agreements, whether written or oral, with respect to the Application. Waiver. No failure to exercise and no delay in exercising, on the part of either party, any right or any power hereunder shall operate as a waiver thereof, nor shall any single or partial exercise of any right or power hereunder preclude further exercise of that or any other right hereunder. In the event of a conflict between this terms and conditions and the Privacy Policy and any applicable purchase or other terms, the terms of this Agreement and Privacy Policy shall govern. Contact Information. If You have any questions regarding this terms and conditions and Privacy Policy, please contact us.</p>','2018-09-26 11:31:13','2023-11-02 17:41:47'),(4,4,'<p>Mobile Application End User Terms and conditions and Privacy Policy is a binding agreement between us. This Agreement governs your use of the APP on the MOBILE PLATFORMS and MOBILE DEVICES. The Application will be used by you. YOU ACKNOWLEDGE THAT YOU HAVE READ AND UNDERSTAND THIS Terms and conditions and Privacy Policy; You REPRESENT THAT YOU ARE OF LEGAL AGE TO ENTER INTO A BINDING AGREEMENT, AND ACCEPT THIS AGREEMENT AND AGREE THAT YOU ARE LEGALLY BOUND BY ITS TERMS AND CONDITIONS and PRIVACY POLICY. IF YOU DO NOT AGREE TO THESE TERMS AND CONDITION and PRIVACY POLICY, DO NOT DOWNLOAD/ INSTALL/USE THE APPLICATION AND DELETE IT FROM YOUR MOBILE DEVICE. License Grant. Subject to the terms of this Agreement, We grant you a limited, non-exclusive, and non-transferable license to download, install and use the Application for your personal, non-commercial use on a mobile device owned or otherwise controlled by you (\"Mobile Device\") strictly in accordance with the Application''s documentation access, stream, download and use on such Mobile Device the Content and Services made available in or otherwise accessible through the Application, strictly in accordance with this Agreement and the Terms of Use applicable to such Content and Services as set forth in. License Restrictions. Licensee shall not: copy the Application, except as expressly permitted by this license; modify, translate, adapt or otherwise create derivative works or improvements, whether or not patentable, of the Application; reverse engineer disassemble, decompile, decode or otherwise attempt to derive or gain access to the source code of the Application or any part thereof; remove, delete, alter or obscure any trademarks or any copyright, trademark, patent or other intellectual property or proprietary rights notices from the Application, including any copy thereof; rent, lease, lend, sell, sublicense, assign, distribute, publish, transfer or otherwise make available the Application or any features or functionality of the Application, to any third party for any reason, including by making the Application available on a network where it is capable of being accessed by more than one device at any time; remove, disable, circumvent or otherwise create or implement any workaround to any copy protection, rights management or security features in or protecting the Application; or use the Application in, or in association with, the design, construction, maintenance or operation of any hazardous environments or systems, including any power generation systems; aircraft navigation or communication systems, air traffic control systems or any other transport management systems; safety-critical applications, including medical or life-support systems, vehicle operation applications or any police, fire or other safety response systems; and military or aerospace applications, weapons systems or environments. Reservation of Rights. You acknowledge and agree that the Application is provided under license, and will be used by you. You do not acquire any ownership interest in the Application under this Agreement, or any other rights thereto other than to use the Application in accordance with the license granted, and subject to all terms, conditions, and restrictions, under this Agreement. Company and its licensors and service providers reserve and shall retain their entire right, title, and interest in and to the Application, including all copyrights, trademarks, and other intellectual property rights therein or relating thereto, except as expressly granted to you in this Agreement. Collection and Use of Your Information. You acknowledge that when you download, install or use the Application, By downloading, installing, using, and providing information to or through this Application, you consent to all actions taken by us with respect to your information in compliance with the Privacy Policy. Content and Services. Your access to and use of such Content and Services may require you to acknowledge your acceptance of such Terms of Use and Privacy Policy and/or to register with the App and your failure to do so may restrict you from accessing or using certain of the Application''s features and functionality. Any violation of such Terms of Use will also be deemed a violation of this Agreement. Geographic Restrictions. You acknowledge that you may not be able to access all or some of the Content and Services from certain countries and that access thereto may not be legal by certain persons or in certain countries. If you access the Content and Services, you are responsible for compliance with local laws. Updates. Company may from time to time in its sole discretion develop and provide Application updates, which may include upgrades, bug fixes, patches, and other error corrections and/or new features (collectively, including related documentation, \"Updates\"). Updates may also modify or delete in their entirety certain features and functionality. You agree that the Company has no obligation to provide any Updates or to continue to provide or enable any particular features or functionality. Based on your Mobile Device settings, when your Mobile Device is connected to the internet either: the application will automatically download and install all available Updates, or you may receive notice of or be prompted to download and install available Updates. You shall promptly download and install all Updates and acknowledge and agree that the Application or portions thereof may not properly operate should you fail to do so. You further agree that all Updates will be deemed part of the Application and be subject to all terms and conditions of this Agreement.Term and Termination. You may terminate this Agreement by deleting the Application and all copies thereof from your Mobile Device. Company may terminate this Agreement at any time without notice if it ceases to support the Application, which Company may do in its sole discretion or in the for OTHER TERMINATION EVENTS. In addition, this Agreement will terminate immediately and automatically without any notice if you violate any of the terms and conditions of this Agreement. Upon termination: all rights granted to you under this Agreement will also terminate, and you must cease all use of the Application and delete all copies of the Application from your Mobile Device and account. Termination will not limit any of the Company''s rights or remedies at law or in equity. Disclaimer of Warranties. THE APPLICATION IS PROVIDED TO THE LICENSEE \"AS IS\" AND WITH ALL FAULTS AND DEFECTS WITHOUT WARRANTY OF ANY KIND. TO THE MAXIMUM EXTENT PERMITTED UNDER APPLICABLE LAW, THE COMPANY, ON ITS OWN BEHALF AND ON BEHALF OF ITS AFFILIATES AND ITS AND THEIR RESPECTIVE LICENSORS AND SERVICE PROVIDERS, EXPRESSLY DISCLAIMS ALL WARRANTIES, WHETHER EXPRESS, IMPLIED, STATUTORY, OR OTHERWISE, WITH RESPECT TO THE APPLICATION, INCLUDING ALL IMPLIED WARRANTIES OF MERCHANTABILITY, FITNESS FOR A PARTICULAR PURPOSE, TITLE AND NON-INFRINGEMENT, AND WARRANTIES THAT MAY ARISE OUT OF COURSE OF DEALING, COURSE OF PERFORMANCE, USAGE OR TRADE PRACTICE. WITHOUT LIMITATION TO THE FOREGOING, COMPANY PROVIDES NO WARRANTY OR UNDERTAKING AND MAKES NO REPRESENTATION OF ANY KIND THAT THE APPLICATION WILL MEET YOUR REQUIREMENTS, ACHIEVE ANY INTENDED RESULTS, BE COMPATIBLE OR WORK WITH ANY OTHER SOFTWARE, APPLICATIONS, SYSTEMS, OR SERVICES, OPERATE WITHOUT INTERRUPTION, MEET ANY PERFORMANCE OR RELIABILITY STANDARDS OR BE ERROR FREE OR THAT ANY ERRORS OR DEFECTS CAN OR WILL BE CORRECTED. SOME JURISDICTIONS DO NOT ALLOW THE EXCLUSION OF OR LIMITATIONS ON IMPLIED WARRANTIES OR THE LIMITATIONS ON THE APPLICABLE STATUTORY RIGHTS OF A CONSUMER, SO SOME OR ALL OF THE ABOVE EXCLUSIONS AND LIMITATIONS MAY NOT APPLY TO YOU.Limitation of Liability. TO THE FULLEST EXTENT PERMITTED BY APPLICABLE LAW, IN NO EVENT WILL COMPANY OR ITS AFFILIATES, OR ANY OF ITS OR THEIR RESPECTIVE LICENSORS OR SERVICE PROVIDERS, HAVE ANY LIABILITY ARISING FROM OR RELATED TO YOUR USE OF OR INABILITY TO USE THE APPLICATION OR THE CONTENT AND SERVICES FOR: (a) PERSONAL INJURY, PROPERTY DAMAGE, LOST PROFITS, COST OF SUBSTITUTE GOODS OR SERVICES, LOSS OF DATA, LOSS OF GOODWILL, BUSINESS INTERRUPTION, COMPUTER FAILURE OR MALFUNCTION OR ANY OTHER CONSEQUENTIAL, INCIDENTAL, INDIRECT, EXEMPLARY, SPECIAL OR PUNITIVE DAMAGES (b) DIRECT DAMAGES IN AMOUNTS THAT IN THE AGGREGATE EXCEED THE AMOUNT ACTUALLY PAID BY YOU FOR THE APPLICATION. THE FOREGOING LIMITATIONS WILL APPLY WHETHER SUCH DAMAGES ARISE OUT OF BREACH OF CONTRACT, TORT (INCLUDING NEGLIGENCE), OR OTHERWISE AND REGARDLESS OF WHETHER SUCH DAMAGES WERE FORESEEABLE OR THE COMPANY WAS ADVISED OF THE POSSIBILITY OF SUCH DAMAGES. SOME JURISDICTIONS DO NOT ALLOW CERTAIN LIMITATIONS OF LIABILITY SO SOME OR ALL OF THE ABOVE LIMITATIONS OF LIABILITY MAY NOT APPLY TO YOU. Indemnification. You agree to indemnify, defend and hold harmless the Company and its officers, directors, employees, agents, affiliates, successors, and assigns from and against any and all losses, damages, liabilities, deficiencies, claims, actions, judgments, settlements, interest, awards, penalties, fines, costs, or expenses of whatever kind, including reasonable attorneys'' fees, arising from or relating to your use or misuse of the Application or your breach of this Agreement. Furthermore, you agree that the Company assumes no responsibility for the content you submit or make available through this Application. Export Regulation. The Application may be subject to export control laws. You shall not, directly or indirectly, export, re-export, or release the Application to, or make the Application accessible from, any jurisdiction or country to which export, re-export, or release is prohibited by law, rule, or regulation. Severability. If any provision of this Agreement is illegal or unenforceable under applicable law, the remainder of the provision will be amended to achieve as closely as possible the effect of the original term, and all other provisions of this Agreement will continue in full force and effect. Governing Law. This Agreement is governed by and construed in accordance with the internal laws without giving effect to any choice or conflict of law provision or rule. Any legal suit, action, or proceeding arising out of or related to this Agreement or the Application shall be instituted exclusively in the courts of England. You waive any and all objections to the exercise of jurisdiction over you by such courts and to the venue in such courts. Limitation of Time to File Claims. ANY CAUSE OF ACTION OR CLAIM YOU MAY HAVE ARISING OUT OF OR RELATING TO THIS AGREEMENT OR THE APPLICATION MUST BE COMMENCED WITHIN ONE (1) YEAR AFTER THE CAUSE OF ACTION ACCRUES, OTHERWISE, SUCH CAUSE OF ACTION OR CLAIM IS PERMANENTLY BARRED. Entire Agreement. This Terms and Conditions and Privacy Policy constitute the entire agreement between you and Company with respect to the Application and supersede all prior or contemporaneous understandings and agreements, whether written or oral, with respect to the Application. Waiver. No failure to exercise and no delay in exercising, on the part of either party, any or any power hereunder shall operate as a waiver thereof, nor shall any single or partial exercise of any right or power hereunder preclude further exercise of that or any other right hereunder. In the event of a conflict between this terms and conditions and the Privacy Policy and any applicable purchase or other terms, the terms of this Agreement and Privacy Policy shall govern. Contact Information. If You have any questions regarding this terms and conditions and Privacy Policy<strong>, please contact us. </strong></p>','2026-03-03 06:43:03',NULL);

--
-- Table structure for table "conversations"
--

DROP TABLE IF EXISTS "conversations";
CREATE TABLE "conversations" (
  "id" integer GENERATED BY DEFAULT AS IDENTITY,
  "participant_one_id" int NOT NULL,
  "participant_one_type" varchar(255) DEFAULT NULL,
  "participant_two_id" int NOT NULL,
  "participant_two_type" varchar(255) DEFAULT NULL,
  "last_message" text,
  "last_message_at" timestamp DEFAULT NULL,
  "created_at" timestamp DEFAULT CURRENT_TIMESTAMP,
  "updated_at" timestamp DEFAULT CURRENT_TIMESTAMP,
  PRIMARY KEY ("id")
);

--
-- Dumping data for table "conversations"
--

INSERT INTO "conversations" VALUES (1,21,'user',2,'host','hello abhay','2026-02-25 17:40:30','2026-02-25 17:36:44','2026-02-25 17:40:30'),(2,7,'hostBusiness',24,'user','dadada','2026-02-25 19:04:45','2026-02-25 19:01:17','2026-02-25 19:04:45'),(3,24,'userBusiness',7,'host','hhiii','2026-02-25 19:04:41','2026-02-25 19:03:04','2026-02-25 19:04:41'),(4,24,'userBusiness',7,'hostBusiness','edfwefwffwfwecwecwefwfqwdhwejifwjibjibsdjicbfbwuicbwdfjibwsbdcjhiebfbcsiiuf','2026-03-12 17:24:22','2026-02-25 19:09:37','2026-03-12 17:24:22'),(5,24,'userBusiness',8,'hostBusiness','eeeee','2026-02-25 19:20:08','2026-02-25 19:20:08','2026-02-25 19:20:08'),(6,13,'user',1,'host','weddwd','2026-03-12 16:59:58','2026-02-26 15:31:10','2026-03-12 16:59:58'),(7,1,'host',21,'user','hiii','2026-03-11 16:03:44','2026-02-26 15:44:21','2026-03-11 16:03:44'),(8,1,'admin',1,'host','ggfgdg','2026-03-11 16:23:43','2026-02-26 16:14:48','2026-03-11 16:23:43'),(9,1,'host',13,'admin','haa abhay batke kyaa haal chaal','2026-03-06 16:04:43','2026-03-06 15:49:15','2026-03-06 16:04:43'),(10,16,'userBusiness',5,'host','ggg','2026-03-11 12:39:49','2026-03-10 13:56:45','2026-03-11 12:39:49'),(11,5,'host',32,'user',NULL,NULL,'2026-03-10 19:02:21','2026-03-10 19:02:21'),(12,2,'host',1,'admin','gujgjugjuguj','2026-03-11 13:24:24','2026-03-11 13:01:16','2026-03-11 13:24:24'),(13,13,'user',5,'host','Hello','2026-03-12 16:58:42','2026-03-11 13:27:44','2026-03-12 16:58:42'),(14,2,'admin',1,'host','hiii','2026-03-11 17:22:28','2026-03-11 16:30:48','2026-03-11 17:22:28'),(15,1,'host',2,'subadmin','hello i m','2026-03-11 18:49:38','2026-03-11 17:09:36','2026-03-11 18:49:38'),(16,2,'subadmin',2,'host','hi','2026-03-11 18:29:11','2026-03-11 18:29:11','2026-03-11 18:29:11'),(17,39,'user',28,'host','wejfwifj','2026-03-11 19:44:46','2026-03-11 19:27:06','2026-03-11 19:44:46'),(18,1,'admin',28,'host','hiiii','2026-04-23 13:04:10','2026-03-12 15:23:12','2026-04-23 13:04:10'),(19,34,'hostBusiness',1,'admin','🎂🎂🎂🎂','2026-03-12 15:27:45','2026-03-12 15:26:23','2026-03-12 15:27:45'),(20,40,'userBusiness',43,'user','wedfed','2026-03-12 16:40:20','2026-03-12 16:28:37','2026-03-12 16:40:20'),(21,7,'hostBusiness',13,'user','😊😊😊😊😊😊','2026-03-12 17:08:16','2026-03-12 17:07:47','2026-03-12 17:08:16'),(22,24,'userBusiness',1,'host','qdd','2026-03-12 17:16:58','2026-03-12 17:16:27','2026-03-12 17:16:58'),(23,45,'user',28,'host','Hello Aarav','2026-04-23 08:20:05','2026-04-23 08:19:43','2026-04-23 08:20:05'),(24,46,'userBusiness',28,'host','Hiiii Host','2026-04-23 11:04:16','2026-04-23 11:04:16','2026-04-23 11:04:16'),(25,49,'user',52,'host','hello i''m host','2026-04-24 12:16:01','2026-04-24 12:15:27','2026-04-24 12:16:01'),(26,51,'userBusiness',53,'hostBusiness','fine','2026-04-24 13:01:45','2026-04-24 13:00:01','2026-04-24 13:01:45'),(27,1,'admin',52,'host','hii','2026-04-24 13:39:24','2026-04-24 13:39:01','2026-04-24 13:39:24');

--
-- Table structure for table "doc_name_master"
--

DROP TABLE IF EXISTS "doc_name_master";
CREATE TABLE "doc_name_master" (
  "doc_id" integer GENERATED BY DEFAULT AS IDENTITY,
  "type" int DEFAULT NULL ,
  "title" varchar(255) DEFAULT NULL,
  "created_at" timestamp NOT NULL DEFAULT CURRENT_TIMESTAMP,
  PRIMARY KEY ("doc_id")
);

--
-- Dumping data for table "doc_name_master"
--

INSERT INTO "doc_name_master" VALUES (1,1,'Passport','2025-09-15 06:43:56'),(2,1,'National ID Card','2025-09-15 06:43:56'),(3,1,'Residence Permit','2025-09-15 06:44:22'),(4,2,'Utility Bill','2025-09-15 06:44:22'),(5,2,'Bank Statement','2025-09-15 06:44:44'),(6,2,'Rental Agreement','2025-09-15 06:44:44'),(7,3,'CIF (Corporate Identification Number)','2025-09-15 06:45:11'),(8,3,'NIF (Tax Identification Number)','2025-09-15 06:45:11'),(9,3,'Business Registration Certificate','2025-09-15 06:45:47'),(10,4,'Driving Licence','2025-09-15 06:45:47');

--
-- Table structure for table "document_master"
--

DROP TABLE IF EXISTS "document_master";
CREATE TABLE "document_master" (
  "document_id" integer GENERATED BY DEFAULT AS IDENTITY,
  "id" int DEFAULT NULL,
  "user_type" int DEFAULT NULL ,
  "title" varchar(255) DEFAULT NULL,
  "file" varchar(255) DEFAULT NULL,
  "status" int NOT NULL DEFAULT '0' ,
  "rejected_reason" text,
  "created_at" timestamp NOT NULL DEFAULT CURRENT_TIMESTAMP,
  "updated_at" timestamp DEFAULT NULL,
  PRIMARY KEY ("document_id")
);

--
-- Dumping data for table "document_master"
--

INSERT INTO "document_master" VALUES (5,13,1,'Passport','gov_file1757681411099.jpg',1,NULL,'2025-09-12 12:50:22',NULL),(6,13,1,'Utility Bill','address_proof1757681418166.jpg',1,NULL,'2025-09-12 12:50:22',NULL),(7,13,1,'Driving Licence','driving_license1757681421132.jpg',1,NULL,'2025-09-12 12:50:22',NULL),(8,24,1,'Passport','gov_file1757687681552.jpg',1,NULL,'2025-09-12 14:34:57',NULL),(9,24,1,'Bank Statement','address_proof1757687690485.jpg',1,NULL,'2025-09-12 14:34:57',NULL),(10,24,1,'Driving Licence','driving_license1757687697406.jpg',1,NULL,'2025-09-12 14:34:57',NULL),(11,24,1,'NIF (Tax Identification Number)','business_reg1757687694797.jpg',1,NULL,'2025-09-12 14:34:57',NULL),(12,28,1,'Passport','gov_file1758112067887.jpg',2,'testing','2025-09-17 12:27:49',NULL),(13,28,1,'Utility Bill','address_proof1758112068083.jpg',2,'testing','2025-09-17 12:27:49',NULL),(14,28,1,'Driving Licence','driving_license1758112068903.jpg',2,'testing','2025-09-17 12:27:49',NULL),(15,40,1,'Passport','gov_file1770123888714.jpg',2,'jkj','2026-02-03 13:04:50',NULL),(16,40,1,'Bank Statement','address_proof1770123890501.png',2,'jkj','2026-02-03 13:04:50',NULL),(17,40,1,'Driving Licence','driving_license1770123890689.jpg',2,'jkj','2026-02-03 13:04:50',NULL),(18,40,1,'Business Registration Certificate','business_reg1770123890502.jpg',2,'jkj','2026-02-03 13:04:50',NULL),(19,39,1,'Passport','gov_file1770293373690.jfif',2,'Wrong Docs','2026-02-05 12:09:33',NULL),(20,39,1,'Rental Agreement','address_proof1770293373928.jfif',2,'Wrong Docs','2026-02-05 12:09:33',NULL),(21,39,1,'Driving Licence','driving_license1770293373930.jfif',2,'Wrong Docs','2026-02-05 12:09:33',NULL),(22,5,1,'National ID Card','gov_file1770365228346.png',0,NULL,'2026-02-06 08:07:10',NULL),(23,21,1,'Passport','gov_file1771314601154.png',0,NULL,'2026-02-17 07:50:13',NULL),(35,44,1,'Residence Permit','gov_file1771323455610.jpg',1,NULL,'2026-02-17 10:17:37',NULL),(36,44,1,'Bank Statement','address_proof1771323456992.jpg',1,NULL,'2026-02-17 10:17:37',NULL),(37,44,1,'Driving Licence','driving_license1771323457367.jpg',1,NULL,'2026-02-17 10:17:37',NULL),(41,45,1,'National ID Card','gov_file1776939158618.jpg',1,NULL,'2026-04-23 10:12:38',NULL),(42,45,1,'Utility Bill','address_proof1776939158621.png',1,NULL,'2026-04-23 10:12:38',NULL),(43,45,1,'Driving Licence','driving_license1776939158621.jpg',1,NULL,'2026-04-23 10:12:38',NULL),(60,46,2,'Passport','gov_file1776953111020.png',0,NULL,'2026-04-23 14:05:12',NULL),(61,46,2,'Utility Bill','address_proof1776953111766.png',0,NULL,'2026-04-23 14:05:12',NULL),(62,46,2,'Driving Licence','driving_license1776953112163.png',0,NULL,'2026-04-23 14:05:12',NULL),(63,46,2,'CIF (Corporate Identification Number)','business_reg1776953112100.png',0,NULL,'2026-04-23 14:05:12',NULL),(67,49,1,'Passport','gov_file1777030858323.jfif',1,NULL,'2026-04-24 11:40:59',NULL),(68,49,1,'Utility Bill','address_proof1777030858324.jfif',1,NULL,'2026-04-24 11:40:59',NULL),(69,49,1,'Driving Licence','driving_license1777030859233.png',1,NULL,'2026-04-24 11:40:59',NULL),(70,51,2,'Passport','gov_file1777032981625.png',1,NULL,'2026-04-24 12:16:33',NULL),(71,51,2,'Utility Bill','address_proof1777032988697.png',1,NULL,'2026-04-24 12:16:33',NULL),(72,51,2,'Driving Licence','driving_license1777032992520.png',1,NULL,'2026-04-24 12:16:33',NULL),(73,51,2,'Business Registration Certificate','business_reg1777032991167.png',1,NULL,'2026-04-24 12:16:33',NULL);

--
-- Table structure for table "exclusive_news_master"
--

DROP TABLE IF EXISTS "exclusive_news_master";
CREATE TABLE "exclusive_news_master" (
  "exclusive_news_id" integer GENERATED BY DEFAULT AS IDENTITY,
  "email" varchar(255) DEFAULT NULL,
  "created_at" timestamp NOT NULL DEFAULT CURRENT_TIMESTAMP,
  "updated_at" timestamp DEFAULT NULL,
  PRIMARY KEY ("exclusive_news_id")
);

--
-- Dumping data for table "exclusive_news_master"
--

--
-- Table structure for table "faq_master"
--

DROP TABLE IF EXISTS "faq_master";
CREATE TABLE "faq_master" (
  "faq_id" integer GENERATED BY DEFAULT AS IDENTITY,
  "question" varchar(255) DEFAULT NULL,
  "answer" text,
  "created_at" timestamp NOT NULL DEFAULT CURRENT_TIMESTAMP,
  "updated_at" timestamp DEFAULT NULL,
  PRIMARY KEY ("faq_id")
);

--
-- Dumping data for table "faq_master"
--

--
-- Table structure for table "favourite_master"
--

DROP TABLE IF EXISTS "favourite_master";
CREATE TABLE "favourite_master" (
  "favourite_id" integer GENERATED BY DEFAULT AS IDENTITY,
  "user_id" int DEFAULT NULL,
  "property_id" int DEFAULT NULL,
  "created_at" timestamp NOT NULL DEFAULT CURRENT_TIMESTAMP,
  "updated_at" timestamp DEFAULT NULL,
  PRIMARY KEY ("favourite_id")
);

--
-- Dumping data for table "favourite_master"
--

--
-- Table structure for table "fee_master"
--

DROP TABLE IF EXISTS "fee_master";
CREATE TABLE "fee_master" (
  "fee_id" integer GENERATED BY DEFAULT AS IDENTITY,
  "user_type" int DEFAULT NULL ,
  "fee_type" int NOT NULL DEFAULT '1' ,
  "commission" decimal(10,2) DEFAULT NULL,
  "location" varchar(255) DEFAULT NULL,
  "country" varchar(255) DEFAULT NULL,
  "state" varchar(255) DEFAULT NULL,
  "created_at" timestamp NOT NULL DEFAULT CURRENT_TIMESTAMP,
  "updated_at" timestamp DEFAULT NULL,
  PRIMARY KEY ("fee_id")
);

--
-- Dumping data for table "fee_master"
--

INSERT INTO "fee_master" VALUES (1,1,1,3.00,'',NULL,NULL,'2025-07-14 17:26:06','2025-07-14 13:55:54'),(3,2,1,10.00,'Indore','India','Madhya Pradesh','2025-11-14 15:20:42',NULL),(5,2,1,10.00,'Dubai','United Arab Emirates','Dubai','2026-02-11 08:07:37',NULL),(6,2,1,99.00,'Madrid','Spain','Madrid','2026-04-24 13:05:33',NULL);

--
-- Table structure for table "host_master"
--

DROP TABLE IF EXISTS "host_master";
CREATE TABLE "host_master" (
  "host_id" integer GENERATED BY DEFAULT AS IDENTITY,
  "user_type" int NOT NULL DEFAULT '1' ,
  "owner_type" int DEFAULT NULL ,
  "first_name" varchar(255) DEFAULT NULL,
  "last_name" varchar(255) DEFAULT NULL,
  "business_name" varchar(255) DEFAULT NULL,
  "email" varchar(255) NOT NULL,
  "phone" varchar(20) DEFAULT NULL,
  "phone_code" int DEFAULT NULL,
  "password" varchar(255) NOT NULL,
  "address" varchar(255) DEFAULT NULL,
  "nationality" varchar(255) DEFAULT NULL,
  "dob" date DEFAULT NULL,
  "about" text,
  "gender" varchar(255) DEFAULT NULL,
  "profile_image" varchar(255) DEFAULT NULL,
  "act_token" varchar(255) DEFAULT NULL,
  "fcm_token" varchar(255) DEFAULT NULL,
  "is_verify" smallint NOT NULL DEFAULT '0' ,
  "is_active" smallint NOT NULL DEFAULT '1' ,
  "added_by" int DEFAULT NULL,
  "stripe_account_id" varchar(255) DEFAULT NULL,
  "delete_flag" int NOT NULL DEFAULT '0',
  "created_at" timestamp NOT NULL DEFAULT CURRENT_TIMESTAMP,
  "updated_at" timestamp DEFAULT NULL,
  "country" varchar(10) DEFAULT NULL,
  PRIMARY KEY ("host_id")
);

--
-- Dumping data for table "host_master"
--

INSERT INTO "host_master" VALUES (1,1,1,' Mario',' Mario',NULL,'info@mailinator.com','566321354',0,'$2b$12$Q5Q/37NykVORULAvj3zr7Odq7ZUHv2qeBO1A0irgZ0KSiYChRmUOK','','',NULL,' This is a dummy description','','file1752847283200.jpg','','',1,1,NULL,'acct_1TM4lfGzDovJx4E5',0,'2025-07-10 17:38:03',NULL,NULL),(2,1,1,'Info','Info',NULL,'hardin@yopmail.com','+61485968475',0,'$2b$12$PZdkFDLmGZjKzS.NFZHcFe4aE0pRtLqxdo0g4xOmRNZsgH5f6R3/y',NULL,'',NULL,'dummy','','','e57855d4317c5dd55507de5ca0a35bdc','',1,1,NULL,'acct_1TMR1nGhyyRlUagY',0,'2025-07-17 11:31:15',NULL,NULL),(3,1,1,'Info','Inof',NULL,'info2@mailinator.com','0',0,'$2a$12$anTBpvUL3SikSECCMvUYIugwwP02DIvOJlbrxzmbvLt8PqYWjo8Sy','','',NULL,'','','','da265fb100dd1926c552b99da6d75a2f','',1,1,NULL,'acct_1TMkqMK7wr1iXsny',0,'2025-07-17 11:48:50',NULL,NULL),(4,1,1,'Info','Inof',NULL,'info3@mailinator.com','0',0,'$2a$12$anTBpvUL3SikSECCMvUYIugwwP02DIvOJlbrxzmbvLt8PqYWjo8Sy','','',NULL,'','','','','',1,1,NULL,'acct_1TMlCVGo4sfQqkxo',0,'2025-07-17 11:56:14',NULL,NULL),(5,1,1,'Abhay','Pace',NULL,'whitney@mailinator.com','975485858',0,'$2b$12$hgZ5Wj/RsXeTpbC032rkEut3vTGi1zsaTOzqgc5yVeYq1aL2/B/ei','','',NULL,'About','','file1753450974302.jpg','UunH4FMAvCXhZ4OPQId0H7H048A','',1,1,NULL,'acct_1TMSzsK0pAyGww2w',0,'2025-07-17 17:29:13',NULL,NULL),(6,1,1,'Info','Inof',NULL,'max1@mailinator.com',NULL,NULL,'$2b$12$zn8ZTblY7Sq4.T1rngmlEuEbXzFuydJ.9qM3f/CdZBja0Q2IlonSu',NULL,NULL,NULL,NULL,NULL,NULL,'2dLCgd1s5IWo9tnzU7YMENmUaAg',NULL,1,1,NULL,NULL,0,'2025-07-18 13:16:04',NULL,NULL),(7,2,NULL,'Harry1','Brook',NULL,'harry@mailinator.com','+917788995640',NULL,'$2a$12$anTBpvUL3SikSECCMvUYIugwwP02DIvOJlbrxzmbvLt8PqYWjo8Sy',NULL,NULL,NULL,NULL,NULL,'file1760090015104.png',NULL,NULL,1,1,NULL,NULL,0,'2025-07-25 13:10:10',NULL,NULL),(8,1,NULL,'Ian','Davenport',NULL,'sajedyjema@mailinator.com',NULL,NULL,'$2a$12$anTBpvUL3SikSECCMvUYIugwwP02DIvOJlbrxzmbvLt8PqYWjo8Sy',NULL,NULL,NULL,NULL,NULL,NULL,'',NULL,1,1,NULL,'acct_1TN98S2eAF0mc8uN',0,'2025-07-25 13:25:26',NULL,NULL),(9,1,1,'josephine','langford',NULL,'josephine@yopmail.com','9754858585',NULL,'$2a$12$anTBpvUL3SikSECCMvUYIugwwP02DIvOJlbrxzmbvLt8PqYWjo8Sy',NULL,NULL,NULL,'dummy description',NULL,'file1753453968895.jpg',NULL,NULL,1,1,NULL,'acct_1TMmiUK6DgO26FhS',0,'2025-07-25 14:30:02',NULL,NULL),(10,1,1,'Natalie','Portman',NULL,'natalie@mailinator.com','8855227744',NULL,'$2a$12$anTBpvUL3SikSECCMvUYIugwwP02DIvOJlbrxzmbvLt8PqYWjo8Sy',NULL,NULL,NULL,'a concise description highlighting your professional background, key accomplishments, values, and skills for a personal website, social media, or resume',NULL,'file1756981407955.jpg','',NULL,1,1,NULL,'acct_1TMmo7K1Q3e6Gp4l',0,'2025-09-04 10:19:31',NULL,NULL),(20,3,NULL,'Karan','Patel',NULL,'karan@mailinator.com','587645345',NULL,'$2b$12$Q5Q/37NykVORULAvj3zr7Odq7ZUHv2qeBO1A0irgZ0KSiYChRmUOK',NULL,NULL,NULL,NULL,NULL,NULL,'',NULL,1,1,7,NULL,0,'2025-09-17 13:32:49',NULL,NULL),(21,3,NULL,'Kameko','Mcgee',NULL,'Kameko@mailinator.com','7788996655',NULL,'$2b$12$TQ.J2T6uUJ5bXtyQl42GaOPy87WPIAhT3nq3BMGwfEMrF8ALWx48i',NULL,NULL,NULL,NULL,NULL,NULL,'27b4fd85479ac705dc06814d55f95208',NULL,0,1,2,NULL,0,'2025-10-08 07:09:59',NULL,NULL),(22,3,NULL,'Rhiannon','Farmer',NULL,'Rhiannon@mailinator.com','8855774488',NULL,'$2b$12$ggfqHFPJIuHN/8ivn8znUeCX.DFZQfFKGeLztnOpqTSeR66.hobXS',NULL,NULL,NULL,NULL,NULL,NULL,'aac4ce0e88761489e57b3a9c07e91c37',NULL,0,1,2,NULL,0,'2025-10-08 07:14:44',NULL,NULL),(23,3,NULL,'Tara','Schultz',NULL,'Tara@mailinator.com','8996655887',NULL,'$2b$12$/JtvyUjHF1jWmKM7Su00gOCw0rLbpcVHmKX7J93EZbIDgmk.VK7pq',NULL,NULL,NULL,NULL,NULL,NULL,'',NULL,1,1,2,NULL,0,'2025-10-09 07:17:09',NULL,NULL),(24,3,NULL,'Germane','Ross',NULL,'hetiqedida@mailinator.com','8596968574',NULL,'$2b$12$fag5aa2JGFaCWR27GoX0DuAYHlgj595PZTFYnHJycsHaom0geve/u',NULL,NULL,NULL,NULL,NULL,NULL,'17537982b4b37cdb6be022cfe33d39c6',NULL,0,1,2,NULL,0,'2025-10-10 05:58:32',NULL,NULL),(25,3,NULL,'Chetan','Rathore',NULL,'chetan@mailinator.com','9787676545',NULL,'$2b$12$cMfO.IgLAHTkMqTwoeI2hedQSfZK4UXHMhC1Ey25vf3xfqUPhIQsW',NULL,NULL,NULL,NULL,NULL,NULL,'',NULL,1,1,2,NULL,0,'2025-10-10 09:56:17',NULL,NULL),(26,3,NULL,'Melissa','Alford',NULL,'Melissa@mailinator.com','7788447755',NULL,'$2b$12$WB/JeiMBJWwJBntaBN9LEeAE7JAZ9noNQoBPaGzgLyJ6fB6HACNrq',NULL,NULL,NULL,NULL,NULL,NULL,'',NULL,1,1,2,NULL,0,'2025-10-10 11:46:16',NULL,NULL),(27,3,NULL,'Roanna','Cain',NULL,'Roanna@mailinator.com','8855774499',NULL,'$2b$12$QwLqQ1J4J9nxxCYHuvnrOef1BbIydvVCfOClkBBD0G3fkU1zaxq5i',NULL,NULL,NULL,NULL,NULL,NULL,'',NULL,1,1,2,NULL,0,'2025-10-15 09:46:12',NULL,NULL),(28,1,1,'Silver','Surfer',NULL,'silver.surfer@mailinator.com','+917892345678',NULL,'$2a$12$anTBpvUL3SikSECCMvUYIugwwP02DIvOJlbrxzmbvLt8PqYWjo8Sy',NULL,NULL,NULL,'dcf',NULL,NULL,'',NULL,1,1,NULL,'acct_1TN5FGKHY1xYFwqV',0,'2026-01-23 12:11:28',NULL,NULL),(29,2,NULL,'Todd','Booker',NULL,'booker@mailinator.com',NULL,NULL,'$2a$12$anTBpvUL3SikSECCMvUYIugwwP02DIvOJlbrxzmbvLt8PqYWjo8Sy',NULL,NULL,NULL,NULL,NULL,NULL,'',NULL,1,0,NULL,NULL,0,'2026-01-29 07:17:23',NULL,NULL),(30,3,NULL,'Colton','Flores',NULL,'gyratilo@mailinator.com','7744118855',NULL,'$2b$12$XMFx9C6vXaMKfRe6/Eb5Ve0k35RQlMhNlUZz4vnu3YjtBNdn9mNBm',NULL,NULL,NULL,NULL,NULL,NULL,'90d07286a0e75b28846b4dd470884fa7',NULL,0,1,28,NULL,0,'2026-02-03 13:43:53',NULL,NULL),(31,3,NULL,'Graiden','Hendrix',NULL,'graiden@mailinator.com','9875412562',NULL,'$2b$12$6sdZ5GYfLuHqheXEsjO0iOtbHQMMKqwwhHiCntRqqrgRiexu5tS62',NULL,NULL,NULL,NULL,NULL,NULL,'d83c06e6bf2b67cf4b04d12a2d7572fc',NULL,0,1,28,NULL,0,'2026-02-05 11:52:33',NULL,NULL),(32,2,NULL,'John','Test',NULL,'john@mailinator.com',NULL,NULL,'$2b$12$Z6JJvtfRUy3/6kqj2qgawuXgsiiMuFmI1OhLeMGRgaGx.ZBiX1B.S',NULL,NULL,NULL,NULL,NULL,NULL,'',NULL,1,1,NULL,NULL,0,'2026-02-06 07:00:51',NULL,NULL),(33,3,NULL,'Sub','Host',NULL,'shost@mailinator.com','917539518426',NULL,'$2b$12$bGcGq9m8/I2hRix6rsyy8ewiNhNWkbWlC3rTIXZ8mli8FgLKvK2ja',NULL,NULL,NULL,NULL,NULL,NULL,'6b80afd94685c8d28e34d424bf9ee8be',NULL,0,1,28,NULL,0,'2026-02-06 10:40:30',NULL,NULL),(34,2,NULL,'Suveer','Jacob',NULL,'suveer@mailinator.com','+919876543111',NULL,'$2b$12$oRV63yLVBJveRNC64iBRMOY9ffMNiGXUSs209fp.bRqeQfE7osszu',NULL,NULL,NULL,NULL,NULL,NULL,NULL,NULL,1,1,NULL,'acct_1TPQzrGqyZWCEOM3',0,'2026-02-06 13:05:16',NULL,'ES'),(35,2,NULL,'Abhay','Mourya',NULL,'mouryaabhay45@mailinator.com',NULL,NULL,'$2b$12$phZqfnb5yfxDXvQSAhp27uTBLsXtE7fUIlAFphf6l99tPKk0VzEXu',NULL,NULL,NULL,NULL,NULL,NULL,'',NULL,1,1,NULL,NULL,0,'2026-02-13 12:05:53',NULL,NULL),(36,3,NULL,'Bryar','Hahn',NULL,'nyranydok@mailinator.com','+34748596850',NULL,'$2b$12$pdIYze./mnd2cDL1Vd2KOeNjrExeDuwxO5QA.2II6uPYW/MNrBaYG',NULL,NULL,NULL,NULL,NULL,NULL,'4c197e92d8abe980e67fe977ffe05e6d',NULL,0,1,2,NULL,0,'2026-02-17 06:29:19',NULL,NULL),(37,3,NULL,'Sub','Host',NULL,'duke@yopmail.com','+919826432142',NULL,'$2b$12$Dx9/N6BvxXEshUsOQ8PKxOAkuGIAqczXv/8E/LYhD9/LEkp.UGXyW',NULL,NULL,NULL,NULL,NULL,NULL,'e3ef3e274f8f27e10d2a188625ee57c4',NULL,0,1,1,NULL,0,'2026-03-23 15:17:48',NULL,NULL),(38,1,NULL,'John','Doe',NULL,'john1@test.com','9876543210',91,'$2a$12$anTBpvUL3SikSECCMvUYIugwwP02DIvOJlbrxzmbvLt8PqYWjo8Sy','Delhi','Indian','1995-05-10','Host user 1','Male',NULL,NULL,NULL,1,1,NULL,'acct_1TN9mfGgfJaj5Y40',0,'2026-04-17 15:14:45',NULL,NULL),(39,1,NULL,'Jane','Smith',NULL,'jane2@test.com','9876543211',91,'$2a$12$anTBpvUL3SikSECCMvUYIugwwP02DIvOJlbrxzmbvLt8PqYWjo8Sy','Mumbai','Indian','1993-07-15','Host user 2','Female',NULL,NULL,NULL,1,1,NULL,'acct_1TNAjIK4SagVap8f',0,'2026-04-17 15:14:45',NULL,NULL),(40,1,NULL,'Rahul','Sharma',NULL,'rahul3@test.com','9876543212',91,'$2a$12$anTBpvUL3SikSECCMvUYIugwwP02DIvOJlbrxzmbvLt8PqYWjo8Sy','Bangalore','Indian','1990-01-20','Host user 3','Male',NULL,NULL,NULL,1,1,NULL,NULL,0,'2026-04-17 15:14:45',NULL,NULL),(41,1,NULL,'Amit','Verma',NULL,'amit4@test.com','9876543213',91,'$2a$12$anTBpvUL3SikSECCMvUYIugwwP02DIvOJlbrxzmbvLt8PqYWjo8Sy','Pune','Indian','1988-11-05','Host user 4','Male',NULL,NULL,NULL,1,1,NULL,NULL,0,'2026-04-17 15:14:45',NULL,NULL),(42,1,NULL,'Priya','Singh',NULL,'priya5@test.com','9876543214',91,'$2a$12$anTBpvUL3SikSECCMvUYIugwwP02DIvOJlbrxzmbvLt8PqYWjo8Sy','Jaipur','Indian','1996-03-25','Host user 5','Female',NULL,NULL,NULL,1,1,NULL,'acct_1TNAMeGwFK7OtTUY',0,'2026-04-17 15:14:45',NULL,NULL),(43,1,NULL,'Ishaan','Gupta',NULL,'ishaan@mailinator.com',NULL,NULL,'$2b$12$mpDU/dBuIVip1VJtvtvVde3JAE5FaSSltwomJYjHjEVhm6maj1Ceu',NULL,NULL,NULL,NULL,NULL,NULL,'',NULL,1,1,NULL,NULL,0,'2026-04-23 07:17:55',NULL,NULL),(44,2,NULL,'Anaya','SIngh',NULL,'anaya@mailinator.com',NULL,NULL,'$2b$12$a9IjQ2CX/LYE.uIz1oFf/.L5Bq.sDwyReTh7DKyd838z5kFWnp262',NULL,NULL,NULL,NULL,NULL,NULL,'',NULL,1,1,NULL,NULL,0,'2026-04-23 07:19:48',NULL,NULL),(45,1,NULL,'phil','salt',NULL,'phil@yopmail.com',NULL,NULL,'$2b$12$58fbl/wf/QPba.sEGYe4ROLyxrc9nPdIUxKkY643DHsB6VkBXsJNm',NULL,NULL,NULL,NULL,NULL,NULL,'',NULL,1,1,NULL,NULL,0,'2026-04-23 09:39:43',NULL,NULL),(46,1,NULL,'jota','jem',NULL,'jota@yopmail.com',NULL,NULL,'$2b$12$iiMDHbHCa6snbzG1r.HcSOLxiUGjVLx6EM.aaFhXXQ5NEnDaLzTbG',NULL,NULL,NULL,NULL,NULL,NULL,'',NULL,1,1,NULL,NULL,0,'2026-04-23 10:55:21',NULL,NULL),(47,1,NULL,'joga','jen',NULL,'joga@yopmail.com',NULL,NULL,'$2b$12$1gVj5f/qIFf59f4ztA9H3.MffrpYm2YrTqYBJT/.a2/re.gwaIPEC',NULL,NULL,NULL,NULL,NULL,NULL,'',NULL,1,1,NULL,NULL,0,'2026-04-23 11:27:03',NULL,NULL),(48,3,NULL,'Anky','Sharma',NULL,'anky@mailinator.com','+917865746376',NULL,'$2b$12$dMo5STiwWgxL1wWjMRZuLO.xfocYRV3wJZIivPJFHGJG9.1G50APq',NULL,NULL,NULL,NULL,NULL,NULL,'',NULL,1,1,28,NULL,0,'2026-04-23 12:05:24',NULL,NULL),(49,2,NULL,'Kabir','Jacob',NULL,'kabir12@mailinator.com',NULL,NULL,'$2b$12$A03ewNwZEFab6Dl7rleBcuVorxf4xFM7HYHAXWO9bQxdWXoT/9HYm',NULL,NULL,NULL,NULL,NULL,NULL,'',NULL,1,1,NULL,'acct_1TPNUzK0AJxUt9YI',0,'2026-04-23 13:39:15',NULL,'ES'),(50,2,NULL,'leo','messi',NULL,'leo@mailinator.com',NULL,NULL,'$2b$12$eFCDSX7tVANSHk54SRw62OAjLimVYx7InImR9sfNGisObGGhmgNpS',NULL,NULL,NULL,NULL,NULL,NULL,'',NULL,1,1,NULL,'acct_1TPTSMKA7GPDq80e',0,'2026-04-23 19:59:59',NULL,'ES'),(51,2,NULL,'lewen','doski',NULL,'lewen@mailinator.com','+918747874000',NULL,'$2b$12$DTa3lJqvVIRtL0ZdVwmsOuXzsLzbS51upbh99jnOjB3Vx4SRhaUuG',NULL,NULL,NULL,NULL,NULL,NULL,'',NULL,1,1,NULL,'acct_1TPTmSGg5AA0WwJN',0,'2026-04-23 20:14:16',NULL,'ES'),(52,1,NULL,'Yash','Sigh',NULL,'yash@mailinator.com','+919876543210',NULL,'$2b$12$gungEE4wCGADbA4YDODiRuXQ1wCU5kTEbLLr2pyv./g.tAnPAzqv6',NULL,NULL,NULL,NULL,NULL,NULL,'',NULL,1,1,NULL,'acct_1TPdezGoni2Kd9Yw',0,'2026-04-24 06:41:22',NULL,'ES'),(53,2,NULL,'milliam','son',NULL,'milliamson@yopmail.com','+918747874000',NULL,'$2b$12$SfmiQwomguZPJvbm.ekKy.N6GVhOiPf63OXWml03iaj7NMIAr3hsa',NULL,NULL,NULL,NULL,NULL,NULL,'',NULL,1,1,NULL,'acct_1TPi57GnUlrodDaR',0,'2026-04-24 11:34:41',NULL,'ES'),(56,3,NULL,'hobs','Scol',NULL,'hobs@mailinator.com','+61485968474',NULL,'$2b$12$vxpdCPDxyQZNBSjBN2obdOTvGMytvRIwVLMnXL/ZzVt.xnKatGBXW',NULL,NULL,NULL,NULL,NULL,NULL,'',NULL,1,1,52,NULL,0,'2026-04-24 13:25:32',NULL,NULL),(57,3,NULL,'millam','wane',NULL,'millam@yopmail.com','+34897654321',NULL,'$2b$12$zykzkq.wZtK.FlB9Bpz0DOwka5q92s2NBP8OBbylLF1SZo45sTh1W',NULL,NULL,NULL,NULL,NULL,NULL,'',NULL,1,1,53,NULL,0,'2026-04-24 13:26:45',NULL,NULL);

--
-- Table structure for table "host_permissions_master"
--

DROP TABLE IF EXISTS "host_permissions_master";
CREATE TABLE "host_permissions_master" (
  "host_permission_id" integer GENERATED BY DEFAULT AS IDENTITY,
  "host_id" int DEFAULT NULL,
  "type" int DEFAULT NULL ,
  "is_add" smallint NOT NULL DEFAULT '0' ,
  "is_view" smallint NOT NULL DEFAULT '0' ,
  "is_edit" smallint NOT NULL DEFAULT '0' ,
  "is_delete" smallint NOT NULL DEFAULT '0' ,
  "created_at" timestamp NOT NULL DEFAULT CURRENT_TIMESTAMP,
  PRIMARY KEY ("host_permission_id")
);

--
-- Dumping data for table "host_permissions_master"
--

INSERT INTO "host_permissions_master" VALUES (4,12,2,1,1,1,1,'2025-09-15 12:13:45'),(5,12,3,1,1,1,1,'2025-09-15 12:13:45'),(6,12,4,1,1,1,1,'2025-09-15 12:13:45'),(9,13,1,1,1,1,1,'2025-09-15 13:59:06'),(10,13,2,1,1,1,1,'2025-09-15 13:59:06'),(11,13,3,1,1,1,1,'2025-09-15 13:59:06'),(12,13,4,1,1,1,1,'2025-09-15 13:59:06'),(13,13,5,1,1,1,1,'2025-09-15 13:59:06'),(14,13,6,1,1,1,1,'2025-09-15 13:59:06'),(15,13,7,1,1,1,1,'2025-09-15 13:59:06'),(16,13,8,1,1,1,1,'2025-09-15 13:59:06'),(17,13,9,1,1,1,1,'2025-09-15 13:59:06'),(18,14,4,1,1,1,1,'2025-09-16 09:36:27'),(19,14,5,1,1,1,1,'2025-09-16 09:36:27'),(22,15,1,1,1,1,1,'2025-09-16 10:14:26'),(23,15,2,1,1,1,1,'2025-09-16 10:14:26'),(26,16,2,1,1,1,1,'2025-09-16 12:29:35'),(27,16,3,1,1,1,1,'2025-09-16 12:29:35'),(28,16,4,1,1,1,1,'2025-09-16 12:29:35'),(29,16,5,1,1,1,1,'2025-09-16 12:29:35'),(30,16,6,1,1,1,1,'2025-09-16 12:29:35'),(31,16,7,1,1,1,1,'2025-09-16 12:29:35'),(32,16,8,1,1,1,1,'2025-09-16 12:29:35'),(33,16,9,1,1,1,1,'2025-09-16 12:29:35'),(34,17,2,1,1,1,1,'2025-09-16 13:32:38'),(35,17,3,1,1,1,1,'2025-09-16 13:32:38'),(36,17,6,1,1,1,1,'2025-09-16 13:32:38'),(37,17,7,1,1,1,1,'2025-09-16 13:32:38'),(38,17,8,1,1,1,1,'2025-09-16 13:32:38'),(39,17,9,1,1,1,1,'2025-09-16 13:32:38'),(40,17,1,1,1,1,1,'2025-09-16 13:32:38'),(58,11,2,1,1,1,1,'2025-09-16 13:45:00'),(59,11,3,1,1,1,1,'2025-09-16 13:45:00'),(60,11,4,1,1,1,1,'2025-09-16 13:45:00'),(61,11,5,1,1,1,1,'2025-09-16 13:45:00'),(62,11,6,1,1,1,1,'2025-09-16 13:45:00'),(63,11,7,1,1,1,1,'2025-09-16 13:45:00'),(64,11,8,1,1,1,1,'2025-09-16 13:45:00'),(65,11,9,1,1,1,1,'2025-09-16 13:45:00'),(66,11,1,1,1,1,1,'2025-09-16 13:45:00'),(67,18,2,1,1,1,1,'2025-09-17 07:45:57'),(68,18,1,1,1,1,1,'2025-09-17 07:45:57'),(69,19,2,1,1,1,1,'2025-09-17 07:46:48'),(70,19,1,1,1,1,1,'2025-09-17 07:46:48'),(71,20,2,1,1,1,1,'2025-09-17 13:32:49'),(72,20,3,1,1,1,1,'2025-09-17 13:32:49'),(73,20,6,1,1,1,1,'2025-09-17 13:32:49'),(74,20,1,1,1,1,1,'2025-09-17 13:32:49'),(77,21,3,1,1,1,1,'2025-10-08 07:11:19'),(78,21,4,1,1,1,1,'2025-10-08 07:11:19'),(79,21,1,1,1,1,1,'2025-10-08 07:11:19'),(80,22,4,1,1,1,1,'2025-10-08 07:14:44'),(81,22,1,1,1,1,1,'2025-10-08 07:14:44'),(85,23,3,1,1,1,1,'2025-10-09 07:34:33'),(86,23,4,1,1,1,1,'2025-10-09 07:34:33'),(87,23,1,1,1,1,1,'2025-10-09 07:34:33'),(88,24,2,1,1,1,1,'2025-10-10 05:58:32'),(89,24,1,1,1,1,1,'2025-10-10 05:58:32'),(90,25,2,1,1,1,1,'2025-10-10 09:56:17'),(91,25,3,1,1,1,1,'2025-10-10 09:56:17'),(92,25,5,1,1,1,1,'2025-10-10 09:56:17'),(93,25,4,1,1,1,1,'2025-10-10 09:56:17'),(94,25,1,1,1,1,1,'2025-10-10 09:56:17'),(95,26,2,1,1,1,1,'2025-10-10 11:46:16'),(96,26,3,1,1,1,1,'2025-10-10 11:46:16'),(97,26,1,1,1,1,1,'2025-10-10 11:46:16'),(98,27,2,1,1,1,1,'2025-10-15 09:46:12'),(99,27,3,1,1,1,1,'2025-10-15 09:46:12'),(100,27,1,1,1,1,1,'2025-10-15 09:46:12'),(101,30,2,1,1,1,1,'2026-02-03 13:43:53'),(102,30,3,1,1,1,1,'2026-02-03 13:43:53'),(103,30,4,1,1,1,1,'2026-02-03 13:43:53'),(104,30,6,1,1,1,1,'2026-02-03 13:43:53'),(105,30,10,1,1,1,1,'2026-02-03 13:43:53'),(106,30,1,1,1,1,1,'2026-02-03 13:43:53'),(107,31,2,1,1,1,1,'2026-02-05 11:52:33'),(108,31,3,1,1,1,1,'2026-02-05 11:52:33'),(109,31,4,1,1,1,1,'2026-02-05 11:52:33'),(110,31,6,1,1,1,1,'2026-02-05 11:52:33'),(111,31,8,1,1,1,1,'2026-02-05 11:52:33'),(112,31,10,1,1,1,1,'2026-02-05 11:52:33'),(113,31,1,1,1,1,1,'2026-02-05 11:52:33'),(124,33,2,1,1,1,1,'2026-02-06 10:55:36'),(125,33,3,1,1,1,1,'2026-02-06 10:55:36'),(126,33,4,1,1,1,1,'2026-02-06 10:55:36'),(127,33,5,1,1,1,1,'2026-02-06 10:55:36'),(128,33,6,1,1,1,1,'2026-02-06 10:55:36'),(129,33,7,1,1,1,1,'2026-02-06 10:55:36'),(130,33,8,1,1,1,1,'2026-02-06 10:55:36'),(131,33,9,1,1,1,1,'2026-02-06 10:55:36'),(132,33,10,1,1,1,1,'2026-02-06 10:55:36'),(133,33,1,1,1,1,1,'2026-02-06 10:55:36'),(137,36,3,1,1,1,1,'2026-02-17 06:41:30'),(138,36,2,1,1,1,1,'2026-02-17 06:41:30'),(139,36,1,1,1,1,1,'2026-02-17 06:41:30'),(140,37,2,1,1,1,1,'2026-03-23 15:17:48'),(141,37,3,1,1,1,1,'2026-03-23 15:17:48'),(142,37,4,1,1,1,1,'2026-03-23 15:17:48'),(143,48,2,1,1,1,1,'2026-04-23 12:05:24'),(144,48,3,1,1,1,1,'2026-04-23 12:05:24'),(145,48,4,1,1,1,1,'2026-04-23 12:05:24'),(146,48,6,1,1,1,1,'2026-04-23 12:05:24'),(147,48,7,1,1,1,1,'2026-04-23 12:05:24'),(148,48,10,1,1,1,1,'2026-04-23 12:05:24'),(149,48,1,1,1,1,1,'2026-04-23 12:05:24'),(150,54,2,1,1,1,1,'2026-04-24 13:06:32'),(151,54,3,1,1,1,1,'2026-04-24 13:06:32'),(152,54,4,1,1,1,1,'2026-04-24 13:06:32'),(153,54,5,1,1,1,1,'2026-04-24 13:06:32'),(154,54,6,1,1,1,1,'2026-04-24 13:06:32'),(155,54,7,1,1,1,1,'2026-04-24 13:06:32'),(156,54,8,1,1,1,1,'2026-04-24 13:06:32'),(157,54,9,1,1,1,1,'2026-04-24 13:06:32'),(158,54,10,1,1,1,1,'2026-04-24 13:06:32'),(159,54,1,1,1,1,1,'2026-04-24 13:06:32'),(160,55,2,1,1,1,1,'2026-04-24 13:22:21'),(161,55,3,1,1,1,1,'2026-04-24 13:22:21'),(162,55,4,1,1,1,1,'2026-04-24 13:22:21'),(163,55,5,1,1,1,1,'2026-04-24 13:22:21'),(164,55,6,1,1,1,1,'2026-04-24 13:22:21'),(165,55,7,1,1,1,1,'2026-04-24 13:22:21'),(166,55,8,1,1,1,1,'2026-04-24 13:22:21'),(167,55,9,1,1,1,1,'2026-04-24 13:22:21'),(168,55,10,1,1,1,1,'2026-04-24 13:22:21'),(169,55,1,1,1,1,1,'2026-04-24 13:22:21'),(170,56,2,1,1,1,1,'2026-04-24 13:25:32'),(171,56,3,1,1,1,1,'2026-04-24 13:25:32'),(172,56,4,1,1,1,1,'2026-04-24 13:25:32'),(173,56,5,1,1,1,1,'2026-04-24 13:25:32'),(174,56,6,1,1,1,1,'2026-04-24 13:25:32'),(175,56,7,1,1,1,1,'2026-04-24 13:25:32'),(176,56,8,1,1,1,1,'2026-04-24 13:25:32'),(177,56,9,1,1,1,1,'2026-04-24 13:25:32'),(178,56,10,1,1,1,1,'2026-04-24 13:25:32'),(179,56,1,1,1,1,1,'2026-04-24 13:25:32'),(180,57,2,1,1,1,1,'2026-04-24 13:26:45'),(181,57,3,1,1,1,1,'2026-04-24 13:26:45'),(182,57,4,1,1,1,1,'2026-04-24 13:26:45'),(183,57,5,1,1,1,1,'2026-04-24 13:26:45'),(184,57,6,1,1,1,1,'2026-04-24 13:26:45'),(185,57,7,1,1,1,1,'2026-04-24 13:26:45'),(186,57,8,1,1,1,1,'2026-04-24 13:26:45'),(187,57,9,1,1,1,1,'2026-04-24 13:26:45'),(188,57,10,1,1,1,1,'2026-04-24 13:26:45'),(189,57,1,1,1,1,1,'2026-04-24 13:26:45');

--
-- Table structure for table "house_rules_master"
--

DROP TABLE IF EXISTS "house_rules_master";
CREATE TABLE "house_rules_master" (
  "house_rules_id" integer GENERATED BY DEFAULT AS IDENTITY,
  "title" text,
  "created_at" timestamp NOT NULL DEFAULT CURRENT_TIMESTAMP,
  PRIMARY KEY ("house_rules_id")
);

--
-- Dumping data for table "house_rules_master"
--

INSERT INTO "house_rules_master" VALUES (1,'Check-in: 4:00 PM – 9:00 PM','2025-08-13 16:46:55'),(2,'No parties or events allowed.','2025-08-13 16:46:55'),(3,'Quiet hours: 10:00 PM – 8:00 AM.','2025-08-13 16:47:11'),(4,'Pets are not allowed.','2025-08-13 16:47:11'),(5,'Keep shared spaces clean.','2025-08-13 16:47:30'),(6,'Maximum of 2 visitors allowed during the day.','2025-08-13 16:47:30'),(7,'Report any damage immediately.','2025-08-13 16:47:41');

--
-- Table structure for table "ideal_master"
--

DROP TABLE IF EXISTS "ideal_master";
CREATE TABLE "ideal_master" (
  "ideal_id" integer GENERATED BY DEFAULT AS IDENTITY,
  "title" varchar(255) NOT NULL,
  "created_at" timestamp NOT NULL DEFAULT CURRENT_TIMESTAMP,
  "updated_at" timestamp DEFAULT NULL,
  PRIMARY KEY ("ideal_id")
);

--
-- Dumping data for table "ideal_master"
--

INSERT INTO "ideal_master" VALUES (1,'Students','2025-07-21 18:24:35',NULL),(2,'Digital Nomads','2025-07-21 18:24:35',NULL),(3,'Couples','2025-07-21 18:24:52',NULL),(4,'Families','2025-07-21 18:24:52',NULL);

--
-- Table structure for table "inquiry_master"
--

DROP TABLE IF EXISTS "inquiry_master";
CREATE TABLE "inquiry_master" (
  "inquiry_id" integer GENERATED BY DEFAULT AS IDENTITY,
  "user_id" int NOT NULL,
  "property_id" int NOT NULL,
  "host_id" int NOT NULL,
  "name" varchar(150) NOT NULL,
  "message" text NOT NULL,
  "email" varchar(255) DEFAULT NULL,
  "created_at" timestamp DEFAULT CURRENT_TIMESTAMP,
  "updated_at" timestamp DEFAULT NULL,
  PRIMARY KEY ("inquiry_id"),
  CONSTRAINT "inquiry_master_ibfk_2" FOREIGN KEY ("property_id") REFERENCES "property_master" ("property_id") ON DELETE CASCADE,
  CONSTRAINT "inquiry_master_ibfk_3" FOREIGN KEY ("host_id") REFERENCES "host_master" ("host_id") ON DELETE CASCADE
);

--
-- Dumping data for table "inquiry_master"
--

INSERT INTO "inquiry_master" VALUES (1,13,13,5,'Gretchen Russell','Ipsam laboris sint e','moxazoh@mailinator.com','2026-02-26 09:57:23',NULL),(4,0,40,2,'White Clele Ruth Barry','czcvzcvz','hardin@yopmail.com','2026-02-26 13:21:29',NULL),(5,0,40,2,'Omar Campbell','dfadfa','Omar@mailinator.com','2026-02-26 13:23:57',NULL),(6,0,40,2,'Omar Campbell','dfadad','Omar@mailinator.com','2026-02-26 13:26:27',NULL),(7,13,40,2,'White Clele Ruth Barry','message','White@yopmail.com','2026-02-27 06:37:55',NULL),(8,0,47,28,'Maki Zenin','dcnjknjnsc','maki@mailinator.com','2026-03-02 09:55:10',NULL),(9,45,47,28,'Aarav','Hello,\nThis property available ?','aarav@mailinator.com','2026-04-23 07:51:31',NULL),(10,46,58,28,'Priya','Hiiii','priya@mailinator.com','2026-04-23 10:53:05',NULL),(11,45,52,34,'Aarav','This property is available?','aarav@mailinator.com','2026-04-23 17:55:44',NULL),(12,49,60,52,'zachery','this is inquiry message ','Zachery@mailinator.com','2026-04-24 14:33:44',NULL);

--
-- Table structure for table "messages"
--

DROP TABLE IF EXISTS "messages";
CREATE TABLE "messages" (
  "id" integer GENERATED BY DEFAULT AS IDENTITY,
  "conversation_id" int NOT NULL,
  "sender_id" int NOT NULL,
  "sender_type" varchar(255) DEFAULT NULL,
  "message" text NOT NULL,
  "message_type" varchar(255) DEFAULT 'text',
  "is_read" smallint DEFAULT '0',
  "created_at" timestamp DEFAULT CURRENT_TIMESTAMP,
  PRIMARY KEY ("id"),
  CONSTRAINT "messages_ibfk_1" FOREIGN KEY ("conversation_id") REFERENCES "conversations" ("id") ON DELETE CASCADE
);

--
-- Dumping data for table "messages"
--

INSERT INTO "messages" VALUES (1,1,21,'user','hello','text',1,'2026-02-25 17:36:44'),(2,1,2,'host','hello by host','text',0,'2026-02-25 17:37:28'),(3,1,21,'user','what type of help you want','text',1,'2026-02-25 17:37:48'),(4,1,2,'host','i want some type ho help','text',0,'2026-02-25 17:38:01'),(5,1,21,'user','hello i am mayank','text',1,'2026-02-25 17:40:22'),(6,1,2,'host','hello abhay','text',0,'2026-02-25 17:40:30'),(7,2,7,'hostBusiness','heyyya','text',0,'2026-02-25 19:01:17'),(8,3,24,'userBusiness','heyya man','text',0,'2026-02-25 19:03:04'),(9,2,7,'hostBusiness','hiii there','text',0,'2026-02-25 19:03:14'),(10,3,24,'userBusiness','hhiii','text',0,'2026-02-25 19:04:41'),(11,2,7,'hostBusiness','dadada','text',0,'2026-02-25 19:04:45'),(12,4,24,'userBusiness','heyyya','text',1,'2026-02-25 19:09:37'),(13,4,7,'hostBusiness','heyyya','text',1,'2026-02-25 19:10:08'),(14,4,7,'hostBusiness','kesan baaa','text',1,'2026-02-25 19:10:19'),(15,4,24,'userBusiness','mayankesh','text',1,'2026-02-25 19:10:25'),(16,4,24,'userBusiness','hello this is host businesss','text',1,'2026-02-25 19:19:21'),(17,4,7,'hostBusiness','hello this','text',1,'2026-02-25 19:19:37'),(18,4,7,'hostBusiness','sssss','text',1,'2026-02-25 19:20:00'),(19,5,24,'userBusiness','eeeee','text',0,'2026-02-25 19:20:08'),(20,6,13,'user','hello maria i booked your property and i am intrested to buy','text',1,'2026-02-26 15:31:10'),(21,6,1,'host','ohhh great so its been a month','text',1,'2026-02-26 15:43:09'),(22,7,1,'host','hello','text',0,'2026-02-26 15:44:21'),(23,6,13,'user','uikl;''i9kop|','text',1,'2026-02-26 15:44:31'),(24,6,1,'host','ũ','text',1,'2026-02-26 15:44:46'),(25,6,13,'user','55','text',1,'2026-02-26 15:45:04'),(26,6,13,'user','i am intrested','text',1,'2026-02-26 15:46:14'),(27,6,1,'host','sfijfijsiofo','text',1,'2026-02-26 15:46:40'),(28,7,1,'host','hfhsfhisf','text',0,'2026-02-26 15:46:49'),(29,7,21,'user','hiii there i am buying you proerty','text',1,'2026-02-26 16:01:00'),(30,8,1,'admin','kyu re mario','text',1,'2026-02-26 16:14:48'),(31,8,1,'admin','karan kin','text',1,'2026-02-26 17:33:52'),(32,8,1,'host','haa bolo na sir kya hua','text',1,'2026-02-26 17:45:40'),(33,8,1,'admin','kuch nhi cod','text',1,'2026-02-26 17:45:50'),(34,8,1,'host','ok','text',1,'2026-02-26 18:25:15'),(35,8,1,'admin','koi dikkat pareshani to nhi hai na','text',1,'2026-02-26 18:25:31'),(36,8,1,'admin','arey nhi nhi','text',1,'2026-02-26 18:25:43'),(37,8,1,'admin','pakka na','text',1,'2026-02-26 18:26:19'),(38,8,1,'host','haaan pakkka','text',1,'2026-02-26 18:26:28'),(39,8,1,'admin','lock kardu','text',1,'2026-02-26 18:26:39'),(40,8,1,'host','haan lock kardiya jayein','text',1,'2026-02-26 18:26:51'),(41,8,1,'admin','ok then bbye','text',1,'2026-02-26 18:27:05'),(42,8,1,'host','bbye sir','text',1,'2026-02-26 18:27:15'),(43,6,13,'user','hello mario','text',1,'2026-03-02 15:01:09'),(44,6,1,'host','hiii kaise hooo','text',1,'2026-03-02 15:01:34'),(45,6,1,'host','bass badiyaaa','text',1,'2026-03-02 15:01:40'),(46,6,13,'user','mujhe ek propertyh samjh ayi haii','text',1,'2026-03-02 15:02:05'),(47,6,1,'host','accha konsi','text',1,'2026-03-02 15:02:14'),(48,6,13,'user','hai ek dhar road ki side ek','text',1,'2026-03-02 15:02:37'),(49,6,13,'user','hey hey','text',1,'2026-03-02 15:02:48'),(50,6,13,'user','hi mayank','text',1,'2026-03-06 12:42:39'),(51,6,1,'host','hi ia ma karan','text',1,'2026-03-06 12:43:00'),(52,6,13,'user','jjajdiajdadad','text',1,'2026-03-06 15:38:30'),(53,6,13,'user','daddadada','text',1,'2026-03-06 15:38:32'),(54,6,13,'user','dadada','text',1,'2026-03-06 15:38:33'),(55,6,13,'user','dadadadad','text',1,'2026-03-06 15:38:35'),(56,6,13,'user','dadaddadda','text',1,'2026-03-06 15:38:39'),(57,6,1,'host','csvsdacdscdscdsc','text',1,'2026-03-06 15:38:48'),(58,6,1,'host','ccdscdscdscdsc','text',1,'2026-03-06 15:38:50'),(59,6,1,'host','cascascsaaasca','text',1,'2026-03-06 15:38:54'),(60,6,1,'host','cascaacacsac','text',1,'2026-03-06 15:38:56'),(61,6,1,'host','cascacscacascas','text',1,'2026-03-06 15:38:58'),(62,6,1,'host','csacsacsacsacasc','text',1,'2026-03-06 15:39:00'),(63,6,1,'host','cscacascascsacas','text',1,'2026-03-06 15:39:03'),(64,6,1,'host','dhfhjcjtdhjdhrgdsfgfadsfcascasfcfasgvds','text',1,'2026-03-06 15:39:08'),(65,6,13,'user','sadadadadqweqeqe','text',1,'2026-03-06 15:47:08'),(66,6,13,'user','qeqeq','text',1,'2026-03-06 15:47:10'),(67,6,13,'user','dfasfcsceq','text',1,'2026-03-06 15:47:12'),(68,6,13,'user','cwqcwqfwqr','text',1,'2026-03-06 15:47:15'),(69,6,13,'user','dedfecfesdcsdaaWASQ','text',1,'2026-03-06 15:47:20'),(70,6,13,'user','DSADFSAFDASFASF','text',1,'2026-03-06 15:47:22'),(71,6,13,'user','131414214314532532532523','text',1,'2026-03-06 15:47:28'),(72,6,13,'user','3525325141242142','text',1,'2026-03-06 15:47:31'),(73,6,13,'user','@@####$$$$$$%%%','text',1,'2026-03-06 15:47:40'),(74,9,1,'host','haa bey tingey','text',1,'2026-03-06 15:49:15'),(75,9,13,'admin','haaa paapa kaise ho','text',1,'2026-03-06 15:56:32'),(76,9,1,'host','baas badiya mere putra','text',1,'2026-03-06 15:56:44'),(77,9,13,'admin','adxadad','text',1,'2026-03-06 16:04:13'),(78,9,1,'host','haa abhay batke kyaa haal chaal','text',0,'2026-03-06 16:04:43'),(79,6,13,'user','fgsfg','text',1,'2026-03-09 14:53:22'),(80,6,1,'host','helloo','text',1,'2026-03-09 15:29:05'),(81,6,13,'user','hii','text',1,'2026-03-09 16:29:40'),(82,6,1,'host','hello','text',1,'2026-03-09 17:11:50'),(83,6,1,'host','hiii','text',1,'2026-03-09 17:12:16'),(84,6,1,'host','hii','text',1,'2026-03-09 17:26:51'),(85,6,1,'host','kukukukukuk','text',1,'2026-03-09 17:37:55'),(86,6,13,'user','hyyyy','text',1,'2026-03-09 19:49:45'),(87,6,13,'user','ffffffffffffffffffffd','text',1,'2026-03-09 19:51:15'),(88,6,13,'user','ddddddddddddddddddddd','text',1,'2026-03-09 19:51:20'),(89,6,13,'user','d','text',1,'2026-03-09 19:51:23'),(90,6,13,'user','f','text',1,'2026-03-09 19:51:26'),(91,10,16,'userBusiness','hello abhay','text',1,'2026-03-10 13:56:59'),(92,10,5,'host','hii mourya45','text',1,'2026-03-10 13:57:37'),(93,10,16,'userBusiness','i need to talk about the property cause i have an issue','text',1,'2026-03-10 14:54:52'),(94,10,16,'userBusiness','dafdafdfaddafdafdfaddafdafdfaddafdafdfaddafdafdfaddafdafdfaddafdafdfaddafdafdfaddafdafdfaddafdafdfaddafdafdfaddafdafdfaddafdafdfaddafdafdfaddafdafdfaddafdafdfaddafdafdfaddafdafdfaddafdafdfaddafdafdfaddafdafdfaddafdafdfaddafdafdfaddafdafdfaddafdafdfaddafdafdfaddafdafdfad','text',1,'2026-03-10 16:53:09'),(95,10,16,'userBusiness','dsfdsfsdfsdfdsfdsfsdfsdfdsfdsfsdfsdfdsfdsfsdfsdfdsfdsfsdfsdfdsfdsfsdfsdfdsfdsfsdfsdfdsfdsfsdfsdfdsfdsfsdfsdfdsfdsfsdfsdfdsfdsfsdfsdfdsfdsfsdfsdfdsfdsfsdfsdfghgfhgfhfghfghfghfghgfhfghfgdsfdsfsdfsdfdsfdsfsdfsdfdsfdsfsdfsdfdsfdsfsdfsdfdsfdsfsdfsdfdsfdsfsdfsdfdsfdsfsdfsdfdsfdsfsdfsdfdsfdsfsdfsdfdsfdsfsdfsdfdsfdsfsdfsdfdsfdsfsdfsdfdsfdsfsdfsdfghgfhgfhfghfghfghfghgfhfghfgdsfdsfsdfsdfdsfdsfsdfsdfdsfdsfsdfsdfdsfdsfsdfsdfdsfdsfsdfsdfdsfdsfsdfsdfdsfdsfsdfsdfdsfdsfsdfsdfdsfdsfsdfsdfdsfdsfsdfsdfdsfdsfsdfsdfdsfdsfsdfsdfdsfdsfsdfsdfghgfhgfhfghfghfghfghgfhfghfg','text',1,'2026-03-10 17:49:09'),(96,10,16,'userBusiness','hii','text',1,'2026-03-10 19:01:36'),(97,10,16,'userBusiness','ggg','text',0,'2026-03-11 12:39:49'),(98,12,2,'host','hello','text',1,'2026-03-11 13:01:16'),(99,12,2,'host','hello admin','text',1,'2026-03-11 13:02:28'),(100,12,2,'host','hii','text',1,'2026-03-11 13:04:39'),(101,12,2,'host','hello admin','text',1,'2026-03-11 13:10:47'),(102,12,2,'host','hello admin are you here!','text',1,'2026-03-11 13:12:55'),(103,12,2,'host','?','text',1,'2026-03-11 13:14:36'),(104,12,2,'host','!','text',1,'2026-03-11 13:17:52'),(105,8,1,'admin','256+26+59','text',1,'2026-03-11 13:21:17'),(106,12,2,'host','!!','text',1,'2026-03-11 13:22:07'),(107,12,2,'host','gujgjugjuguj','text',1,'2026-03-11 13:24:24'),(108,6,1,'host','hello','text',1,'2026-03-11 13:27:28'),(109,6,1,'host','hiii i''m mario','text',1,'2026-03-11 13:27:54'),(110,6,1,'host','kaise ho mario aaaap','text',1,'2026-03-11 13:37:39'),(111,6,1,'host','heeyyya','text',1,'2026-03-11 13:41:55'),(112,6,1,'host','dhsauodhusoahdc','text',1,'2026-03-11 13:44:52'),(113,6,1,'host','hello','text',1,'2026-03-11 13:46:03'),(114,6,1,'host','hii','text',1,'2026-03-11 13:46:25'),(115,6,13,'user','hiii sorry','text',1,'2026-03-11 13:47:09'),(116,6,1,'host','hello','text',1,'2026-03-11 13:47:18'),(117,6,13,'user','hello','text',1,'2026-03-11 15:03:53'),(118,6,1,'host','hello this','text',1,'2026-03-11 15:04:11'),(119,8,1,'host','hello admin','text',1,'2026-03-11 15:04:41'),(120,8,1,'host','hi','text',1,'2026-03-11 15:05:09'),(121,6,1,'host','hi','text',1,'2026-03-11 15:14:15'),(122,6,13,'user','hii mario','text',1,'2026-03-11 15:18:23'),(123,6,1,'host','hoo','text',1,'2026-03-11 15:20:12'),(124,13,13,'user','hii','text',0,'2026-03-11 15:20:31'),(125,6,13,'user','hello','text',1,'2026-03-11 15:20:50'),(126,6,13,'user','h','text',1,'2026-03-11 15:27:54'),(127,6,13,'user','ffffffffffffffffffffffffffff','text',1,'2026-03-11 15:29:19'),(128,6,13,'user','g','text',1,'2026-03-11 15:29:30'),(129,6,1,'host','hi','text',1,'2026-03-11 15:34:56'),(130,8,1,'host','guy','text',1,'2026-03-11 15:45:13'),(131,8,1,'host','hhhhh','text',1,'2026-03-11 15:45:20'),(132,8,1,'admin','giii','text',1,'2026-03-11 15:47:42'),(133,8,1,'admin','hhh','text',1,'2026-03-11 15:47:48'),(134,8,1,'admin','k','text',1,'2026-03-11 15:48:48'),(135,8,1,'admin','j','text',1,'2026-03-11 15:49:20'),(136,8,1,'admin','hiii','text',1,'2026-03-11 15:51:40'),(137,8,1,'admin','hello mayanlk','text',1,'2026-03-11 15:52:04'),(138,8,1,'host','hiiii','text',1,'2026-03-11 15:52:55'),(139,8,1,'admin','hhj','text',1,'2026-03-11 15:53:34'),(140,8,1,'admin','hhyd','text',1,'2026-03-11 15:57:18'),(141,8,1,'admin','vhhf','text',1,'2026-03-11 15:58:00'),(142,8,1,'admin','hiii','text',1,'2026-03-11 16:00:56'),(143,8,1,'admin','sunta','text',1,'2026-03-11 16:01:23'),(144,8,1,'admin','hello','text',1,'2026-03-11 16:01:40'),(145,7,1,'host','gii','text',0,'2026-03-11 16:03:07'),(146,8,1,'admin','hiii','text',1,'2026-03-11 16:03:32'),(147,7,1,'host','hiii','text',0,'2026-03-11 16:03:44'),(148,8,1,'admin','sunle','text',1,'2026-03-11 16:15:06'),(149,8,1,'admin','bhai','text',1,'2026-03-11 16:16:02'),(150,8,1,'admin','hiii','text',1,'2026-03-11 16:23:21'),(151,8,1,'admin','ggfgdg','text',1,'2026-03-11 16:23:43'),(152,14,2,'admin','hii','text',0,'2026-03-11 16:30:48'),(153,15,1,'host','hii','text',1,'2026-03-11 17:09:36'),(154,15,1,'host','hello duncan','text',1,'2026-03-11 17:10:28'),(155,15,1,'host','hiiiii','text',1,'2026-03-11 17:11:11'),(156,14,2,'admin','hiii','text',0,'2026-03-11 17:22:28'),(157,15,1,'host','hiii admin','text',1,'2026-03-11 17:25:10'),(158,15,1,'host','hi','text',1,'2026-03-11 17:30:23'),(159,15,1,'host','hiii','text',1,'2026-03-11 17:31:02'),(160,15,1,'host','hi my admin','text',1,'2026-03-11 17:38:46'),(161,15,2,'subadmin','menka','text',1,'2026-03-11 17:43:12'),(162,15,2,'subadmin','gandhi','text',1,'2026-03-11 17:43:34'),(163,15,1,'host','ok nigga','text',1,'2026-03-11 17:43:55'),(164,15,2,'subadmin','hi marilio','text',1,'2026-03-11 17:44:15'),(165,15,2,'subadmin','Hii mario','text',1,'2026-03-11 17:44:40'),(166,15,1,'host','hello admin','text',1,'2026-03-11 17:46:22'),(167,15,2,'subadmin','hello this side admin','text',1,'2026-03-11 17:47:28'),(168,15,2,'subadmin','admin','text',1,'2026-03-11 17:48:06'),(169,15,2,'subadmin','hii','text',1,'2026-03-11 17:49:19'),(170,15,2,'subadmin','hi','text',1,'2026-03-11 17:53:15'),(171,15,2,'subadmin','hello','text',1,'2026-03-11 17:53:20'),(172,15,1,'host','hello','text',1,'2026-03-11 17:53:27'),(173,15,2,'subadmin','how the','text',1,'2026-03-11 17:53:36'),(174,15,2,'subadmin','hello','text',1,'2026-03-11 17:56:06'),(175,15,1,'host','hello','text',1,'2026-03-11 17:56:13'),(176,15,2,'subadmin','hielo','text',1,'2026-03-11 17:57:15'),(177,15,1,'host','kj','text',1,'2026-03-11 17:57:28'),(178,15,2,'subadmin','hiii','text',1,'2026-03-11 17:57:34'),(179,15,2,'subadmin','g','text',1,'2026-03-11 17:57:46'),(180,15,2,'subadmin','s','text',1,'2026-03-11 17:57:51'),(181,15,2,'subadmin','hi','text',1,'2026-03-11 18:17:00'),(182,15,2,'subadmin','hii','text',1,'2026-03-11 18:20:45'),(183,15,2,'subadmin','c','text',1,'2026-03-11 18:21:21'),(184,15,2,'subadmin','hiii','text',1,'2026-03-11 18:25:45'),(185,15,1,'host','hii','text',1,'2026-03-11 18:28:00'),(186,16,2,'subadmin','hi','text',0,'2026-03-11 18:29:11'),(187,15,2,'subadmin','hello i m','text',1,'2026-03-11 18:49:38'),(188,17,39,'user','hi Host','text',1,'2026-03-11 19:27:19'),(189,17,39,'user','sgd','text',1,'2026-03-11 19:27:48'),(190,17,28,'host','fhifwe','text',1,'2026-03-11 19:27:52'),(191,17,28,'host','isjhfiocji','text',1,'2026-03-11 19:27:56'),(192,17,39,'user','sjijasidj','text',1,'2026-03-11 19:27:58'),(193,17,28,'host','kediwdj','text',1,'2026-03-11 19:28:01'),(194,17,39,'user','jiefijc','text',1,'2026-03-11 19:28:05'),(195,17,39,'user','ijadjdoej','text',1,'2026-03-11 19:28:08'),(196,17,39,'user','iwjefiwfjweifj','text',1,'2026-03-11 19:28:11'),(197,17,28,'host','jweficsicjfiwefj','text',1,'2026-03-11 19:28:14'),(198,6,13,'user','wdhd','text',1,'2026-03-11 19:42:45'),(199,13,13,'user','kdfskfj','text',0,'2026-03-11 19:42:52'),(200,13,13,'user','wdjkdjnd','text',0,'2026-03-11 19:43:28'),(201,17,39,'user','wejfwifj','text',1,'2026-03-11 19:44:46'),(202,18,1,'admin','hi host\nadmin this side','text',1,'2026-03-12 15:23:33'),(203,18,28,'host','hi admin','text',1,'2026-03-12 15:23:59'),(204,18,1,'admin','chat date 12-03-2026','text',1,'2026-03-12 15:24:14'),(205,18,28,'host','chat date 12-03-2026','text',1,'2026-03-12 15:24:27'),(206,18,1,'admin','fofk','text',1,'2026-03-12 15:24:33'),(207,18,28,'host','vrtrg','text',1,'2026-03-12 15:24:44'),(208,18,1,'admin','tgg','text',0,'2026-03-12 15:24:47'),(209,18,28,'host','ergere','text',1,'2026-03-12 15:24:52'),(210,18,1,'admin','ergerg','text',0,'2026-03-12 15:24:55'),(211,18,28,'host','r','text',1,'2026-03-12 15:24:59'),(212,18,1,'admin','ggrgrrr','text',0,'2026-03-12 15:25:15'),(213,18,28,'host','rrr','text',1,'2026-03-12 15:25:17'),(214,19,34,'hostBusiness','HI Host business\nadmin this side','text',1,'2026-03-12 15:26:23'),(215,19,1,'admin','Hi admin','text',1,'2026-03-12 15:26:52'),(216,19,1,'admin','chat date 12-03-2026','text',1,'2026-03-12 15:27:10'),(217,19,34,'hostBusiness','uefu','text',1,'2026-03-12 15:27:15'),(218,19,1,'admin','effwefc','text',1,'2026-03-12 15:27:18'),(219,19,34,'hostBusiness','ccsdcedcv','text',1,'2026-03-12 15:27:20'),(220,19,34,'hostBusiness','edwecc','text',1,'2026-03-12 15:27:23'),(221,19,1,'admin','wefwc','text',1,'2026-03-12 15:27:25'),(222,19,34,'hostBusiness','sdcvev','text',1,'2026-03-12 15:27:27'),(223,19,1,'admin','veveergf','text',1,'2026-03-12 15:27:29'),(224,19,34,'hostBusiness','ecerfvev','text',1,'2026-03-12 15:27:31'),(225,19,1,'admin','ervecvcecve','text',1,'2026-03-12 15:27:34'),(226,19,34,'hostBusiness','vvevev','text',1,'2026-03-12 15:27:36'),(227,19,1,'admin','🎂🎂🎂🎂','text',1,'2026-03-12 15:27:45'),(228,20,40,'userBusiness','hiii','text',1,'2026-03-12 16:28:37'),(229,20,43,'user','heyyy','text',1,'2026-03-12 16:29:16'),(230,20,43,'user','weudwud','text',1,'2026-03-12 16:40:16'),(231,20,40,'userBusiness','wedfed','text',1,'2026-03-12 16:40:20'),(232,13,13,'user','fjdnwdjwnd','text',0,'2026-03-12 16:51:57'),(233,13,13,'user','Hello kabir','text',0,'2026-03-12 16:53:42'),(234,13,13,'user','Hello','text',0,'2026-03-12 16:58:42'),(235,6,13,'user','Hello Mario','text',1,'2026-03-12 16:59:11'),(236,6,1,'host','Hello hfh','text',1,'2026-03-12 16:59:51'),(237,6,13,'user','wedfhqwd','text',1,'2026-03-12 16:59:55'),(238,6,1,'host','weddwd','text',1,'2026-03-12 16:59:58'),(239,21,7,'hostBusiness','Hi jqa','text',1,'2026-03-12 17:07:47'),(240,21,13,'user','Hello','text',1,'2026-03-12 17:07:56'),(241,21,13,'user','Hello JSJAS','text',1,'2026-03-12 17:08:03'),(242,21,7,'hostBusiness','Hswd','text',1,'2026-03-12 17:08:06'),(243,21,7,'hostBusiness','awsdhd','text',1,'2026-03-12 17:08:10'),(244,21,13,'user','😊😊😊😊😊😊','text',1,'2026-03-12 17:08:16'),(245,22,24,'userBusiness','Hi sksd','text',1,'2026-03-12 17:16:27'),(246,22,1,'host','Hello','text',1,'2026-03-12 17:16:39'),(247,22,24,'userBusiness','shd','text',1,'2026-03-12 17:16:42'),(248,22,1,'host','wdqwidwjd','text',1,'2026-03-12 17:16:45'),(249,22,24,'userBusiness','sddhud','text',1,'2026-03-12 17:16:47'),(250,22,1,'host','wsddqyd','text',1,'2026-03-12 17:16:50'),(251,22,1,'host','sdadw','text',1,'2026-03-12 17:16:53'),(252,22,24,'userBusiness','qwdd','text',1,'2026-03-12 17:16:55'),(253,22,24,'userBusiness','qwdd','text',1,'2026-03-12 17:16:56'),(254,22,24,'userBusiness','qwdd','text',1,'2026-03-12 17:16:58'),(255,22,24,'userBusiness','qdd','text',1,'2026-03-12 17:16:58'),(256,4,24,'userBusiness','vdv','text',1,'2026-03-12 17:24:06'),(257,4,7,'hostBusiness','fsccdc','text',1,'2026-03-12 17:24:09'),(258,4,7,'hostBusiness','seffwef','text',1,'2026-03-12 17:24:12'),(259,4,24,'userBusiness','edfdwf','text',1,'2026-03-12 17:24:14'),(260,4,24,'userBusiness','edfwefwffwfwecwecwefwfqwdhwejifwjibjibsdjicbfbwuicbwdfjibwsbdcjhiebfbcsiiuf','text',1,'2026-03-12 17:24:22'),(261,23,45,'user','Hii','text',1,'2026-04-23 08:19:49'),(262,23,28,'host','Hello Aarav','text',1,'2026-04-23 08:20:05'),(263,24,46,'userBusiness','Hiiii Host','text',0,'2026-04-23 11:04:16'),(264,18,1,'admin','hiiii','text',0,'2026-04-23 13:04:10'),(265,25,49,'user','hii this side guest','text',1,'2026-04-24 12:15:38'),(266,25,52,'host','hello i''m host','text',1,'2026-04-24 12:16:01'),(267,26,51,'userBusiness','heyyyy','text',1,'2026-04-24 13:00:01'),(268,26,53,'hostBusiness','hello wiliam howz you','text',1,'2026-04-24 13:01:34'),(269,26,51,'userBusiness','fine','text',1,'2026-04-24 13:01:45'),(270,27,1,'admin','hii','text',1,'2026-04-24 13:39:08'),(271,27,52,'host','hii','text',1,'2026-04-24 13:39:24');

--
-- Table structure for table "notifications"
--

DROP TABLE IF EXISTS "notifications";
CREATE TABLE "notifications" (
  "notification_id" integer GENERATED BY DEFAULT AS IDENTITY,
  "sender_id" int DEFAULT NULL,
  "sender_type" varchar(20) DEFAULT NULL,
  "receiver_id" int NOT NULL,
  "receiver_type" varchar(20) NOT NULL,
  "title" varchar(500) DEFAULT NULL,
  "message" text,
  "reference_id" int DEFAULT NULL,
  "reference_type" varchar(50) DEFAULT NULL,
  "is_read" smallint DEFAULT '0',
  "is_deleted" smallint DEFAULT '0',
  "created_at" timestamp NOT NULL DEFAULT CURRENT_TIMESTAMP,
  "notification_type" varchar(50) DEFAULT NULL,
  PRIMARY KEY ("notification_id")
);

--
-- Dumping data for table "notifications"
--

INSERT INTO "notifications" VALUES (1,13,'user',1,'host','New Booking Request','whitney sent a booking request for This a dummy titile',45,'booking',0,0,'2026-04-14 13:09:56','1'),(2,1,'host',13,'user','Booking Approved','Your booking for This a dummy titile has been approved',45,'booking',0,0,'2026-04-14 13:24:18','2'),(3,13,'user',1,'host','Payment Received','Payment received for booking of This a dummy titile',45,'booking',0,0,'2026-04-14 13:31:58','4'),(5,45,'user',28,'host','New Booking Request','Aarav sent a booking request for Cora',46,'booking',0,0,'2026-04-23 08:06:56','1'),(6,28,'host',45,'user','Booking Approved','Your booking for Cora has been approved',46,'booking',0,0,'2026-04-23 08:08:54','2'),(7,1,'admin',28,'host','Property Approved','Your property \"Starlight Manor\" has been approved',58,'property',0,0,'2026-04-23 10:21:14','6'),(8,45,'user',28,'host','New Booking Request','Aarav sent a booking request for Starlight Manor',47,'booking',0,0,'2026-04-23 10:23:54','1'),(9,45,'user',10,'host','New Booking Request','Kabir sent a booking request for Urban Chic Loft',48,'booking',0,0,'2026-04-23 10:40:55','1'),(10,28,'host',45,'user','Booking Rejected','Your booking for Starlight Manor has been rejected',47,'booking',0,0,'2026-04-23 10:42:12','3'),(11,46,'user',28,'host','New Booking Request','Priya sent a booking request for Starlight Manor',49,'booking',0,0,'2026-04-23 11:01:00','1'),(12,46,'user',28,'host','New Booking Request','Priya sent a booking request for Cora',50,'booking',0,0,'2026-04-23 11:02:47','1'),(13,28,'host',46,'user','Booking Approved','Your booking for Starlight Manor has been approved',49,'booking',0,0,'2026-04-23 11:03:15','2'),(14,28,'host',46,'user','Booking Rejected','Your booking for Cora has been rejected',50,'booking',0,0,'2026-04-23 11:14:31','3'),(15,47,'user',28,'host','New Booking Request','Harry sent a booking request for Starlight Manor',51,'booking',0,0,'2026-04-23 11:53:50','1'),(16,28,'host',47,'user','Booking Approved','Your booking for Starlight Manor has been approved',51,'booking',0,0,'2026-04-23 11:54:24','2'),(17,1,'admin',28,'host','Property Approved','Your property \"Skyview Residency\" has been approved',44,'property',0,0,'2026-04-23 12:23:11','6'),(18,45,'user',34,'host','New Booking Request','Aarav sent a booking request for Zenin Clan',52,'booking',0,0,'2026-04-23 17:46:38','1'),(20,49,'user',52,'host','New Booking Request','Zachery sent a booking request for New Appartment',53,'booking',0,0,'2026-04-24 07:35:43','1'),(21,52,'host',49,'user','Booking Approved','Your booking for New Appartment has been approved',53,'booking',0,0,'2026-04-24 07:36:41','2'),(22,15,'admin',53,'host','Property Approved','Your property \"Nirwana properties\" has been approved',61,'property',0,0,'2026-04-24 11:58:13','6'),(23,51,'user',53,'host','New Booking Request','william son fraks sent a booking request for Nirwana properties',54,'booking',0,0,'2026-04-24 12:02:22','1'),(24,53,'host',51,'user','Booking Approved','Your booking for Nirwana properties has been approved',54,'booking',0,0,'2026-04-24 12:04:13','2');

--
-- Table structure for table "payment_master"
--

DROP TABLE IF EXISTS "payment_master";
CREATE TABLE "payment_master" (
  "payment_id" integer GENERATED BY DEFAULT AS IDENTITY,
  "booking_id" int DEFAULT NULL,
  "user_id" int DEFAULT NULL,
  "payment_status" varchar(255) NOT NULL DEFAULT 'PENDING',
  "payment_method" varchar(255) DEFAULT NULL,
  "transaction_id" varchar(255) DEFAULT NULL,
  "start_date" date DEFAULT NULL,
  "end_date" date DEFAULT NULL,
  "number_of_days" int DEFAULT NULL,
  "security_deposit" decimal(10,2) DEFAULT NULL,
  "platform_fee" decimal(10,2) DEFAULT NULL,
  "admin_earnings" decimal(10,2) DEFAULT NULL,
  "total_amount" decimal(10,2) DEFAULT NULL,
  "created_at" timestamp NOT NULL DEFAULT CURRENT_TIMESTAMP,
  "currency" text,
  "stripe_fee" decimal(10,2) DEFAULT NULL,
  "net_amount" decimal(10,2) DEFAULT NULL,
  "gross_amount" decimal(10,2) DEFAULT NULL,
  "stripe_total_amount" decimal(10,2) DEFAULT NULL,
  "vat_details" text,
  "session_id" text,
  "signature_request_id" text,
  "offer_value" int DEFAULT NULL,
  "discount_amount" int DEFAULT NULL,
  "host_payout_amount" decimal(10,2) DEFAULT NULL,
  "payout_status" varchar(255) DEFAULT 'PENDING',
  "payout_done_at" timestamp DEFAULT NULL,
  "release_on" date DEFAULT NULL,
  "payout_released_at" timestamp DEFAULT NULL,
  "stripe_transfer_id" varchar(255) DEFAULT NULL,
  "payout_failure_reason" text,
  "last_payout_attempt_at" timestamp DEFAULT NULL,
  PRIMARY KEY ("payment_id")
);

--
-- Dumping data for table "payment_master"
--

INSERT INTO "payment_master" VALUES (6,19,28,'COMPLETED','CARD','TXGGIR21','2025-09-17','2025-09-18',1,38.00,NULL,1.91,38.27,'2025-09-17 12:17:34',NULL,NULL,NULL,NULL,NULL,NULL,NULL,NULL,NULL,NULL,NULL,'PENDING',NULL,NULL,NULL,NULL,NULL,NULL),(7,20,30,'COMPLETED','CARD','TXWUFKHM','2025-10-15','2025-10-25',10,33.00,NULL,2.25,45.00,'2025-10-15 11:31:41',NULL,NULL,NULL,NULL,NULL,NULL,NULL,NULL,NULL,NULL,NULL,'PENDING',NULL,NULL,NULL,NULL,NULL,NULL),(8,21,30,'COMPLETED','CARD','TXM77MZ5','2025-10-26','2025-11-26',31,33.00,NULL,3.07,61.40,'2025-10-15 11:41:44',NULL,NULL,NULL,NULL,NULL,NULL,NULL,NULL,NULL,NULL,NULL,'PENDING',NULL,NULL,NULL,NULL,NULL,NULL),(9,17,21,'COMPLETED','CARD','TX727IMM','2025-09-17','2025-09-21',4,6000.00,NULL,360.00,7200.00,'2025-10-29 06:06:12',NULL,NULL,NULL,NULL,NULL,NULL,NULL,NULL,NULL,NULL,NULL,'PENDING',NULL,NULL,NULL,NULL,NULL,NULL),(13,18,24,'REJECTED','#N/A','TX2B2GB2','2025-09-17','2025-09-20',3,94.00,0.00,4.72,94.30,'2025-10-31 08:25:14','USD',0.00,0.00,0.00,94.30,'[]','cs_test_a1uowBw3kEQycGSMyVmwN7IAt5YxfOqDizittZm9k37cOTVNhVY8SVnbT7',NULL,NULL,NULL,NULL,'PENDING',NULL,NULL,NULL,NULL,NULL,NULL),(14,5,13,'REJECTED','#N/A','TXVTTMMI','2025-08-30','2025-09-30',31,8000.00,400.00,820.00,16400.00,'2025-10-31 09:28:43','USD',0.00,0.00,0.00,16400.00,'[]','cs_test_a1X0w2zF2C3GkDy2vVBXX3pXGMH3Tg7rdgDzVTgMyhHntmQP3eVcUwRoc0',NULL,NULL,NULL,NULL,'PENDING',NULL,NULL,NULL,NULL,NULL,NULL),(15,8,13,'COMPLETED','CARD','txn_3SOEduGXO7hzW0YB2W1P6UM6','2025-07-15','2025-09-16',63,5000.00,0.00,508.33,10166.67,'2025-10-31 09:29:15','SEK',5037.99,90889.32,95927.31,10166.67,'[{\"amount\":0,\"rate\":{\"id\":\"txr_1SNusqGXO7hzW0YBh7NLklGX\",\"object\":\"tax_rate\",\"active\":false,\"country\":\"IN\",\"created\":1761826996,\"description\":null,\"display_name\":\"IGST\",\"effective_percentage\":0,\"flat_amount\":null,\"inclusive\":false,\"jurisdiction\":\"India\",\"jurisdiction_level\":\"country\",\"livemode\":false,\"metadata\":{},\"percentage\":18,\"rate_type\":\"percentage\",\"state\":null,\"tax_type\":\"igst\"}}]','cs_test_a1Ziwk18GCI9vGyHPuEVUbshT1ne1DRW7JIPi5vlk9c7R3Nija5adSKW7h',NULL,NULL,NULL,NULL,'PENDING',NULL,NULL,NULL,NULL,NULL,NULL),(16,22,24,'REJECTED','#N/A','TXE8VGBF','2025-10-31','2025-11-02',2,50.00,0.00,2.51,50.20,'2025-10-31 10:38:07','USD',0.00,0.00,0.00,50.20,'[]','cs_test_a1Sj5w747B6ieGO94QgJtLvcynl2KfFHMWkUcsNq7iS7dxQENkNCCLFp9h',NULL,NULL,NULL,NULL,'PENDING',NULL,NULL,NULL,NULL,NULL,NULL),(17,22,24,'COMPLETED','CARD','txn_3SOFjCGXO7hzW0YB33wfIoBA','2025-10-31','2025-11-02',2,50.00,0.00,2.51,50.20,'2025-10-31 10:38:47','SEK',26.69,447.33,474.02,50.20,'[{\"amount\":0,\"rate\":{\"id\":\"txr_1SNusqGXO7hzW0YBh7NLklGX\",\"object\":\"tax_rate\",\"active\":false,\"country\":\"IN\",\"created\":1761826996,\"description\":null,\"display_name\":\"IGST\",\"effective_percentage\":0,\"flat_amount\":null,\"inclusive\":false,\"jurisdiction\":\"India\",\"jurisdiction_level\":\"country\",\"livemode\":false,\"metadata\":{},\"percentage\":18,\"rate_type\":\"percentage\",\"state\":null,\"tax_type\":\"igst\"}}]','cs_test_a1ahHwZmJLg3kiE6uKGmV0gY4wwtlMzTgn2P71pRPYbxPMAkUesZi6eyjb',NULL,NULL,NULL,NULL,'PENDING',NULL,NULL,NULL,NULL,NULL,NULL),(18,23,35,'REJECTED','#N/A','TXA0XU1Z','2025-11-03','2025-11-06',3,50.00,0.00,2.52,50.30,'2025-10-31 10:47:08','USD',0.00,0.00,0.00,50.30,'[]','cs_test_a1LCOeNidDn4JTxIKGLXUGKfJD3jBRZMSQj2IeqMFsvshVU7FwuHsrsJqP',NULL,NULL,NULL,NULL,'PENDING',NULL,NULL,NULL,NULL,NULL,NULL),(19,23,35,'COMPLETED','CARD','txn_3SOFs3GXO7hzW0YB2w3QFYXT','2025-11-03','2025-11-06',3,50.00,0.00,2.52,50.30,'2025-10-31 10:47:56','SEK',26.74,448.22,474.96,50.30,'[{\"amount\":0,\"rate\":{\"id\":\"txr_1SNusqGXO7hzW0YBh7NLklGX\",\"object\":\"tax_rate\",\"active\":false,\"country\":\"IN\",\"created\":1761826996,\"description\":null,\"display_name\":\"IGST\",\"effective_percentage\":0,\"flat_amount\":null,\"inclusive\":false,\"jurisdiction\":\"India\",\"jurisdiction_level\":\"country\",\"livemode\":false,\"metadata\":{},\"percentage\":18,\"rate_type\":\"percentage\",\"state\":null,\"tax_type\":\"igst\"}}]','cs_test_a1ez3OCmARcGISvi0ypApUepNmrDQGTJvpOZLr2WQwRto882ICnxDBuUah',NULL,NULL,NULL,NULL,'PENDING',NULL,NULL,NULL,NULL,NULL,NULL),(20,18,24,'COMPLETED','CARD','txn_3SPIaRGXO7hzW0YB3UW9NE34','2025-09-17','2025-09-20',3,94.00,0.00,4.72,94.30,'2025-11-03 07:54:05','SEK',48.76,845.65,894.41,94.30,'[{\"amount\":0,\"rate\":{\"id\":\"txr_1SPIZ7GXO7hzW0YBhpFEZmO5\",\"object\":\"tax_rate\",\"active\":false,\"country\":\"TD\",\"created\":1762156357,\"description\":null,\"display_name\":\"\",\"effective_percentage\":0,\"flat_amount\":null,\"inclusive\":false,\"jurisdiction\":\"Chad\",\"jurisdiction_level\":null,\"livemode\":false,\"metadata\":{},\"percentage\":0,\"rate_type\":null,\"state\":null,\"tax_type\":null}}]','cs_test_a1V7tKojyDp5RAT1xAnk8SFdkFyWR6nZZBkMwUEFSsD4Vz1X0y7tnIwZca',NULL,NULL,NULL,NULL,'PENDING',NULL,NULL,NULL,NULL,NULL,NULL),(21,7,21,'COMPLETED','CARD','txn_3ScKSLGXO7hzW0YB1xLswGeW','2025-09-01','2025-09-16',16,50.00,0.00,0.30,53.30,'2025-12-09 06:31:34','SEK',51.30,21347.14,51.30,51.30,'[{\"amount\":0,\"rate\":{\"id\":\"txr_1SNusqGXO7hzW0YBh7NLklGX\",\"object\":\"tax_rate\",\"active\":false,\"country\":\"IN\",\"created\":1761826996,\"description\":null,\"display_name\":\"IGST\",\"effective_percentage\":0,\"flat_amount\":null,\"inclusive\":false,\"jurisdiction\":\"India\",\"jurisdiction_level\":\"country\",\"livemode\":false,\"metadata\":{},\"percentage\":18,\"rate_type\":\"percentage\",\"state\":null,\"tax_type\":\"igst\"}}]','cs_test_a1WvIZkjMyKO2UpBnHpnnA0Mek8BYIV9OFGnRHuiHGvX55gG0OEZxK7jQD',NULL,NULL,NULL,NULL,'PENDING',NULL,NULL,NULL,NULL,NULL,NULL),(22,24,21,'COMPLETED','CARD','txn_3SdTDEGXO7hzW0YB3GstbiJZ','2025-12-12','2025-12-27',15,5000.00,0.00,750.00,7500.00,'2025-12-12 10:04:41','EUR',335.86,6056.65,6392.51,7500.00,'[{\"amount\":0,\"rate\":{\"id\":\"txr_1SNusqGXO7hzW0YBh7NLklGX\",\"object\":\"tax_rate\",\"active\":false,\"country\":\"IN\",\"created\":1761826996,\"description\":null,\"display_name\":\"IGST\",\"effective_percentage\":0,\"flat_amount\":null,\"inclusive\":false,\"jurisdiction\":\"India\",\"jurisdiction_level\":\"country\",\"livemode\":false,\"metadata\":{},\"percentage\":18,\"rate_type\":\"percentage\",\"state\":null,\"tax_type\":\"igst\"}}]','cs_test_a1ycUn5UL1PUB0DIFGCkYDk4hK6W7DkeZECcqLsPDie3bhTF7PGRNXt2s3',NULL,NULL,NULL,NULL,'PENDING',NULL,NULL,NULL,NULL,NULL,NULL),(23,45,13,'COMPLETED','CARD','TXTZI85U','2026-04-16','2026-04-19',3,8000.00,400.00,840.00,8400.00,'2026-04-14 19:01:58','EUR',NULL,NULL,NULL,NULL,NULL,NULL,NULL,0,NULL,7560.00,'PAID',NULL,'2026-04-14','2026-04-15 18:44:50','tr_1TMTHJGXO7hzW0YBkUF3BLCO',NULL,'2026-04-15 18:44:50'),(24,46,45,'COMPLETED','CARD','txn_3TPKjcGXO7hzW0YB371g2LWy','2026-04-23','2026-04-28',5,5000.00,0.00,910.67,9106.67,'2026-04-23 10:43:58','EUR',409.10,7378.61,7787.71,9106.67,'[{\"amount\":0,\"rate\":{\"id\":\"txr_1SNusqGXO7hzW0YBh7NLklGX\",\"object\":\"tax_rate\",\"active\":false,\"country\":\"IN\",\"created\":1761826996,\"description\":null,\"display_name\":\"IGST\",\"effective_percentage\":0,\"flat_amount\":null,\"inclusive\":false,\"jurisdiction\":\"India\",\"jurisdiction_level\":\"country\",\"livemode\":false,\"metadata\":{},\"percentage\":18,\"rate_type\":\"percentage\",\"state\":null,\"tax_type\":\"igst\"}}]','cs_test_a1PNUoba8hj0cthZj1Zgo2I2iMDNPgS5fVWZuFBoEsKFi4232c3WRs0tdd',NULL,0,0,8196.00,'PAID',NULL,'2026-04-23','2026-04-23 10:47:15','tr_1TPKmsGXO7hzW0YBXeSL62xu',NULL,'2026-04-23 10:47:15'),(25,49,46,'COMPLETED','CARD','txn_3TPLFxGXO7hzW0YB2g3fF0mE','2026-05-01','2026-05-11',10,3000.00,0.00,633.50,6335.00,'2026-04-23 11:17:22','EUR',284.95,5137.84,5422.79,6335.00,'[{\"amount\":0,\"rate\":{\"id\":\"txr_1SNusqGXO7hzW0YBh7NLklGX\",\"object\":\"tax_rate\",\"active\":false,\"country\":\"IN\",\"created\":1761826996,\"description\":null,\"display_name\":\"IGST\",\"effective_percentage\":0,\"flat_amount\":null,\"inclusive\":false,\"jurisdiction\":\"India\",\"jurisdiction_level\":\"country\",\"livemode\":false,\"metadata\":{},\"percentage\":18,\"rate_type\":\"percentage\",\"state\":null,\"tax_type\":\"igst\"}}]','cs_test_a1g1d5Je014IuEjpPRHsgzdkRnE4hk8b1WRmFujjMIw9Ztl1i0eqBZ1j3s',NULL,0,0,5701.50,'PENDING',NULL,'2026-05-01',NULL,NULL,NULL,NULL),(26,53,49,'COMPLETED','CARD','txn_3TPeJLGXO7hzW0YB2AQqKzFd','2026-04-24','2026-04-26',2,3000.00,0.00,311.67,3116.67,'2026-04-24 07:38:10','EUR',140.34,2528.03,2668.37,3116.67,'[{\"amount\":0,\"rate\":{\"id\":\"txr_1SNusqGXO7hzW0YBh7NLklGX\",\"object\":\"tax_rate\",\"active\":false,\"country\":\"IN\",\"created\":1761826996,\"description\":null,\"display_name\":\"IGST\",\"effective_percentage\":0,\"flat_amount\":null,\"inclusive\":false,\"jurisdiction\":\"India\",\"jurisdiction_level\":\"country\",\"livemode\":false,\"metadata\":{},\"percentage\":18,\"rate_type\":\"percentage\",\"state\":null,\"tax_type\":\"igst\"}}]','cs_test_a1PSRkoXsbGCAsUZtfNztLBsJJWF0JULDuy3v7SVruyecC2bvCaDTj32JD',NULL,0,0,2805.00,'PAID',NULL,'2026-04-24','2026-04-24 07:38:56','tr_1TPeKCGXO7hzW0YByljefDjD',NULL,'2026-04-24 07:38:56'),(27,54,51,'COMPLETED','CARD','txn_3TPiUEGXO7hzW0YB2iKwkCtG','2026-04-24','2026-05-05',11,3000.00,0.00,503.33,5033.33,'2026-04-24 12:05:40','EUR',225.81,4070.61,4296.42,5033.33,'[{\"amount\":0,\"rate\":{\"id\":\"txr_1TPiUAGXO7hzW0YBSTsOufbv\",\"object\":\"tax_rate\",\"active\":false,\"country\":\"ES\",\"created\":1777032330,\"description\":null,\"display_name\":\"VAT\",\"effective_percentage\":0,\"flat_amount\":null,\"inclusive\":false,\"jurisdiction\":\"Spain\",\"jurisdiction_level\":\"country\",\"livemode\":false,\"metadata\":{},\"percentage\":21,\"rate_type\":\"percentage\",\"state\":null,\"tax_type\":\"vat\"}}]','cs_test_a1ugm1Uo5AWDe27feJcAcAT5eDFaifJOzlVK1cLAKLNyS0N4fNJwfRH00C',NULL,0,0,4530.00,'PAID',NULL,'2026-04-24','2026-04-24 12:07:12','tr_1TPiVnGXO7hzW0YBOOqZO6ek',NULL,'2026-04-24 12:07:12');

--
-- Table structure for table "permissions_master"
--

DROP TABLE IF EXISTS "permissions_master";
CREATE TABLE "permissions_master" (
  "permission_id" integer GENERATED BY DEFAULT AS IDENTITY,
  "admin_id" int DEFAULT NULL,
  "type" int DEFAULT NULL ,
  "is_add" int NOT NULL DEFAULT '0' ,
  "is_view" int NOT NULL DEFAULT '0' ,
  "is_edit" int NOT NULL DEFAULT '0' ,
  "is_delete" int NOT NULL DEFAULT '0' ,
  "created_at" timestamp NOT NULL DEFAULT CURRENT_TIMESTAMP,
  "updated_at" timestamp DEFAULT NULL,
  PRIMARY KEY ("permission_id")
);

--
-- Dumping data for table "permissions_master"
--

INSERT INTO "permissions_master" VALUES (47,4,2,1,0,0,0,'2025-07-24 10:41:12',NULL),(48,4,3,0,1,0,0,'2025-07-24 10:41:12',NULL),(49,4,4,0,1,1,0,'2025-07-24 10:41:12',NULL),(50,4,5,0,0,0,1,'2025-07-24 10:41:12',NULL),(52,5,2,1,1,1,1,'2025-07-25 14:56:41',NULL),(53,5,3,1,1,1,1,'2025-07-25 14:56:41',NULL),(54,5,4,1,1,1,1,'2025-07-25 14:56:41',NULL),(55,5,5,1,1,1,1,'2025-07-25 14:56:41',NULL),(56,5,6,1,1,1,1,'2025-07-25 14:56:41',NULL),(57,5,7,1,1,1,1,'2025-07-25 14:56:41',NULL),(58,5,8,1,1,1,1,'2025-07-25 14:56:41',NULL),(59,5,9,1,1,1,1,'2025-07-25 14:56:41',NULL),(61,5,11,1,1,1,1,'2025-07-25 14:56:41',NULL),(62,5,12,1,1,1,1,'2025-07-25 14:56:41',NULL),(63,5,13,1,1,1,1,'2025-07-25 14:56:41',NULL),(64,5,14,1,1,1,1,'2025-07-25 14:56:41',NULL),(65,5,15,1,1,1,1,'2025-07-25 14:56:41',NULL),(66,5,16,1,1,1,1,'2025-07-25 14:56:41',NULL),(67,5,17,1,1,1,1,'2025-07-25 14:56:41',NULL),(68,5,18,1,1,1,1,'2025-07-25 14:56:41',NULL),(69,5,19,1,1,1,1,'2025-07-25 14:56:41',NULL),(70,5,20,1,1,1,1,'2025-07-25 14:56:41',NULL),(71,5,21,1,1,1,1,'2025-07-25 14:56:41',NULL),(72,5,22,1,1,1,1,'2025-07-25 14:56:41',NULL),(73,3,2,1,1,1,1,'2025-08-14 13:20:00',NULL),(74,3,3,1,1,1,1,'2025-08-14 13:20:00',NULL),(75,3,4,1,1,1,1,'2025-08-14 13:20:00',NULL),(80,6,6,1,1,1,1,'2025-10-10 06:37:53',NULL),(81,6,7,1,1,1,1,'2025-10-10 06:37:53',NULL),(82,6,8,1,1,1,1,'2025-10-10 06:37:53',NULL),(83,7,2,1,1,1,1,'2025-10-10 06:52:21',NULL),(84,7,1,1,1,1,1,'2025-10-10 06:52:21',NULL),(89,8,1,1,1,1,1,'2025-10-10 07:05:22',NULL),(90,8,6,1,1,1,1,'2025-10-10 07:05:22',NULL),(91,8,7,1,1,1,1,'2025-10-10 07:05:22',NULL),(92,8,8,1,1,1,1,'2025-10-10 07:05:22',NULL),(93,9,1,1,1,1,1,'2025-10-10 07:18:20',NULL),(94,9,3,1,1,1,1,'2025-10-10 07:18:20',NULL),(106,10,1,1,1,1,1,'2025-10-10 08:06:12',NULL),(107,10,3,1,1,1,1,'2025-10-10 08:06:12',NULL),(108,10,4,1,1,1,1,'2025-10-10 08:06:12',NULL),(109,10,5,1,1,1,1,'2025-10-10 08:06:12',NULL),(110,10,6,1,1,1,1,'2025-10-10 08:06:12',NULL),(111,11,1,1,1,1,1,'2025-10-10 08:26:03',NULL),(112,11,5,1,1,1,1,'2025-10-10 08:26:03',NULL),(113,12,1,1,1,1,1,'2025-10-10 09:25:46',NULL),(114,12,3,1,1,1,1,'2025-10-10 09:25:46',NULL),(276,13,1,1,1,1,1,'2026-02-11 07:59:07',NULL),(277,13,5,1,1,1,1,'2026-02-11 07:59:07',NULL),(278,13,6,1,1,1,1,'2026-02-11 07:59:07',NULL),(279,13,7,1,1,1,1,'2026-02-11 07:59:07',NULL),(280,13,8,1,1,1,1,'2026-02-11 07:59:07',NULL),(281,13,9,1,1,1,1,'2026-02-11 07:59:07',NULL),(282,13,11,1,1,1,1,'2026-02-11 07:59:07',NULL),(283,13,12,1,1,1,1,'2026-02-11 07:59:07',NULL),(284,13,13,1,1,1,1,'2026-02-11 07:59:07',NULL),(285,13,14,1,1,1,1,'2026-02-11 07:59:07',NULL),(286,13,15,1,1,1,1,'2026-02-11 07:59:07',NULL),(287,13,16,1,1,1,1,'2026-02-11 07:59:07',NULL),(288,13,17,1,1,1,1,'2026-02-11 07:59:07',NULL),(289,13,18,1,1,1,1,'2026-02-11 07:59:07',NULL),(290,13,19,1,1,1,1,'2026-02-11 07:59:07',NULL),(291,13,20,1,1,1,1,'2026-02-11 07:59:07',NULL),(292,13,21,1,1,1,1,'2026-02-11 07:59:07',NULL),(293,13,22,1,1,1,1,'2026-02-11 07:59:07',NULL),(294,13,23,1,1,1,1,'2026-02-11 07:59:07',NULL),(295,13,24,1,1,1,1,'2026-02-11 07:59:07',NULL),(296,14,1,1,1,1,1,'2026-03-02 08:19:08',NULL),(297,14,2,1,1,1,1,'2026-03-02 08:19:08',NULL),(298,14,3,1,1,1,1,'2026-03-02 08:19:08',NULL),(299,14,4,1,1,1,1,'2026-03-02 08:19:08',NULL),(300,14,5,1,1,1,1,'2026-03-02 08:19:08',NULL),(301,14,6,1,1,1,1,'2026-03-02 08:19:08',NULL),(302,14,8,1,1,1,1,'2026-03-02 08:19:08',NULL),(303,14,9,1,1,1,1,'2026-03-02 08:19:08',NULL),(304,14,11,1,1,1,1,'2026-03-02 08:19:08',NULL),(305,14,12,1,1,1,1,'2026-03-02 08:19:08',NULL),(306,14,14,1,1,1,1,'2026-03-02 08:19:08',NULL),(307,14,15,1,1,1,1,'2026-03-02 08:19:08',NULL),(308,14,16,1,1,1,1,'2026-03-02 08:19:08',NULL),(309,14,18,1,1,1,1,'2026-03-02 08:19:08',NULL),(310,14,22,1,1,1,1,'2026-03-02 08:19:08',NULL),(311,14,23,1,1,1,1,'2026-03-02 08:19:08',NULL),(312,14,24,1,1,1,1,'2026-03-02 08:19:08',NULL),(313,14,20,1,1,1,1,'2026-03-02 08:19:08',NULL),(314,2,1,1,1,1,1,'2026-03-11 16:30:13',NULL),(315,2,3,1,1,1,1,'2026-03-11 16:30:13',NULL),(316,2,4,1,1,1,1,'2026-03-11 16:30:13',NULL),(317,2,5,1,1,1,1,'2026-03-11 16:30:13',NULL),(318,2,12,1,1,1,1,'2026-03-11 16:30:13',NULL),(319,15,1,1,1,1,1,'2026-04-24 11:42:18',NULL),(320,15,2,1,1,1,1,'2026-04-24 11:42:18',NULL),(321,15,3,1,1,1,1,'2026-04-24 11:42:18',NULL),(322,15,4,1,1,1,1,'2026-04-24 11:42:18',NULL),(323,15,5,1,1,1,1,'2026-04-24 11:42:18',NULL),(324,15,6,1,1,1,1,'2026-04-24 11:42:18',NULL),(325,15,7,1,1,1,1,'2026-04-24 11:42:18',NULL),(326,15,8,1,1,1,1,'2026-04-24 11:42:18',NULL),(327,15,9,1,1,1,1,'2026-04-24 11:42:18',NULL),(328,15,11,1,1,1,1,'2026-04-24 11:42:18',NULL),(329,15,12,1,1,1,1,'2026-04-24 11:42:18',NULL),(330,15,13,1,1,1,1,'2026-04-24 11:42:18',NULL),(331,15,14,1,1,1,1,'2026-04-24 11:42:18',NULL),(332,15,15,1,1,1,1,'2026-04-24 11:42:18',NULL),(333,15,16,1,1,1,1,'2026-04-24 11:42:18',NULL),(334,15,17,1,1,1,1,'2026-04-24 11:42:18',NULL),(335,15,18,1,1,1,1,'2026-04-24 11:42:18',NULL),(336,15,19,1,1,1,1,'2026-04-24 11:42:18',NULL),(337,15,20,1,1,1,1,'2026-04-24 11:42:18',NULL),(338,15,21,1,1,1,1,'2026-04-24 11:42:18',NULL),(339,15,22,1,1,1,1,'2026-04-24 11:42:18',NULL),(340,15,23,1,1,1,1,'2026-04-24 11:42:18',NULL),(341,15,24,1,1,1,1,'2026-04-24 11:42:18',NULL),(342,16,1,1,1,1,1,'2026-04-24 14:18:09',NULL),(343,16,2,1,1,1,1,'2026-04-24 14:18:09',NULL),(344,16,3,1,1,1,1,'2026-04-24 14:18:09',NULL),(345,16,4,1,1,1,1,'2026-04-24 14:18:09',NULL),(346,16,5,1,1,1,1,'2026-04-24 14:18:09',NULL),(347,16,6,1,1,1,1,'2026-04-24 14:18:09',NULL),(348,16,7,1,1,1,1,'2026-04-24 14:18:09',NULL),(349,16,8,1,1,1,1,'2026-04-24 14:18:09',NULL),(350,16,9,1,1,1,1,'2026-04-24 14:18:09',NULL),(351,16,11,1,1,1,1,'2026-04-24 14:18:09',NULL),(352,16,12,1,1,1,1,'2026-04-24 14:18:09',NULL),(353,16,13,1,1,1,1,'2026-04-24 14:18:09',NULL),(354,16,14,1,1,1,1,'2026-04-24 14:18:09',NULL),(355,16,15,1,1,1,1,'2026-04-24 14:18:09',NULL),(356,16,16,1,1,1,1,'2026-04-24 14:18:09',NULL),(357,16,17,1,1,1,1,'2026-04-24 14:18:09',NULL),(358,16,18,1,1,1,1,'2026-04-24 14:18:09',NULL),(359,16,19,1,1,1,1,'2026-04-24 14:18:09',NULL),(360,16,20,1,1,1,1,'2026-04-24 14:18:09',NULL),(361,16,21,1,1,1,1,'2026-04-24 14:18:09',NULL),(362,16,22,1,1,1,1,'2026-04-24 14:18:09',NULL),(363,16,23,1,1,1,1,'2026-04-24 14:18:09',NULL),(364,16,24,1,1,1,1,'2026-04-24 14:18:09',NULL),(365,17,1,1,1,1,1,'2026-04-24 14:18:59',NULL),(366,17,2,1,1,1,1,'2026-04-24 14:18:59',NULL),(367,17,3,1,1,1,1,'2026-04-24 14:18:59',NULL),(368,18,1,1,1,1,1,'2026-04-24 14:24:43',NULL),(369,18,2,1,1,1,1,'2026-04-24 14:24:43',NULL),(370,18,3,1,1,1,1,'2026-04-24 14:24:43',NULL),(371,18,4,1,1,1,1,'2026-04-24 14:24:43',NULL),(372,18,5,1,1,1,1,'2026-04-24 14:24:43',NULL),(373,18,6,1,1,1,1,'2026-04-24 14:24:43',NULL),(374,18,7,1,1,1,1,'2026-04-24 14:24:43',NULL),(375,18,8,1,1,1,1,'2026-04-24 14:24:43',NULL),(376,18,9,1,1,1,1,'2026-04-24 14:24:43',NULL),(377,18,11,1,1,1,1,'2026-04-24 14:24:43',NULL),(378,18,12,1,1,1,1,'2026-04-24 14:24:43',NULL),(379,18,13,1,1,1,1,'2026-04-24 14:24:43',NULL),(380,18,14,1,1,1,1,'2026-04-24 14:24:43',NULL),(381,18,15,1,1,1,1,'2026-04-24 14:24:43',NULL),(382,18,16,1,1,1,1,'2026-04-24 14:24:43',NULL),(383,18,17,1,1,1,1,'2026-04-24 14:24:43',NULL),(384,18,18,1,1,1,1,'2026-04-24 14:24:43',NULL),(385,18,19,1,1,1,1,'2026-04-24 14:24:43',NULL),(386,18,20,1,1,1,1,'2026-04-24 14:24:43',NULL),(387,18,21,1,1,1,1,'2026-04-24 14:24:43',NULL),(388,18,22,1,1,1,1,'2026-04-24 14:24:43',NULL),(389,18,23,1,1,1,1,'2026-04-24 14:24:43',NULL),(390,18,24,1,1,1,1,'2026-04-24 14:24:43',NULL),(391,19,1,1,1,1,1,'2026-04-24 14:26:22',NULL),(392,19,2,1,1,1,1,'2026-04-24 14:26:22',NULL),(393,19,3,1,1,1,1,'2026-04-24 14:26:22',NULL),(394,20,1,1,1,1,1,'2026-04-24 14:27:33',NULL),(395,20,2,1,1,1,1,'2026-04-24 14:27:33',NULL),(396,20,3,1,1,1,1,'2026-04-24 14:27:33',NULL);

--
-- Table structure for table "property_image_master"
--

DROP TABLE IF EXISTS "property_image_master";
CREATE TABLE "property_image_master" (
  "property_image_id" integer GENERATED BY DEFAULT AS IDENTITY,
  "property_id" int DEFAULT NULL,
  "image" varchar(255) DEFAULT NULL,
  "created_at" timestamp NOT NULL DEFAULT CURRENT_TIMESTAMP,
  "updated_at" timestamp DEFAULT NULL,
  PRIMARY KEY ("property_image_id")
);

--
-- Dumping data for table "property_image_master"
--

INSERT INTO "property_image_master" VALUES (1,1,'file1752229652894.svg','2025-07-11 15:57:32','0000-00-00 00:00:00'),(2,4,'file1752733068849.jpg','2025-07-17 11:47:48','0000-00-00 00:00:00'),(3,5,'file1752733075653.jpg','2025-07-17 11:47:55','0000-00-00 00:00:00'),(4,6,'file1753099128100.jpg','2025-07-21 11:58:48',NULL),(5,7,'file1753184084700.svg','2025-07-22 11:34:44',NULL),(6,8,'file1753184715171.svg','2025-07-22 11:45:15',NULL),(7,9,'file1753184723365.svg','2025-07-22 11:45:26',NULL),(8,10,'file1753184751169.svg','2025-07-22 11:45:52',NULL),(9,11,'file1753184884541.jpg','2025-07-22 11:48:06',NULL),(10,12,'file1753185563004.png','2025-07-22 11:59:31',NULL),(11,12,'file1753185567336.png','2025-07-22 11:59:31',NULL),(12,13,'file1753189465099.png','2025-07-22 13:04:26',NULL),(13,13,'file1753189466055.png','2025-07-22 13:04:26',NULL),(14,14,'file1753264487987.png','2025-07-23 09:54:50',NULL),(15,14,'file1753264489284.png','2025-07-23 09:54:50',NULL),(16,15,'file1753268288434.png','2025-07-23 10:58:09',NULL),(17,15,'file1753268288702.png','2025-07-23 10:58:09',NULL),(18,15,'file1753268288833.jpg','2025-07-23 10:58:09',NULL),(19,15,'file1753268288971.png','2025-07-23 10:58:09',NULL),(20,15,'file1753268289284.png','2025-07-23 10:58:09',NULL),(21,16,'file1753362842628.jpg','2025-07-24 13:14:03',NULL),(22,17,'file1753364437120.png','2025-07-24 13:40:37',NULL),(23,18,'file1753365683086.png','2025-07-24 14:01:23',NULL),(24,19,'file1753429795240.png','2025-07-25 07:49:55',NULL),(25,20,'file1753455200341.png','2025-07-25 14:53:21',NULL),(26,3,'file1753456259047.png','2025-07-25 15:10:59',NULL),(27,3,'file1753456259195.png','2025-07-25 15:10:59',NULL),(28,3,'file1753456259330.png','2025-07-25 15:10:59',NULL),(29,21,'file1755081664491.png','2025-08-13 10:41:06',NULL),(30,22,'file1756982691365.jpg','2025-09-04 10:44:51',NULL),(31,22,'file1756982691366.jpg','2025-09-04 10:44:51',NULL),(32,22,'file1756982691370.jpg','2025-09-04 10:44:51',NULL),(33,22,'file1756982691373.jpg','2025-09-04 10:44:51',NULL),(34,22,'file1756982691374.jpg','2025-09-04 10:44:51',NULL),(35,23,'file1756986262934.jpg','2025-09-04 11:44:23',NULL),(36,23,'file1756986262938.jpg','2025-09-04 11:44:23',NULL),(37,23,'file1756986262939.jpg','2025-09-04 11:44:23',NULL),(38,24,'file1757055022467.jpg','2025-09-05 06:50:22',NULL),(39,25,'file1757928106429.png','2025-09-15 09:22:09',NULL),(40,25,'file1757928117285.png','2025-09-15 09:22:09',NULL),(41,27,'file1757928888449.jpg','2025-09-15 09:36:30',NULL),(42,28,'file1757929609238.jpg','2025-09-15 09:46:49',NULL),(43,29,'file1757930136162.jpg','2025-09-15 09:56:01',NULL),(44,30,'file1757930259660.jpg','2025-09-15 09:57:49',NULL),(45,31,'file1757934425421.jpg','2025-09-15 11:07:05',NULL),(46,34,'file1760524555876.jpg','2025-10-15 10:35:55',NULL),(47,37,'file1762781529790.jpg','2025-11-10 13:32:09',NULL),(48,38,'file1765522317340.png','2025-12-12 06:51:57',NULL),(49,32,'file1765524143476.png','2025-12-12 07:22:23',NULL),(50,32,'file1765524143936.png','2025-12-12 07:22:23',NULL),(51,32,'file1765524143950.png','2025-12-12 07:22:23',NULL),(52,39,'file1768556573238.png','2026-01-16 09:42:53',NULL),(53,39,'file1768556573277.png','2026-01-16 09:42:53',NULL),(54,39,'file1768556573321.png','2026-01-16 09:42:53',NULL),(56,43,'file1768559104323.jpg','2026-01-16 10:25:04',NULL),(57,44,'file1770126252936.png','2026-02-03 13:44:13',NULL),(58,45,'file1770126338237.jpg','2026-02-03 13:45:41',NULL),(59,46,'file1770277198458.png','2026-02-05 07:39:58',NULL),(60,47,'file1770289347309.jfif','2026-02-05 11:02:27',NULL),(61,47,'file1770289347318.jfif','2026-02-05 11:02:27',NULL),(62,47,'file1770289347319.jfif','2026-02-05 11:02:27',NULL),(63,47,'file1770289347319.jfif','2026-02-05 11:02:27',NULL),(64,47,'file1770289347320.jfif','2026-02-05 11:02:27',NULL),(65,49,'file1770989583704.png','2026-02-13 13:33:04',NULL),(66,52,'file1772448790827.jpg','2026-03-02 10:53:11',NULL),(67,52,'file1772448791058.jpg','2026-03-02 10:53:11',NULL),(68,53,'file1772450306836.webp','2026-03-02 11:18:26',NULL),(69,53,'file1772450306852.jpg','2026-03-02 11:18:26',NULL),(70,54,'file1772707735889.png','2026-03-05 10:48:57',NULL),(71,55,'file1776673554027.png','2026-04-20 13:55:54',NULL),(72,56,'file1776676918774.png','2026-04-20 14:51:58',NULL),(73,58,'file1776939504768.webp','2026-04-23 10:18:24',NULL),(74,58,'file1776939535910.avif','2026-04-23 10:18:58',NULL),(75,58,'file1776939536689.avif','2026-04-23 10:18:58',NULL),(76,58,'file1776939537410.avif','2026-04-23 10:18:58',NULL),(77,58,'file1776939537996.avif','2026-04-23 10:18:58',NULL),(78,58,'file1776939538132.avif','2026-04-23 10:19:02',NULL),(79,58,'file1776939539192.avif','2026-04-23 10:19:02',NULL),(80,58,'file1776939540764.avif','2026-04-23 10:19:02',NULL),(81,58,'file1776939542098.avif','2026-04-23 10:19:02',NULL),(82,44,'file1776940489455.jpg','2026-04-23 10:34:49',NULL),(83,44,'file1776940489456.jpg','2026-04-23 10:34:49',NULL),(84,44,'file1776940489456.jpg','2026-04-23 10:34:49',NULL),(85,44,'file1776940489456.jpg','2026-04-23 10:34:49',NULL),(86,40,'file1776942108445.jpg','2026-04-23 11:01:49',NULL),(89,40,'file1776943178568.avif','2026-04-23 11:19:45',NULL),(90,40,'file1776943178879.jpg','2026-04-23 11:19:45',NULL),(91,59,'file1776946251046.avif','2026-04-23 12:10:51',NULL),(92,60,'file1777014378774.png','2026-04-24 07:06:20',NULL),(93,60,'file1777014379515.png','2026-04-24 07:06:20',NULL),(94,60,'file1777014380037.png','2026-04-24 07:06:20',NULL),(95,61,'file1777031853064.png','2026-04-24 11:57:33',NULL),(96,61,'file1777031853166.png','2026-04-24 11:57:33',NULL),(97,61,'file1777031853256.png','2026-04-24 11:57:33',NULL),(98,61,'file1777031853331.png','2026-04-24 11:57:33',NULL),(99,61,'file1777031853461.png','2026-04-24 11:57:33',NULL),(100,62,'file1777038372595.png','2026-04-24 13:46:12',NULL),(101,62,'file1777038372608.png','2026-04-24 13:46:12',NULL),(102,62,'file1777038372627.png','2026-04-24 13:46:12',NULL),(103,62,'file1777038372650.jpg','2026-04-24 13:46:12',NULL);

--
-- Table structure for table "property_master"
--

DROP TABLE IF EXISTS "property_master";
CREATE TABLE "property_master" (
  "property_id" integer GENERATED BY DEFAULT AS IDENTITY,
  "host_id" int DEFAULT NULL,
  "status" int NOT NULL DEFAULT '0' ,
  "list_type" int DEFAULT NULL ,
  "list_status" int NOT NULL DEFAULT '0' ,
  "website_address" varchar(255) DEFAULT NULL,
  "property_type" int DEFAULT NULL ,
  "owner_type" int DEFAULT NULL ,
  "cleaning_status" varchar(255) NOT NULL DEFAULT 'READY',
  "category_id" int DEFAULT NULL,
  "property_title" varchar(255) DEFAULT NULL,
  "property_description" text,
  "floor" varchar(255) DEFAULT NULL,
  "address" text,
  "latitude" varchar(255) DEFAULT NULL,
  "longitude" varchar(255) DEFAULT NULL,
  "post_code" int DEFAULT NULL,
  "bedrooms" int DEFAULT NULL,
  "rooms" int NOT NULL DEFAULT '0',
  "bathrooms" int DEFAULT NULL,
  "beds" int DEFAULT NULL,
  "square_foot" int DEFAULT NULL,
  "amenities" text,
  "safety_amenities" text,
  "ideal_for" text,
  "max_person" int NOT NULL DEFAULT '0',
  "check_in" time DEFAULT NULL,
  "check_out" time DEFAULT NULL,
  "house_rules" text,
  "monthly_rent" decimal(10,2) DEFAULT NULL,
  "monthly_rent_type" smallint NOT NULL DEFAULT '0' ,
  "security_deposit" decimal(10,2) DEFAULT NULL,
  "cleaning_fee" decimal(10,2) NOT NULL DEFAULT '0.00',
  "cleaning_fee_type" smallint NOT NULL DEFAULT '0',
  "available_from" date DEFAULT NULL,
  "min_stay_duration" int DEFAULT NULL,
  "video_url" varchar(255) DEFAULT NULL,
  "delete_flag" int NOT NULL DEFAULT '0' ,
  "created_at" timestamp NOT NULL DEFAULT CURRENT_TIMESTAMP,
  "updated_at" timestamp DEFAULT NULL,
  "approved_at" timestamp DEFAULT NULL,
  "rejected_at" timestamp DEFAULT NULL,
  "location" varchar(255) DEFAULT NULL,
  "country" varchar(255) DEFAULT NULL,
  "state" varchar(255) DEFAULT NULL,
  PRIMARY KEY ("property_id")
);

--
-- Dumping data for table "property_master"
--

INSERT INTO "property_master" VALUES (1,1,0,2,1,NULL,1,1,'READY',1,'This a dummy titile','This is dummy description','472/6','Indore',NULL,NULL,664565,4,0,3,7,400,'1,2,3','1,2,3','1,3',0,'12:25:22','23:45:00','1,2,3',8000.00,0,8000.00,0.00,0,'2025-08-25',1,NULL,0,'2025-07-11 15:46:04','2025-07-15 12:07:51',NULL,NULL,'','',NULL),(3,1,1,1,1,'google.com',0,2,'READY',1,'Dummy Property','Dummy Description','25 floor','Indore',NULL,NULL,565324,3,0,3,2,2000,'7,3,5','2,3','1',0,'00:29:00','07:59:00','5,3,4',5000.00,0,5000.00,0.00,0,'2025-08-01',1,'videoFile1753456258075.mp4',0,'2025-07-11 16:09:37','2025-07-15 12:07:56',NULL,NULL,'','',NULL),(4,1,1,2,1,NULL,1,1,'READY',1,'This a dummy titile','This is dummy description','472/6','Indore',NULL,NULL,664565,4,0,3,7,400,'1,2,3','1,2,3','1,3',0,'12:25:22','23:45:00','6,5,4',8000.00,0,8000.00,0.00,0,'2025-08-25',1,NULL,0,'2025-07-17 11:47:48','2025-07-17 11:47:48','2026-03-12 17:14:11',NULL,'','',NULL),(5,1,1,2,1,NULL,1,1,'READY',1,'This a dummy titile','This is dummy description','472/6','Indore',NULL,NULL,664565,4,0,3,7,400,'1,2,3','1,2,3','1,3',0,'12:25:22','23:45:00','1,2,3,4',8000.00,0,8000.00,0.00,0,'2025-08-25',1,NULL,0,'2025-07-17 11:47:55','2025-07-17 11:47:55','2026-03-12 17:14:16',NULL,'','',NULL),(12,5,1,2,1,NULL,NULL,1,'READY',1,'Kaye','Consectetur aut haru','Ulric','Gail',NULL,NULL,415285,873,0,406,998,239,'2,5,7,3,6','1,2,4','1,3',0,'16:06:00','17:18:00','4,5,3',11.00,0,97.00,0.00,0,'1992-12-05',1,NULL,1,'2025-07-22 11:59:31','2025-07-22 11:59:31','2025-07-25 13:29:57',NULL,'','',NULL),(13,5,1,2,1,NULL,NULL,2,'READY',1,'Rigel','Quam omnis voluptati','Flynn','Gray',NULL,NULL,834834,988,0,877,50,617,'1,2,4,6','1,3','2,3,4',0,'16:54:00','18:49:00','1,2,3',3.00,0,50.00,0.00,0,'1996-06-02',1,NULL,0,'2025-07-22 13:04:26','2025-07-22 13:04:26','2025-07-25 13:30:05',NULL,'','',NULL),(14,5,2,2,1,NULL,NULL,2,'READY',1,'Ainsley','Distinctio Nemo per','Quynn','Merritt',NULL,NULL,181928,551,0,74,827,206,'1,3,5,6,8','1,4,5','2,3,4',0,'16:24:00','18:10:00','1,2,5',7.00,0,90.00,0.00,0,'2021-08-01',1,NULL,0,'2025-07-23 09:54:50','2025-07-23 09:54:50',NULL,'2025-07-25 13:30:14','','',NULL),(15,5,1,2,1,NULL,NULL,1,'READY',1,'Montana','Iste dolor praesenti','Rhonda','Chester',NULL,NULL,748596,331,0,931,718,950,'1,3,5,7,8','5','2,3',0,'07:19:00','08:34:00','1,2,3',3.00,0,94.00,0.00,0,'1988-01-16',1,NULL,0,'2025-07-23 10:58:09','2025-07-23 10:58:10','2025-07-25 14:46:36',NULL,'','',NULL),(16,5,0,1,1,'https://www.cosiciwo.com.au',NULL,2,'READY',1,'Daria Barry','Culpa nobis quod sed','Amet iure omnis sit','Eos occaecat molliti',NULL,NULL,122445,10,0,6,19,7,'2,4,5,6,7,8','3,4,5','4',0,'01:39:00','05:34:00','1,2,3',6.00,0,14.00,0.00,0,'1978-01-12',1,NULL,0,'2025-07-23 12:05:25','2025-07-23 12:05:25',NULL,NULL,'','',NULL),(17,5,1,1,1,'https://www.cosiciwo.com.au',NULL,2,'READY',1,'Upton Skinner','Quo modi culpa volu','Lani','Maxine',NULL,NULL,834834,10,0,13,23,25,'2,3','1','1',0,'01:35:00','08:15:00','1,2,3',10.00,0,18.00,0.00,0,'1975-06-08',1,NULL,0,'2025-07-23 12:05:55','2025-07-23 12:05:55',NULL,NULL,'','',NULL),(18,5,1,1,1,'https://www.hehygypa.net',NULL,2,'READY',1,'Lewis Morin','Cupiditate aliqua N','Cum fugiat sit enim','Quo et repellendus ',NULL,NULL,415285,8,0,2,6,1,'3,5,8','1,2,5','2',0,'05:14:00','05:18:00','1,2,3',12.00,0,65.00,0.00,0,'2014-04-06',1,NULL,0,'2025-07-24 11:17:11','2025-07-24 11:17:11',NULL,NULL,'','',NULL),(19,5,2,2,1,NULL,NULL,2,'READY',1,'Ivy','Cupidatat eos enim','Fuller','Qui qui quo dolor do',NULL,NULL,862,940,0,603,675,982,'1,7,8','1,4,5','1,2,3',0,'13:49:00','14:19:00','1,2,3',3.00,0,99.00,0.00,0,'2023-03-01',1,'videoFile1753429794322.mp4',0,'2025-07-25 07:49:55','2025-07-25 07:49:55',NULL,'2025-07-25 10:19:22','','',NULL),(20,5,1,1,1,'https://www.jirykezavogelil.tv',NULL,1,'READY',1,'Rebecca Downs','Fuga Et natus lorem','Reprehenderit aliqui','Laborum delectus ve',NULL,NULL,834834,26,0,14,3,17,'1,2,4,5,6,7,8','2,4,5','3,4',0,'09:03:00','10:36:00','1,2,3',3.00,0,39.00,0.00,0,'2003-09-19',1,'videoFile1753455198111.mp4',0,'2025-07-25 09:48:45','2025-07-25 09:48:45',NULL,NULL,'','',NULL),(21,9,1,1,1,'hello@gmail.com',NULL,1,'PENDING',1,'Jonas Atkinson','Corporis qui cupidit','101, shekhar central','indore',NULL,NULL,458596,26,0,3,13,17,'2,3,6,7','1,3,4,5','2,4',0,'01:37:00','15:25:00','1,2,3',8.00,0,38.00,0.00,0,'2013-05-07',1,'videoFile1755081658615.mp4',0,'2025-07-25 14:58:09','2025-07-25 14:58:09',NULL,NULL,'','',NULL),(22,10,1,2,1,NULL,NULL,1,'PENDING',1,'Seaside Serenity Apartment','A modern two-bedroom apartment with ocean views, located just minutes from the beach. Perfect for remote workers, couples, and families looking for a relaxing getaway.','Building B, Floor 3, Apt 305','123 Oceanview Drive, Malaga, Spain',NULL,NULL,29001,2,0,1,3,850,'1,7,2,4,5,3','1,2,5','1,3,4',2,'00:01:00','23:59:00','4,5,7,6',15000.00,0,4000.00,0.00,0,'2025-09-04',2,'videoFile1756982690329.mp4',0,'2025-09-04 10:44:51','2025-09-04 10:44:51','2025-09-04 10:54:33',NULL,'','',NULL),(23,10,1,1,1,'https://www.google.com',NULL,1,'READY',1,'Urban Chic Loft','A stylish and fully furnished loft apartment in the heart of Berlin. Features high ceilings, large windows, and a dedicated workspace. Ideal for digital nomads and young professionals.','Building B, Floor 3, Apt 305','123 Oceanview Drive, Malaga, Spain',NULL,NULL,29001,1,0,1,1,650,'1,2,6,4,5,3,7,8','5,1,2,3','1,4',3,'00:13:00','23:13:00','4,2,5,7',9000.00,0,6000.00,0.00,0,'2025-09-04',3,'videoFile1756986261842.mp4',0,'2025-09-04 11:40:39',NULL,'2025-09-04 17:21:00',NULL,'','',NULL),(24,27,1,2,1,NULL,NULL,1,'READY',1,'Leigh','description','234','bhopal',NULL,NULL,862,2,0,4,2,700,'1,2,3','1,3','1,2,3',2,'10:20:00','10:00:00','5,6,1',249.00,0,250.00,10.01,0,'2025-09-05',1,'videoFile1757055019070.mp4',0,'2025-09-05 06:50:22','2025-10-15 10:46:45','2025-10-15 11:00:43',NULL,'','',NULL),(25,2,0,2,1,NULL,NULL,1,'READY',1,'Griffin','Quasi vel quia numqu','Caldwell','Qui qui quo dolor do',NULL,NULL,862,237,0,596,575,79,'1,4,8,2,5,6','3,5','3,4,1',15,'21:27:00','17:42:00','3,2,5,7',12.00,0,40.00,83.00,1,'2011-02-12',12,'videoFile1757928059547.mp4',0,'2025-09-15 09:22:09','2025-09-15 09:22:10',NULL,NULL,'','',NULL),(26,2,0,1,0,'https://www.tezuwacucynagu.mobi',NULL,NULL,'READY',NULL,NULL,NULL,'Excepteur labore id ','Porro nobis unde rep',NULL,NULL,415285,NULL,0,NULL,NULL,NULL,NULL,NULL,NULL,0,NULL,NULL,NULL,NULL,0,NULL,0.00,0,NULL,NULL,NULL,0,'2025-09-15 09:36:17',NULL,NULL,NULL,'','',NULL),(27,2,0,2,1,NULL,NULL,1,'READY',1,'Grace','Ut sunt sit qui off','Honorato','Qui qui quo dolor do',NULL,NULL,862,826,0,538,738,546,'1,7,8','3,5,1,2,4','4',15,'09:18:00','18:40:00','2,3,5,6',1.00,0,69.00,72.00,1,'1994-12-22',8,'videoFile1757928845764.mp4',0,'2025-09-15 09:36:30','2025-09-15 09:36:30',NULL,NULL,'','',NULL),(28,8,1,2,1,NULL,NULL,1,'READY',1,'This a dummy titile','This is dummy description','472/6','Indore',NULL,NULL,664565,4,0,3,7,400,'{ hello :  1}','{ hello :  1}','{ hello :  1}',5,'12:25:22','23:45:00','this is dummy rules',8000.00,0,8000.00,200.00,1,'2025-08-25',25,'videoFile1757929609239.jpg',0,'2025-09-15 09:46:49','2025-09-15 09:46:50','2026-03-12 17:12:30',NULL,'','',NULL),(29,8,1,2,1,NULL,NULL,1,'READY',1,'This a dummy titile','This is dummy description','472/6','Indore',NULL,NULL,664565,4,0,3,7,400,'{ hello :  1}','{ hello :  1}','{ hello :  1}',5,'12:25:22','23:45:00','this is dummy rules',8000.00,0,8000.00,200.00,1,'2025-08-25',25,'videoFile1757930145934.mp4',0,'2025-09-15 09:56:01','2025-09-15 09:56:01','2026-03-12 17:13:21',NULL,'','',NULL),(30,2,1,2,1,NULL,NULL,2,'READY',1,'Jana','Eu molestias rem nes','Colin','Et sed et expedita e',NULL,NULL,862,372,0,560,215,491,'2,3,6,8','1,2,4,5','1,4',10,'06:24:00','18:49:00','1,2,3,4,7',12.00,0,33.00,8.00,1,'2025-08-09',9,'videoFile1757930217277.mp4',0,'2025-09-15 09:57:49','2025-09-15 09:57:49','2025-10-15 11:02:16',NULL,'','',NULL),(31,8,1,2,1,NULL,NULL,1,'READY',1,'This a dummy titile','This is dummy description','472/6','Indore',NULL,NULL,664565,4,0,3,7,400,'{ hello :  1}','{ hello :  1}','{ hello :  1}',5,'12:25:22','23:45:00','this is dummy rules',8000.00,0,8000.00,200.00,1,'2025-08-25',25,'videoFile1757934425422.jpg',0,'2025-09-15 11:07:05','2025-09-15 11:07:06','2026-03-12 17:13:27',NULL,'','',NULL),(32,27,1,1,1,'https://www.cosiciwo.com.au',NULL,1,'READY',1,'Pearl Terrell','Odio perferendis vol','Cum fugiat sit enim','Quo et repellendus ',NULL,NULL,415285,12,0,25,17,15,'1,2,7,4,5,6,8','5','2,4',2,'23:23:00','23:34:00','4,2,5',10.00,0,94.00,9.00,1,'1972-03-09',12,'videoFile1765524142665.mp4',0,'2025-10-15 09:48:46',NULL,'2025-12-12 07:22:24',NULL,'Onotoa','Kiribati','Gilbert Islands'),(33,10,0,1,0,'https://www.degusa.com.au',NULL,NULL,'READY',NULL,NULL,NULL,'Laboriosam dolore v','A velit autem ex aut',NULL,NULL,29001,NULL,0,NULL,NULL,NULL,NULL,NULL,NULL,0,NULL,NULL,NULL,NULL,0,NULL,0.00,0,NULL,NULL,NULL,0,'2025-10-15 09:52:32',NULL,NULL,NULL,'','',NULL),(34,2,0,2,1,NULL,NULL,2,'READY',1,'Lewis Mori','Description','Rhonda','Qui qui quo dolor do',NULL,NULL,862,1,0,2,1,2,'8','4','1',2,'10:00:00','11:00:00','7',200.00,0,300.00,20.00,1,'2025-10-15',1,'videoFile1760524554953.mp4',1,'2025-10-15 10:35:55','2025-10-15 10:56:19',NULL,NULL,'','',NULL),(35,2,0,1,0,'https://www.sekufozudi.org.uk',NULL,NULL,'READY',NULL,NULL,NULL,'Aliquam perspiciatis','Incidunt quis sapie',NULL,NULL,415285,NULL,0,NULL,NULL,NULL,NULL,NULL,NULL,0,NULL,NULL,NULL,NULL,0,NULL,0.00,0,NULL,NULL,NULL,0,'2025-10-15 10:51:27',NULL,NULL,NULL,'','',NULL),(36,2,0,1,0,'https://www.cosiciwo.com.au',NULL,NULL,'READY',NULL,NULL,NULL,'234','Eos occaecat molliti',NULL,NULL,78,NULL,0,NULL,NULL,NULL,NULL,NULL,NULL,0,NULL,NULL,NULL,NULL,0,NULL,0.00,0,NULL,NULL,NULL,0,'2025-10-15 10:51:59',NULL,NULL,NULL,'','',NULL),(37,2,0,2,1,NULL,NULL,1,'READY',1,'Constance','Amet architecto qua','Olivia','Qui qui quo dolor do',NULL,NULL,862,1,0,2,2,410,'7,3,5','1,2,3,5','2',2,'09:27:00','05:13:00','5,7,1,6',5.00,0,30.00,75.00,1,'2024-09-09',12,'videoFile1762781528951.mp4',0,'2025-11-10 13:32:09','2025-11-10 13:56:10',NULL,NULL,'Guna','India','Madhya Pradesh'),(38,2,0,2,1,NULL,NULL,2,'READY',1,'Jameson','Et qui et et cum lib','Emmanuel','Qui qui quo dolor do',NULL,NULL,862,154,0,601,368,877,'2,6,1,3,5,8','5','2',2,'22:51:00','17:54:00','3,5,2,7',2.00,0,12.00,3.00,0,'2005-03-15',12,'videoFile1765522316465.mp4',0,'2025-12-12 06:51:57','2025-12-12 07:07:07',NULL,NULL,'Proença-a-Nova','Portugal','Castelo Branco'),(39,2,0,2,1,NULL,NULL,2,'READY',1,'Kristen','Pariatur Amet elit','Caesar','Shekhar central, New Palasia, Indore, Madhya Pradesh 452003, India','22.7298787','75.8819477',452001,802,0,319,124,89,'2,5,1,6,7','4,2,5','2',2,'10:00:00','23:50:00','4',3.00,0,68.00,94.00,0,'1991-02-05',1,'videoFile1768556572014.mp4',0,'2026-01-16 09:42:53','2026-01-16 09:42:53',NULL,NULL,'Indore','India','Madhya Pradesh'),(40,2,1,2,1,NULL,NULL,1,'READY',1,'Thane','Voluptate irure dele','Axel','Edwardsville, IL, USA','38.8114364','-89.95315699999999',452003,407,0,950,66,805,'3,5,7','1,2,3,4,5','1,4',2,'20:57:00','22:27:00','1,2,6',11.00,0,29.00,62.00,0,'2012-08-25',1,'videoFile1768556871227.mp4',0,'2026-01-16 09:47:52','2026-04-23 11:19:45','2026-01-23 13:12:43',NULL,'Ak’ordat','Eritrea','Gash-Barka Region'),(41,2,0,1,0,'https://www.cykipepitikabo.info',NULL,NULL,'READY',NULL,NULL,NULL,'Voluptatibus exercit','Eos eius voluptas v',NULL,NULL,415285,NULL,0,NULL,NULL,NULL,NULL,NULL,NULL,0,NULL,NULL,NULL,NULL,0,NULL,0.00,0,NULL,NULL,NULL,0,'2026-01-16 10:01:39',NULL,NULL,NULL,NULL,NULL,NULL),(42,2,0,1,0,'https://www.hehygypa.net',NULL,NULL,'READY',NULL,NULL,NULL,'Lani','indore',NULL,NULL,862,NULL,0,NULL,NULL,NULL,NULL,NULL,NULL,0,NULL,NULL,NULL,NULL,0,NULL,0.00,0,NULL,NULL,NULL,0,'2026-01-16 10:04:11',NULL,NULL,NULL,NULL,NULL,NULL),(43,2,1,1,1,'https://www.hehygypa.net',NULL,1,'READY',1,'Dorothy Morton','Ut minim aut commodi','Cum fugiat sit enim','PRH5+M42, Depalpur Rd, Devi Ahillyabai Holkar Airport Area, Indore, Madhya Pradesh 452005, India',NULL,NULL,862,12,0,20,21,10,'1,2,5,6,7,8','1','2',1,'23:06:00','20:51:00','1,2,5,7',5.00,0,86.00,51.00,0,'1999-10-27',1,'videoFile1768559103136.mp4',0,'2026-01-16 10:06:00',NULL,'2026-01-16 10:25:05',NULL,'Indore','India','Madhya Pradesh'),(44,28,1,2,1,NULL,NULL,1,'READY',1,'Skyview Residency','Redefine your perspective on urban living. Skyview Residency is designed for those who appreciate the finer things in life—literally.','Mark','Felixdorf, Austria','47.881764','16.2411957',862,2,0,3,3,161,'1,5,2','2,3,4,5','1',2,'10:00:00','20:00:00','2,5',2000.00,0,1500.00,500.00,0,'2004-10-09',13,'videoFile1776940376912.mp4',0,'2026-02-03 13:44:13','2026-04-23 10:37:30','2026-04-23 12:23:11',NULL,'Indore','India','Madhya Pradesh'),(45,28,1,2,1,NULL,NULL,1,'READY',1,'Keiko','Corporis eu dolorem','Kermit','Av. Mariscal López 1531 casi, Fernando de la Mora 2300, Paraguay','-25.3090364','-57.5310576',862,867,0,848,464,568,'2','5,4','1,2',2,'08:50:00','14:42:00','1,7,5',7.00,0,10.00,75.00,0,'2026-02-03',12,'videoFile1770126332140.mov',1,'2026-02-03 13:45:41','2026-02-05 06:38:08','2026-02-05 11:51:00',NULL,'Indore','India','Madhya Pradesh'),(46,28,2,2,1,NULL,NULL,2,'READY',1,'Yoko','Esse ex ipsum archit','Coby','Iran','32.427908','53.688046',862,887,0,493,713,451,'1,4,7','2,5','3,4,2',1,'02:17:00','08:35:00','5,1,6',11.00,0,53.00,27.00,0,'2026-02-05',1,'videoFile1770277191256.mov',0,'2026-02-05 07:39:58','2026-02-05 07:39:58',NULL,'2026-02-05 11:50:54','Indore','India','Madhya Pradesh'),(47,28,1,2,1,NULL,NULL,1,'READY',1,'Cora','Ullamco sed nemo nec','45','ROBOT SQUARE, Guru Nanak Nagar, Nanay Nagar Ext., Indore, Madhya Pradesh 452016, India','22.7426912','75.91295749999999',452001,5,0,5,5,1500,'1,2,3,5,6,7,8','1,2,3,4,5','1,4',10,'23:00:00','09:00:00','2,4,5,1,3,7',10000.00,0,5000.00,3000.00,0,'2026-02-05',2,'videoFile1770289344690.mp4',0,'2026-02-05 11:02:27','2026-02-05 11:44:16','2026-02-05 11:03:35',NULL,'Indore','India','Madhya Pradesh'),(48,28,0,1,0,'www.silver.com',NULL,NULL,'READY',NULL,NULL,NULL,'61','Dubai - United Arab Emirates','25.2048493','55.2707828',4511,NULL,0,NULL,NULL,NULL,NULL,NULL,NULL,0,NULL,NULL,NULL,NULL,0,NULL,0.00,0,NULL,NULL,NULL,0,'2026-02-06 07:54:03',NULL,NULL,NULL,NULL,NULL,NULL),(49,7,0,2,1,NULL,NULL,2,'READY',1,'Solomon12','Alias sed occaecat m','Malik','Indore, Madhya Pradesh, India','22.7195687','75.8577258',472003,2,0,2,2,500,'1,8','1,2,5','1,3,4',1,'06:32:00','07:51:00','2,3,4,5,7',9.00,0,76.00,66.00,0,'2026-02-13',1,'videoFile1770989581735.mov',1,'2026-02-13 13:33:04','2026-02-13 13:59:10',NULL,NULL,'Indore','India','Madhya Pradesh'),(50,7,0,1,0,'https://www.hudijifa.com',NULL,NULL,'READY',NULL,NULL,NULL,'Commodi consequatur','Indore, Madhya Pradesh, India','22.7195687','75.8577258',415285,NULL,0,NULL,NULL,NULL,NULL,NULL,NULL,0,NULL,NULL,NULL,NULL,0,NULL,0.00,0,NULL,NULL,NULL,0,'2026-02-13 13:35:41',NULL,NULL,NULL,NULL,NULL,NULL),(51,7,0,1,0,'https://www.cosiciwo.com.au',NULL,NULL,'READY',NULL,NULL,NULL,'Lani','Indore, Madhya Pradesh, India','22.7195687','75.8577258',862,NULL,0,NULL,NULL,NULL,NULL,NULL,NULL,0,NULL,NULL,NULL,NULL,0,NULL,0.00,0,NULL,NULL,NULL,0,'2026-02-13 13:39:35',NULL,NULL,NULL,NULL,NULL,NULL),(52,34,1,2,1,NULL,NULL,2,'READY',1,'Kristen','proeprty dec by nnbmdc','Whitney','Indore, Madhya Pradesh, India','22.7195687','75.8577258',454774,1,0,1,1,1,'1,8','1','2',2,'16:23:00','16:27:00','1',2000.00,0,54.00,900.00,1,'2026-03-05',5,'videoFile1772448773774.mp4',0,'2026-03-02 10:53:11','2026-03-02 10:53:11',NULL,NULL,'Caconda','Angola','Huíla Province'),(53,34,1,2,1,NULL,NULL,1,'READY',1,'Zenin Clan','Property Description','Apartment','porosi 8, Chalkida 341 10, Greece','38.4687473','23.622869',434343434,2,0,1,1,1,'1,4,5,6,3,7,8','1,4','1,2',3,'11:47:00','22:47:00','1,3,6',12000.00,0,5000.00,500.00,0,'2026-03-10',3,'videoFile1772450302270.mp4',0,'2026-03-02 11:18:26','2026-03-02 11:18:27','2026-03-12 15:54:07',NULL,'Bakharla','India','Gujarat'),(54,7,1,2,1,NULL,NULL,2,'READY',1,'Grady','Odio cupiditate duis','Rinah','PRH5+M42, Depalpur Rd, Devi Ahillyabai Holkar Airport Area, Indore, Madhya Pradesh 452005, India','22.7287381','75.80759929999999',862,5,0,10,5,1000,'2,4,6,7','2,5,4','4,3',2,'22:15:00','22:44:00','4,6',9.00,0,69.00,13.00,0,'2026-03-05',1,'videoFile1772707733158.mov',0,'2026-03-05 10:48:57','2026-03-05 10:48:57','2026-03-05 11:42:00',NULL,'Indore','India','Madhya Pradesh'),(55,42,0,2,1,NULL,NULL,1,'READY',1,'Shea','Voluptatem quaerat q','Laith','Dubai - United Arab Emirates','25.2048493','55.2707828',452003,10,0,10,5,1000,'1,2','1,2','1,2',1,'12:17:00','09:19:00','1,4',5.00,0,48.00,22.00,0,'2026-04-20',1,'videoFile1776673553966.mov',0,'2026-04-20 13:55:54','2026-04-20 13:55:54',NULL,NULL,'Indore','India','Madhya Pradesh'),(56,42,0,2,1,NULL,NULL,1,'READY',1,'Shea','Voluptatem quaerat q','Laith','Dubai - United Arab Emirates','25.2048493','55.2707828',452003,10,0,10,5,1000,'1,2','1,2','1,2',2,'12:17:00','09:19:00','1,4',12.00,0,65.00,88.00,0,'2026-04-20',1,'videoFile1776676918719.mov',0,'2026-04-20 14:51:58','2026-04-20 14:51:58',NULL,NULL,'Indore','India','Madhya Pradesh'),(57,42,0,1,0,'Finn',NULL,NULL,'READY',NULL,NULL,NULL,'Doris','189 Spring St, New York, NY 10012, USA','40.7252509','-74.0028734',452003,NULL,0,NULL,NULL,NULL,NULL,NULL,NULL,0,NULL,NULL,NULL,NULL,0,NULL,0.00,0,NULL,NULL,NULL,0,'2026-04-20 14:52:29',NULL,NULL,NULL,NULL,NULL,NULL),(58,28,1,2,1,NULL,NULL,1,'READY',1,'Starlight Manor','At Starlight Manor, we believe home should be a sanctuary. Every square foot is crafted to provide a sense of calm and belonging. From the grand entrance lobby to the quiet corners of your private balcony, every detail reflects a commitment to quality.','Villa','Panvel, Navi Mumbai, Maharashtra, India','18.9894007','73.1175162',434343,7,0,7,7,4000,'1,2,3,4,5,6,7,8','1,2,3,4,5','4',5,'09:00:00','22:00:00','2,7',7000.00,0,3000.00,1500.00,0,'2026-04-23',10,'videoFile1776939500806.mp4',0,'2026-04-23 10:18:24','2026-04-23 10:19:02','2026-04-23 10:21:14',NULL,'Mumbai','India','Maharashtra'),(59,28,0,2,1,NULL,NULL,1,'READY',1,'Prescott','Cum laudantium inci','Emery','Tatyana, Himachal Pradesh 173029, India','30.6391944','77.6450215',862,956,0,821,393,509,'7,8,3','2,5','1,2',1,'12:01:00','02:53:00','2,3,6,1,4,5,7',1.00,0,36.00,7.00,0,'2026-04-23',1,'videoFile1776946250155.mov',1,'2026-04-23 12:10:51','2026-04-23 12:10:51',NULL,NULL,'Indore','India','Madhya Pradesh'),(60,52,1,2,1,NULL,NULL,1,'READY',1,'New Appartment','This is demo property description','123 Main Street','Madrid, Spain','40.41672790000001','-3.7032905',28001,2,0,2,2,1000,'1,2,3,4,5,6,7,8','1,2,3,4,5','1,2,3,4',2,'10:00:00','11:00:00','1,4,6,5,2,3,7',1000.00,0,3000.00,50.00,0,'2026-04-24',1,'videoFile1777014354582.mp4',0,'2026-04-24 07:06:20','2026-04-24 07:06:21','2026-04-24 07:08:38',NULL,'Madrid','Spain','Madrid'),(61,53,1,2,1,NULL,NULL,1,'READY',1,'Nirwana properties','Nirwana propertiesNirwana propertiesNirwana propertiesNirwana propertiesNirwana propertiesNirwana propertiesNirwana propertiesNirwana propertiesNirwana propertiesNirwana propertiesNirwana propertiesNirwana propertiesNirwana propertiesNirwana','Apt,Suite, Bulding,Floor,etc','Madrid, Spain','40.41672790000001','-3.7032905',28001,2,0,2,4,1000,'1,2,3,4,5','2,3,4','3,1',10,'17:26:00','23:32:00','1,2,3,6',5000.00,0,3000.00,200.00,0,'2026-04-24',10,'videoFile1777031851162.mp4',0,'2026-04-24 11:57:33','2026-04-24 11:57:34','2026-04-24 11:58:13',NULL,'Madrid','Spain','Madrid'),(62,52,1,1,1,'https://www.cosiciwo.com.au',NULL,1,'READY',1,'Kaye','property description','Lani','08870 Sitges, Barcelona, Spain','41.2365928','1.8058987',862,4,0,4,2,2000,'1,2,3,7','2,1,5,3','1,2',2,'09:00:00','10:00:00','1,3,6',499.00,0,599.00,19.00,0,'2026-04-24',1,'videoFile1777038371173.mp4',0,'2026-04-24 13:43:31',NULL,'2026-04-24 13:46:13',NULL,'Almarza de Cameros','Spain','La Rioja');

--
-- Table structure for table "property_offer_master"
--

DROP TABLE IF EXISTS "property_offer_master";
CREATE TABLE "property_offer_master" (
  "offer_id" integer GENERATED BY DEFAULT AS IDENTITY,
  "property_id" int NOT NULL,
  "host_id" int NOT NULL,
  "offer_type" smallint NOT NULL ,
  "offer_value" decimal(10,2) NOT NULL,
  "start_date" date NOT NULL,
  "end_date" date NOT NULL,
  "is_active" smallint DEFAULT '1' ,
  "created_at" timestamp DEFAULT CURRENT_TIMESTAMP,
  "updated_at" timestamp DEFAULT NULL,
  PRIMARY KEY ("offer_id"),
  CONSTRAINT "property_offer_master_ibfk_1" FOREIGN KEY ("property_id") REFERENCES "property_master" ("property_id") ON DELETE CASCADE,
  CONSTRAINT "property_offer_master_ibfk_2" FOREIGN KEY ("host_id") REFERENCES "host_master" ("host_id") ON DELETE CASCADE
);

--
-- Dumping data for table "property_offer_master"
--

INSERT INTO "property_offer_master" VALUES (1,25,2,1,77.00,'1974-12-16','1986-10-20',1,'2026-03-30 16:31:05',NULL),(2,47,28,1,12.00,'2026-04-23','2026-04-24',1,'2026-04-23 08:04:58',NULL),(3,58,28,1,13.00,'2026-04-23','2026-04-24',1,'2026-04-23 10:53:56',NULL),(4,44,28,1,10.00,'2026-04-23','2026-04-28',1,'2026-04-23 12:18:29',NULL),(5,53,34,1,10.00,'2026-04-23','2026-04-24',1,'2026-04-23 17:45:58',NULL),(6,48,28,1,13.00,'2026-04-24','2026-04-30',1,'2026-04-24 09:34:45',NULL),(7,61,53,1,10.00,'2026-04-24','2026-04-30',1,'2026-04-24 13:02:45',NULL),(8,60,52,1,10.00,'2026-04-24','2026-04-25',1,'2026-04-24 13:37:07',NULL);

--
-- Table structure for table "rating_master"
--

DROP TABLE IF EXISTS "rating_master";
CREATE TABLE "rating_master" (
  "rating_id" integer GENERATED BY DEFAULT AS IDENTITY,
  "user_id" int DEFAULT NULL,
  "property_id" int DEFAULT NULL,
  "booking_id" int DEFAULT NULL,
  "review" text,
  "rating" decimal(10,2) DEFAULT NULL,
  "is_admin_created" smallint NOT NULL DEFAULT '0',
  "first_name" text,
  "last_name" text,
  "profile_image" text,
  "created_at" timestamp NOT NULL DEFAULT CURRENT_TIMESTAMP,
  "updated_at" timestamp DEFAULT NULL,
  PRIMARY KEY ("rating_id")
);

--
-- Dumping data for table "rating_master"
--

INSERT INTO "rating_master" VALUES (1,13,13,9,'This is Dummy Review',4.00,0,NULL,NULL,NULL,'2025-09-04 09:18:55',NULL),(2,13,3,8,'awesome!',1.50,0,NULL,NULL,NULL,'2025-09-04 12:23:21',NULL),(3,21,3,8,'fbv ',5.00,0,NULL,NULL,NULL,'2026-01-30 10:56:05',NULL),(4,NULL,24,NULL,'Pariatur Est neque',1.50,1,'Jerome','Tucker',NULL,'2026-02-23 08:04:40',NULL),(5,NULL,18,NULL,'Consequuntur in quia',1.50,1,'Blaze','Kiona',NULL,'2026-02-23 08:26:28',NULL),(7,NULL,47,NULL,'Quasi expedita autem',1.00,1,'Taylor','Hadley',NULL,'2026-02-23 11:21:26',NULL),(8,24,13,22,'good service',3.00,0,NULL,NULL,NULL,'2026-02-26 08:17:05',NULL),(9,NULL,47,NULL,'kwiejiojda jd w ajsnfw ',2.50,1,'Aarav','Sharma',NULL,'2026-04-23 13:03:00',NULL),(10,49,60,53,'nice to stay',3.50,0,NULL,NULL,NULL,'2026-04-24 13:36:19',NULL),(11,51,61,54,'room is very clean i love this apartment neighbour is also good',5.00,0,NULL,NULL,NULL,'2026-04-24 13:44:52',NULL);

--
-- Table structure for table "report_master"
--

DROP TABLE IF EXISTS "report_master";
CREATE TABLE "report_master" (
  "report_id" integer GENERATED BY DEFAULT AS IDENTITY,
  "user_id" int NOT NULL,
  "property_id" int NOT NULL,
  "report_title" text NOT NULL,
  "description" text,
  "status" varchar(255) DEFAULT 'pending',
  "created_at" timestamp DEFAULT CURRENT_TIMESTAMP,
  "updated_at" timestamp DEFAULT NULL,
  PRIMARY KEY ("report_id")
);

--
-- Dumping data for table "report_master"
--

INSERT INTO "report_master" VALUES (1,13,26,'fake listing','This property information is incorrect','pending','2026-02-24 09:35:03','2026-02-24 11:34:56'),(2,21,25,'Dummy Report','Description','pending','2026-02-24 11:19:19',NULL),(3,21,26,' Dummy Report Dummy Report Dummy Report','Description Description Description Description','pending','2026-02-24 11:19:19',NULL),(4,13,3,'title','description','pending','2026-02-24 13:25:14',NULL),(5,13,3,'Report2 Title','Description2','pending','2026-02-25 05:56:53',NULL),(6,13,3,'Report2 Title','Description2','pending','2026-02-25 05:57:36',NULL),(7,13,3,'Report Title Test','Description Test','pending','2026-02-25 11:48:42',NULL),(8,13,3,'title','desc','pending','2026-02-25 12:29:27',NULL),(9,24,13,'Property Rigel','Description','pending','2026-02-26 05:00:14',NULL),(10,24,13,'Report 2','Description','pending','2026-02-26 05:01:47',NULL),(11,24,13,'Report Title','Description','pending','2026-02-26 05:02:06',NULL),(12,24,13,'Test','Dummy','pending','2026-02-26 05:08:14',NULL),(13,13,54,'Property','Description','pending','2026-03-05 11:45:30',NULL),(14,45,47,'test report propert','hello','pending','2026-04-23 08:17:21',NULL),(15,46,47,'Hostility','your hostility is very poor','pending','2026-04-23 11:20:28',NULL),(16,45,53,'Price','price is to high','pending','2026-04-23 17:47:13',NULL),(17,49,60,'Demo Report Title','Demo Description','pending','2026-04-24 12:13:19',NULL);

--
-- Table structure for table "safety_amenities_master"
--

DROP TABLE IF EXISTS "safety_amenities_master";
CREATE TABLE "safety_amenities_master" (
  "safety_id" integer GENERATED BY DEFAULT AS IDENTITY,
  "title" varchar(255) DEFAULT NULL,
  "created_at" timestamp NOT NULL DEFAULT CURRENT_TIMESTAMP,
  "updated_at" timestamp DEFAULT NULL,
  PRIMARY KEY ("safety_id")
);

--
-- Dumping data for table "safety_amenities_master"
--

INSERT INTO "safety_amenities_master" VALUES (1,'First Aid Kit','2025-07-23 09:52:01',NULL),(2,'Security Cameras','2025-07-23 09:52:01',NULL),(3,'Smoke Detector','2025-07-23 09:52:16',NULL),(4,'Carbon Monoxide Detector','2025-07-23 09:52:37',NULL),(5,'Fire Extinguisher','2025-07-23 09:52:37',NULL);

--
-- Table structure for table "seo_management"
--

DROP TABLE IF EXISTS "seo_management";
CREATE TABLE "seo_management" (
  "id" integer GENERATED BY DEFAULT AS IDENTITY,
  "page_slug" varchar(255) DEFAULT NULL,
  "meta_title" varchar(255) DEFAULT NULL,
  "canonical_url" varchar(500) DEFAULT NULL,
  "focus_keywords" varchar(500) DEFAULT NULL,
  "meta_description" text,
  "is_deleted" smallint NOT NULL DEFAULT '0',
  "created_at" timestamp NOT NULL DEFAULT CURRENT_TIMESTAMP,
  "updated_at" timestamp NOT NULL DEFAULT CURRENT_TIMESTAMP,
  PRIMARY KEY ("id")
);

--
-- Dumping data for table "seo_management"
--

INSERT INTO "seo_management" VALUES (2,'become-host','Complete Rental Solution to Get Started Quickly Today',NULL,NULL,'Get started with a complete rental solution that simplifies property management, improves visibility, streamlines bookings, and supports long-term business growth.',0,'2026-02-27 09:24:10','2026-04-24 13:04:58'),(8,'home','All-in-One Rental Solution by Flexsirent for Smart Owners',NULL,NULL,'Flexsirent delivers a powerful rental solution to manage properties, organize listings, track updates, and simplify operations, helping owners save time and grow faster',0,'2026-02-27 10:07:49','2026-04-24 13:04:58'),(14,'blogs','Blog on Online Rental Solution for Smart Property Management',NULL,NULL,'Explore expert tips and insights on using an online rental solution to manage properties efficiently, streamline bookings, and maximize rental business growth.',0,'2026-02-27 11:52:54','2026-04-24 13:04:58'),(15,'properties','Top Rental Properties | Flexsirent - Find Premium Homes for Rent',NULL,NULL,'Discover premium rental properties with Flexsirent. Get complete details on available properties, including prices, features, and amenities. Start your search for the perfect rental today!',0,'2026-02-27 13:05:27','2026-04-24 13:04:58'),(16,'property-details','Property Details for Booking | Modern Apartments with Best Rates',NULL,NULL,'Find accurate property details for booking including features, pricing, and nearby attractions. Enjoy smooth online booking with flexible terms and instant confirmation.',0,'2026-02-27 13:06:57','2026-04-24 13:04:58'),(17,'help','All-in-One Rental Solution by Flexsirent for Smart Owners',NULL,NULL,'Have questions about property details or booking? Contact our team for expert guidance, rental information, quick assistance, and smooth support.',0,'2026-02-27 13:07:38','2026-04-24 13:04:58');

--
-- Table structure for table "sub_admin_permissions_master"
--

DROP TABLE IF EXISTS "sub_admin_permissions_master";
CREATE TABLE "sub_admin_permissions_master" (
  "permission_id" integer GENERATED BY DEFAULT AS IDENTITY,
  "title" varchar(255) DEFAULT NULL,
  "created_at" timestamp NOT NULL DEFAULT CURRENT_TIMESTAMP,
  PRIMARY KEY ("permission_id")
);

--
-- Dumping data for table "sub_admin_permissions_master"
--

INSERT INTO "sub_admin_permissions_master" VALUES (2,'User Management','2025-10-10 06:28:00'),(3,'Host Management','2025-10-10 06:28:00'),(4,'Business Management','2025-10-10 06:28:00'),(5,'Host Business Management','2025-10-10 06:28:00'),(6,'Property Management','2025-10-10 06:28:00'),(7,'Booking Overview','2025-10-10 06:28:00'),(8,'Blog Management','2025-10-10 06:28:00'),(9,'Reviews','2025-10-10 06:28:00'),(11,'Booking Calendar','2025-10-10 06:28:00'),(12,'Chat Management','2025-10-10 06:28:00'),(13,'Policy Management','2025-10-10 06:28:00'),(14,'SEO Management','2025-10-10 06:28:00'),(15,'Manage Listing','2025-10-10 06:28:00'),(16,'Listing Request','2025-10-10 06:28:00'),(17,'Manage Reservation','2025-10-10 06:28:00'),(18,'Manage Inquiry','2025-10-10 06:28:00'),(19,'Report Management','2025-10-10 06:28:00'),(20,'Manage Service Fee','2025-10-10 06:28:00'),(21,'Manage Payout','2025-10-10 06:28:00'),(22,'Support Tickets','2025-10-10 06:28:00'),(23,'Contact Us','2025-10-10 06:28:00'),(24,'KYC Management','2025-10-10 06:28:00');

--
-- Table structure for table "subscription_master"
--

DROP TABLE IF EXISTS "subscription_master";
CREATE TABLE "subscription_master" (
  "subscription_id" integer GENERATED BY DEFAULT AS IDENTITY,
  "plan_key" varchar(50) NOT NULL,
  "plan_name" varchar(100) NOT NULL,
  "price" decimal(10,2) NOT NULL,
  "currency" varchar(10) NOT NULL DEFAULT 'EUR',
  "duration" varchar(255) NOT NULL DEFAULT 'monthly',
  "headline" varchar(150) NOT NULL,
  "content" text,
  "button_text" varchar(50) NOT NULL,
  "is_popular" smallint NOT NULL DEFAULT '0',
  "max_listings" varchar(255) NOT NULL,
  "basic_support" smallint NOT NULL DEFAULT '0',
  "dedicated_support" smallint NOT NULL DEFAULT '0',
  "analytics_level" varchar(255) NOT NULL DEFAULT 'none',
  "boosted_visibility" smallint NOT NULL DEFAULT '0',
  "featured_placement" smallint NOT NULL DEFAULT '0',
  "api_access" smallint NOT NULL DEFAULT '0',
  "is_active" smallint NOT NULL DEFAULT '1',
  "is_deleted" smallint NOT NULL DEFAULT '0',
  "created_at" timestamp NOT NULL DEFAULT CURRENT_TIMESTAMP,
  "updated_at" timestamp NOT NULL DEFAULT CURRENT_TIMESTAMP,
  PRIMARY KEY ("subscription_id"),
  CONSTRAINT "plan_key" UNIQUE ("plan_key")
);

--
-- Dumping data for table "subscription_master"
--

INSERT INTO "subscription_master" VALUES (1,'basic','Basic Plan',0.00,'EUR','monthly','Perfect for new hosts','[\"Active Listing\",\"Basic Support\",\"Standard Visibility\"]','Get Started Free',0,'1',1,0,'none',0,0,0,1,0,'2026-02-06 13:41:01','2026-02-13 11:20:54'),(2,'pro','Pro Plan',29.00,'EUR','monthly','For growing hosts','[\"Up to 10 Listings\",\"Analytics Dashboard\",\"Boosted Visibility\",\"Featured Placements\"]\n','Start Pro Trial',1,'10',1,0,'basic',1,1,0,1,0,'2026-02-06 13:41:01','2026-02-13 11:21:06'),(3,'business','Business Plan',69.00,'EUR','monthly','For property managers','[\"Unlimited Listings\",\"Advanced Analytics\",\"API Access\",\"Dedicated Support\"]\n','Get Started Free',0,'unlimited',1,1,'advanced',1,1,1,1,0,'2026-02-06 13:41:01','2026-02-13 11:21:16');

--
-- Table structure for table "support_address_master"
--

DROP TABLE IF EXISTS "support_address_master";
CREATE TABLE "support_address_master" (
  "support_address_id" integer GENERATED BY DEFAULT AS IDENTITY,
  "email" varchar(255) DEFAULT NULL,
  "phone_number" varchar(255) DEFAULT NULL,
  "address" text,
  "created_at" timestamp NOT NULL DEFAULT CURRENT_TIMESTAMP,
  PRIMARY KEY ("support_address_id")
);

--
-- Dumping data for table "support_address_master"
--

INSERT INTO "support_address_master" VALUES (1,'support@mailinator.com','+34 951 820 015','C/ Martínez Campos 5, Malaga, Spain','2025-09-04 15:08:52');

--
-- Table structure for table "support_ticket_master"
--

DROP TABLE IF EXISTS "support_ticket_master";
CREATE TABLE "support_ticket_master" (
  "ticket_id" integer GENERATED BY DEFAULT AS IDENTITY,
  "user_type" int DEFAULT NULL ,
  "id" int DEFAULT NULL,
  "property_id" int NOT NULL DEFAULT '0',
  "host_id" int NOT NULL DEFAULT '0',
  "message" text,
  "status" int NOT NULL DEFAULT '0' ,
  "reply_message" text,
  "reply_date" timestamp DEFAULT NULL,
  "created_at" timestamp NOT NULL DEFAULT CURRENT_TIMESTAMP,
  "updated_at" timestamp DEFAULT NULL,
  PRIMARY KEY ("ticket_id")
);

--
-- Dumping data for table "support_ticket_master"
--

INSERT INTO "support_ticket_master" VALUES (1,1,21,0,0,'This is a dummy Query',1,'[{\"role\":\"admin\",\"message\":\"Dummy Reply\",\"created_at\":\"2025-09-09T13:07:54.046Z\"}]','2025-09-09 13:07:54','2025-09-05 12:11:34',NULL),(2,1,21,22,10,'Please Describe Me the Actual Rate Of Property',1,'[{\"role\":\"admin\",\"message\":\"Dummy Reply\",\"created_at\":\"2025-09-09T13:07:30.988Z\"},{\"role\":\"host\",\"message\":\"This is a dummy Reply\",\"created_at\":\"2025-09-09T13:09:20.901Z\"},{\"role\":\"host\",\"message\":\"testing reply\",\"created_at\":\"2025-09-11T10:30:15.340Z\"},{\"role\":\"host\",\"message\":\"testing 2\",\"created_at\":\"2025-09-11T11:34:30.846Z\"}]','2025-09-11 11:34:31','2025-09-05 12:13:10',NULL),(3,2,10,0,0,'I have A query with adding the property',0,NULL,NULL,'2025-09-05 12:15:03',NULL),(4,1,13,17,5,'demo messsage',1,'[{\"role\":\"admin\",\"message\":\"Dummy Reply\",\"created_at\":\"2025-09-09T13:07:30.988Z\"},{\"role\":\"host\",\"message\":\"This is a dummy Reply\",\"created_at\":\"2025-09-09T13:09:20.901Z\"},{\"role\":\"host\",\"message\":\"testing reply\",\"created_at\":\"2025-09-11T10:30:15.340Z\"},{\"role\":\"host\",\"message\":\"testing 2\",\"created_at\":\"2025-09-11T11:34:30.846Z\"}]','2025-09-11 19:12:14','2025-09-09 14:47:10',NULL),(5,1,13,0,0,'demo message',0,NULL,NULL,'2025-09-09 14:48:00',NULL),(6,2,10,0,0,'hello',0,NULL,NULL,'2025-09-11 07:29:40',NULL),(7,1,13,17,5,'dummy1',1,'[{\"role\":\"admin\",\"message\":\"testing11\",\"created_at\":\"2025-09-12T08:27:01.012Z\"}]','2025-09-12 08:27:01','2025-09-11 14:00:07',NULL),(8,1,13,3,1,'Hi',0,NULL,NULL,'2025-09-12 09:42:10',NULL),(9,1,13,0,0,'Hello Im tring to book property but Im unable to book it',0,NULL,NULL,'2025-09-12 09:44:07',NULL),(10,1,13,13,5,'Hello this is the dummy message',1,'[{\"role\":\"host\",\"message\":\"Hello this is the dummy response\",\"created_at\":\"2025-09-12T09:52:57.141Z\"},{\"role\":\"admin\",\"message\":\"This is the dummy process to check the details\",\"created_at\":\"2025-09-12T09:54:21.633Z\"}]','2025-09-12 09:54:22','2025-09-12 09:52:19',NULL),(11,2,5,0,0,'Officia vel voluptat',0,NULL,NULL,'2025-09-12 10:31:25',NULL),(12,1,28,21,9,'this is dummy message to support.',1,'[{\"role\":\"admin\",\"message\":\"testing.\",\"created_at\":\"2025-09-17T13:06:03.717Z\"},{\"role\":\"host\",\"message\":\"thanks\",\"created_at\":\"2025-09-17T13:11:05.496Z\"},{\"role\":\"host\",\"message\":\"hello\",\"created_at\":\"2025-09-17T13:21:40.097Z\"}]','2025-09-17 13:21:40','2025-09-17 13:03:56',NULL),(13,1,28,0,0,'Issue',1,'[{\"role\":\"admin\",\"message\":\"ok\",\"created_at\":\"2025-09-17T13:28:15.891Z\"}]','2025-09-17 13:28:16','2025-09-17 13:27:00',NULL),(14,1,39,0,0,'Hi, can you help me?',0,NULL,NULL,'2026-02-05 11:10:10',NULL),(15,2,28,0,0,'hi, can you help me ?',0,NULL,NULL,'2026-02-05 11:53:46',NULL),(16,2,28,0,0,'Hi, how to replay this message ?',0,NULL,NULL,'2026-02-05 13:08:29',NULL),(17,2,28,0,0,'Hi, this is a dummy message.',0,NULL,NULL,'2026-02-05 13:14:32',NULL),(18,1,39,47,28,'hi, can you help me',1,'[{\"role\":\"admin\",\"message\":\"YesYesYes\",\"created_at\":\"2026-02-06T09:45:02.237Z\"},{\"role\":\"admin\",\"message\":\"hello\",\"created_at\":\"2026-02-18T06:14:46.742Z\"}]','2026-02-18 06:14:47','2026-02-05 13:24:55',NULL),(19,1,5,0,0,'Message Message Message Message Message Message Message Message Message Message Message Message Message Message Message Message Message Message Message Message Message Message Message Message Message Message Message Message Message Message Message Message Message Message Message Message Message Message Message Message Message Message Message Message Message Message Message Message Message Message Message Message Message Message Message Message Message Message Message Message Message Message Message Message Message Message Message Message Message Message Message Message Message Message Message Message Message Message Message Message Message Message Message Message Message Message Message Message Message Message Message Message Message Message Message Message Message Message Message Message Message Message Message Message Message Message Message Message Message Message Message Message Message Message Message Message Message Message Message Message Message Message Message Message Message Message Message Message Message Message Message Message Message Message Message Message Message Message Message Message Message Message Message Message Message Message Message Message Message Message Message Message Message Message Message Message Message Message Message Message Message Message Message Message Message Message Message Message Message Message Message Message Message Message Message Message Message Message Message Message Message Message Message Message Message Message Message Message Message Message Message Message Message Message Message Message Message Message Message Message Message Message Message Message Message Message Message Message Message Message Message Message Message Message Message Message Message Message Message Message Message Message Message Message Message Message Message Message Message Message Message Message Message Message Message Message Message Message Message Message Message Message Message Message Message Message Message Message Message Message Message Message Message Message Message Message Message Message Message Message Message Message Message Message Message Message Message Message Message Message Message Message Message Message Message Message Message Message Message Message Message Message Message Message Message Message Message Message Message Message Message Message Message Message Message Message Message Message Message Message Message Message Message Message Message Message Message Message Message Message Message Message Message Message Message Message Message Message Message Message Message Message Message Message Message Message Message Message Message Message Message Message Message Message Message Message Message Message Message Message Message Message Message Message Message Message Message Message Message Message Message Message Message Message Message Message Message Message Message Message Message Message Message Message Message Message Message Message Message Message Message Message Message Message Message Message Message Message Message Message Message Message Message Message Message Message Message Message Message Message Message Message Message Message Message Message Message Message Message Message Message Message Message Message Message Message Message Message Message Message Message Message Message Message Message Message Message Message Message Message Message Message Message Message Message Message Message Message Message Message Message Message Message Message Message Message Message Message Message Message Message Message Message Message Message Message Message Message Message Message Message Message Message Message Message Message Message Message Message Message Message Message Message Message Message Message Message Message Message Message Message Message Message Message Message Message Message Message Message Message Message Message Message Message Message Message Message Message Message Message Message Message Message Message Message Message Message Message Message Message Message Message Message Message Message Message Message Message Message Message Message Message Message Message Message Message Message Message Message Message Message Message Message Message Message Message Message Message Message Message Message Message Message Message Message Message Message Message Message Message Message Message Message Message Message Message Message Message Message Message Message Message Message Message Message Message Message Message Message Message Message Message Message Message Message Message Message Message Message Message Message Message Message Message Message Message Message Message Message Message Message Message Message Message Message Message Message Message Message Message Message Message Message Message Message Message Message Message Message Message Message Message Message Message Message Message Message Message Message Message Message Message Message Message Message Message Message Message Message Message Message Message Message Message Message Message Message Message Message Message Message Message Message Message Message Message Message Message Message Message Message Message Message Message Message Message Message Message Message Message Message Message Message Message Message Message Message Message Message Message Message Message Message Message Message Message Message Message Message Message Message Message Message Message Message Message Message Message Message Message Message Message Message Message Message Message Message Message Message Message Message Message Message Message Message Message Message Message Message Message Message Message Message Message Message Message Message Message Message Message Message Message Message Message Message Message Message Message Message Message Message Message Message Message Message Message Message Message Message Message Message Message Message Message Message Message Message Message Message Message Message Message Message Message Message Message Message Message Message Message Message Message Message Message Message Message Message Message Message Message Message Message Message Message Message Message Message Message Message Message Message Message Message Message Message Message Message Message Message Message Message Message Message Message Message Message Message Message Message Message Message Message Message Message Message Message Message Message Message Message Message Message Message Message Message Message Message Message Message Message Message Message Message Message Message Message Message Message Message Message Message Message Message Message Message Message Message Message Message Message Message Message Message Message Message Message Message Message Message Message Message Message Message Message Message Message Message Message Message Message Message Message Message Message Message Message Message Message Message Message Message Message Message Message Message Message Message Message Message Message Message Message Message Message Message Message Message Message Message Message Message Message Message Message Message Message Message Message Message Message Message Message Message Message Message Message Message Message Message Message Message Message Message Message Message Message Message Message Message Message Message Message Message Message Message Message Message Message Message Message Message Message Message Message Message Message Message Message Message Message Message Message Message Message Message Message Message Message Message Message Message Message Message Message Message v',0,NULL,NULL,'2026-02-06 08:06:09',NULL),(20,1,39,0,0,'Hi, Submit\nHi, Submit\nHi, Submit\nHi, Submit\nHi, Submit',0,NULL,NULL,'2026-02-06 09:29:08',NULL),(21,1,39,0,0,'Submit Submit Submit Submit Submit Submit Submit Submit Submit Submit Submit Submit Submit Submit ',1,'[{\"role\":\"admin\",\"message\":\"YesYesYesYesYes\",\"created_at\":\"2026-02-06T09:42:54.028Z\"}]','2026-02-06 09:42:54','2026-02-06 09:40:57',NULL),(22,2,28,0,0,'Hi, Send a Message to Your Business Partner Send a Message to Your Business Partner Send a Message to Your Business Partner',1,'[{\"role\":\"admin\",\"message\":\"Yes\",\"created_at\":\"2026-02-16T07:37:24.921Z\"}]','2026-02-16 07:37:25','2026-02-06 11:48:08',NULL),(23,2,2,0,0,'dummy message dummy message dummy message dummy message dummy message dummy message dummy message dummy message dummy message dummy message dummy message dummy message',0,NULL,NULL,'2026-02-16 10:06:15',NULL),(24,2,2,0,0,'dummy message dummy message',1,'[{\"role\":\"admin\",\"message\":\"Hello\",\"created_at\":\"2026-03-02T07:37:37.467Z\"}]','2026-03-02 07:37:37','2026-02-16 10:06:26',NULL),(25,2,2,0,0,'dummy message dummy message dummy message dummy message',0,NULL,NULL,'2026-02-16 10:06:46',NULL),(26,2,2,0,0,'Host Query',0,NULL,NULL,'2026-02-16 10:09:59',NULL),(27,2,2,0,0,'dummy',0,NULL,NULL,'2026-02-16 10:12:51',NULL),(28,2,2,0,0,'Host query1',0,NULL,NULL,'2026-02-16 10:16:59',NULL),(29,1,45,47,28,'Hii',1,'[{\"role\":\"host\",\"message\":\"Hello\",\"created_at\":\"2026-04-23T08:18:43.067Z\"}]','2026-04-23 08:18:43','2026-04-23 08:18:10',NULL),(30,1,45,0,0,'Hello',0,NULL,NULL,'2026-04-23 08:18:23',NULL),(31,1,49,60,52,'dummy message',1,'[{\"role\":\"admin\",\"message\":\"this side admin! how can i help you\",\"created_at\":\"2026-04-24T09:37:01.533Z\"},{\"role\":\"host\",\"message\":\"hii zachery\",\"created_at\":\"2026-04-24T11:02:10.762Z\"},{\"role\":\"host\",\"message\":\"i''m host\",\"created_at\":\"2026-04-24T11:36:33.583Z\"}]','2026-04-24 11:36:34','2026-04-24 09:35:59',NULL),(33,1,49,0,0,'this is other tab support message',1,'[{\"role\":\"admin\",\"message\":\"i''m admin\",\"created_at\":\"2026-04-24T11:37:56.020Z\"}]','2026-04-24 11:37:56','2026-04-24 11:37:10',NULL),(34,2,57,0,0,'heyyyy',0,NULL,NULL,'2026-04-24 13:46:06',NULL);

--
-- Table structure for table "user_subscription"
--

DROP TABLE IF EXISTS "user_subscription";
CREATE TABLE "user_subscription" (
  "user_subscription_id" integer GENERATED BY DEFAULT AS IDENTITY,
  "host_id" bigint NOT NULL,
  "subscription_id" int NOT NULL,
  "status" varchar(255) NOT NULL DEFAULT 'pending',
  "start_date" date DEFAULT NULL,
  "end_date" date DEFAULT NULL,
  "price" decimal(10,2) NOT NULL DEFAULT '0.00',
  "currency" varchar(10) NOT NULL DEFAULT 'EUR',
  "duration" varchar(255) NOT NULL DEFAULT 'monthly',
  "payment_status" varchar(255) NOT NULL DEFAULT 'PENDING',
  "stripe_session_id" varchar(255) DEFAULT NULL,
  "stripe_payment_intent" varchar(255) DEFAULT NULL,
  "is_deleted" smallint NOT NULL DEFAULT '0',
  "created_at" timestamp NOT NULL DEFAULT CURRENT_TIMESTAMP,
  "updated_at" timestamp NOT NULL DEFAULT CURRENT_TIMESTAMP,
  PRIMARY KEY ("user_subscription_id")
);

--
-- Dumping data for table "user_subscription"
--

--
-- Table structure for table "user_wishlists"
--

DROP TABLE IF EXISTS "user_wishlists";
CREATE TABLE "user_wishlists" (
  "id" bigint GENERATED BY DEFAULT AS IDENTITY,
  "user_id" bigint NOT NULL,
  "property_id" bigint NOT NULL,
  "created_at" timestamp NOT NULL DEFAULT CURRENT_TIMESTAMP,
  "updated_at" timestamp NULL DEFAULT NULL,
  "deleted_at" timestamp NULL DEFAULT NULL,
  PRIMARY KEY ("id")
);

--
-- Dumping data for table "user_wishlists"
--

INSERT INTO "user_wishlists" VALUES (1,13,3,'2026-02-06 10:27:33','2026-02-13 11:06:13',NULL),(2,13,13,'2026-02-06 11:57:51','2026-02-06 13:47:03',NULL),(3,13,15,'2026-02-06 11:58:05','2026-02-13 11:02:44','2026-02-13 11:02:44'),(4,13,17,'2026-02-06 11:58:32','2026-02-06 11:58:41','2026-02-06 11:58:41'),(5,45,47,'2026-04-23 08:01:48',NULL,NULL),(6,45,58,'2026-04-23 10:22:46',NULL,NULL),(7,49,60,'2026-04-24 07:34:27',NULL,NULL);

--
-- Table structure for table "users"
--

DROP TABLE IF EXISTS "users";
CREATE TABLE "users" (
  "id" integer GENERATED BY DEFAULT AS IDENTITY,
  "user_type" int NOT NULL DEFAULT '1' ,
  "first_name" varchar(255) DEFAULT NULL,
  "last_name" varchar(255) DEFAULT NULL,
  "business_name" varchar(255) DEFAULT NULL,
  "email" varchar(255) DEFAULT NULL,
  "phone" varchar(20) DEFAULT NULL,
  "phone_code" int DEFAULT NULL,
  "password" varchar(255) DEFAULT NULL,
  "address" text,
  "nationality" varchar(255) DEFAULT NULL,
  "country" varchar(255) DEFAULT NULL,
  "dob" date DEFAULT NULL,
  "about" text,
  "gender" varchar(255) DEFAULT NULL,
  "profile_image" varchar(255) DEFAULT NULL,
  "act_token" varchar(255) DEFAULT NULL,
  "fcm_token" varchar(255) DEFAULT NULL,
  "is_verify" smallint NOT NULL DEFAULT '0' ,
  "is_active" smallint NOT NULL DEFAULT '1' ,
  "is_blocked" smallint NOT NULL DEFAULT '0' ,
  "added_by" int DEFAULT NULL,
  "number_of_bookings" int DEFAULT NULL,
  "delete_flag" int NOT NULL DEFAULT '0' ,
  "created_at" timestamp NOT NULL DEFAULT CURRENT_TIMESTAMP,
  "updated_at" timestamp DEFAULT NULL,
  PRIMARY KEY ("id")
);

--
-- Dumping data for table "users"
--

INSERT INTO "users" VALUES (1,1,'Abhay','Mourya',NULL,'abhay.ctinfotech@gmail.com',NULL,NULL,'$2a$12$ZIhkR6Z.NP5hDkFW/sSqgeI0hLlTzfY/GwEMOtxcdpzulXA0Pwcfq',NULL,NULL,NULL,NULL,'',NULL,NULL,NULL,NULL,1,1,0,NULL,NULL,0,'2025-06-18 17:05:45','2026-01-15 11:54:51'),(2,1,'Info','Inof',NULL,'rohangupta8225@gmail.com','7854545612',NULL,'$2b$12$IsHkV3W0iCI6uNpTG4JQreYgglq7vSXEWZfSIOBOwwSp550Hy0O9u','Indore','Indian',NULL,'2000-10-15',NULL,'gender','file1752732464333.jpg','G5z9EfNOwQi11X5NkUPPWIzgc4c',NULL,1,1,0,NULL,NULL,0,'2025-07-10 16:44:07','2025-07-25 13:48:28'),(3,1,'Info','Inof',NULL,'mario@mailinator.com',NULL,NULL,'$2b$12$FUDvEg.9HImkIvj.VfeVS.yoW65fSZILhTuhcyqTqb1GnTvYi03P6',NULL,NULL,NULL,NULL,NULL,NULL,NULL,'5da9567468d8a1d53e5339e409c0191b',NULL,0,1,0,NULL,NULL,0,'2025-07-10 16:47:11',NULL),(4,1,'Info','Inof',NULL,'vjhhj@mailinator.com',NULL,NULL,'$2b$12$jASs2yxKuESOrfdCUQPWjOqCjPAH88CNf7w4dd1LtR7nBCo3qhmg6',NULL,NULL,NULL,NULL,NULL,NULL,NULL,'7ced3d7630a44fab0de33264d08f377b',NULL,0,1,0,NULL,NULL,0,'2025-07-10 17:06:36',NULL),(5,1,'Info','Inof',NULL,'john@mailinator.com','7854545612',NULL,'$2b$12$PfA7csfdUwcbf.18CLhXeOKhsLZEy.aMWUCv/scea7NedrNqC4vau','Indore','Indian',NULL,'2000-10-15',NULL,'gender',NULL,NULL,NULL,1,0,0,NULL,NULL,0,'2025-07-11 11:09:29','2026-02-06 08:03:38'),(6,1,'Amanda','Harris',NULL,'amanda@mailinator.com',NULL,NULL,'$2b$12$/.R6U17kAPHKu8Eun4J9W.PZcU/4OasF2i0YRPTjdAPTHroZNIgMi',NULL,NULL,NULL,NULL,NULL,NULL,NULL,'3e0f246abf34daa2e8164fd81f1b294f',NULL,0,1,0,NULL,NULL,0,'2025-07-17 16:35:40',NULL),(7,1,'Kelly','Gregory',NULL,'kelly@mailinator.com',NULL,NULL,'$2b$12$e0MuKkReqTEIrAFlQTkVPOZdOm9O2hrPpZP3AwwriAMNtlxkaptYa',NULL,NULL,NULL,NULL,NULL,NULL,NULL,'09f8f08979920869ab65ff83db598590',NULL,0,1,0,NULL,NULL,0,'2025-07-17 16:40:50',NULL),(8,1,'Ayanna','Barnett',NULL,'ayanna@mailinator.com',NULL,NULL,'$2b$12$CYgitjq3w5NCRNaStV82DeyvVFwYmySbtVRQicup0PCnXtr4w.vE.',NULL,NULL,NULL,NULL,NULL,NULL,NULL,'13a38f9ddc5da2da6e5df178c4f774cb',NULL,0,1,0,NULL,NULL,0,'2025-07-17 16:42:57',NULL),(9,1,'India','Austin',NULL,'nilip@mailinator.com',NULL,NULL,'$2b$12$aawPfB6yelmt7tMhIwo1i.tw5eGZ7/70JBIy1msK3IHhB3cQ9R13S',NULL,NULL,NULL,NULL,NULL,NULL,NULL,'4123ce4b9bf140b4cd6ef5178685e7f1',NULL,0,1,0,NULL,NULL,0,'2025-07-17 16:43:43',NULL),(10,1,'Calvin','Heath',NULL,'medaceten@mailinator.com',NULL,NULL,'$2b$12$2LNM1H5Cofd1XPTzCi004usjYMbCy/mDxY8Ym0Sj.UfDWN9tJGMRO',NULL,NULL,NULL,NULL,NULL,NULL,NULL,'132895e75143e38377c3951cb3a3a979',NULL,0,1,0,NULL,NULL,0,'2025-07-17 16:47:45',NULL),(11,1,'Rhona','Chaney',NULL,'kifaqofus@mailinator.com',NULL,NULL,'$2b$12$dzaRok.4o0wQcrwmYyesP.8Sm28cFE5nfxe0fQtLMWGzlpwEo17lm',NULL,NULL,NULL,NULL,NULL,NULL,NULL,'11003d7a168f3fe9da1937722ce47a1f',NULL,0,1,0,NULL,NULL,0,'2025-07-17 16:51:06',NULL),(12,1,'Hall','Moran',NULL,'hall@mailinator.com',NULL,NULL,'$2b$12$VKO1DSUdDoBYefWYfBKMEeDsI5z/mdID.9mtBUVBAyTbga5JxZx5K',NULL,NULL,NULL,NULL,NULL,NULL,NULL,'7abc18d9c9c94787e268836abc7614b3',NULL,0,1,0,NULL,NULL,0,'2025-07-17 16:53:06',NULL),(13,1,'Whitney12','Moss',NULL,'whitney@mailinator.com','+918754878548',NULL,'$2b$12$bPRsanj30.E4JxhAwUmniuzAN04w9IAV0UVBzz1Ia6b8S9dguAXVO','Qui qui quo dolor do','Indian',NULL,'2025-10-01',NULL,'Male','file1770292627373.jpg','vWz81FGgkKweaJPViae5x2DaO4c',NULL,1,1,0,NULL,NULL,0,'2025-07-17 17:27:54','2026-02-13 12:21:26'),(14,1,'Info','Inof',NULL,'max@mailinator.com','7854545612',NULL,'$2b$12$X4DLd.Sh7LVlwWUDMQFBhO6RaABlBqdlrSq6RxV3GY8m8b2gPXiJG','Indore','Indian',NULL,'2000-10-15',NULL,'gender',NULL,'',NULL,1,1,0,NULL,NULL,0,'2025-07-18 14:55:54','2025-07-18 13:07:59'),(15,1,'Abhay','Mourya',NULL,'mourya@mailinator.com','8548548548',NULL,'$2b$12$PXjBVqACfoJ12SvWBbwE..valD1w9CyVe.MPuys5nmGS6m9OHsJh6','519, Palacia','Indian',NULL,'2025-07-18',NULL,'Male','file1752843695779.jpg','',NULL,1,1,0,NULL,NULL,0,'2025-07-18 15:06:11','2025-07-18 13:04:12'),(16,2,'Mourya','Abhay','Website Testing','mourya45@mailinator.com','+61485968474',NULL,'$2b$12$IsHkV3W0iCI6uNpTG4JQreYgglq7vSXEWZfSIOBOwwSp550Hy0O9u',NULL,NULL,'India',NULL,NULL,NULL,NULL,'tDiTOzK__Yo0P-i0A5QOB-Bkd-8',NULL,1,1,0,NULL,NULL,0,'2025-07-18 15:11:02','2026-03-10 07:14:34'),(17,1,'Gopal','Gopal',NULL,'gopal@malinato.com',NULL,NULL,'$2b$12$O6TKrmxcOB5laC07JGaJl.Aj7/jr6kzpxeWdqeNznrlWSkS1SkBJK',NULL,NULL,NULL,NULL,NULL,NULL,NULL,'20395de00f33821782f2425b7986a760',NULL,0,1,0,NULL,NULL,0,'2025-07-22 18:48:36',NULL),(18,1,'Raymond','Winters',NULL,'r@mailinator.com','9754858585',NULL,'$2b$12$SZgoonfx9FGy2.7ae9jZTe1xF0mLlNT9F23O4Xgs2wgwWE1Z1o3tW','palacia','Indian',NULL,'2025-08-01',NULL,'Male','file1754056724319.png',NULL,NULL,1,1,0,NULL,NULL,0,'2025-07-25 13:14:17','2025-08-01 13:58:44'),(19,1,'Charls','Tales',NULL,'c@mailinator.com','1500015000',NULL,'$2b$12$PhpXYdWcxcnYOkrNc439UeUBl9mlwHH5W98cE1yGIasEZXLKWm50q','UAE','Indian',NULL,'2013-03-25',NULL,'Male','file1753449454450.jpg','',NULL,1,1,0,NULL,NULL,0,'2025-07-25 13:15:21','2025-07-25 13:18:07'),(20,1,'hardin','scott',NULL,'hardin@mailinator.com',NULL,NULL,'$2b$12$jNAmN0xV1LBh.G1PqJ4hwe7cdQ/cZeYDckCzVNFuLeZJYlBhjk7si',NULL,NULL,NULL,NULL,NULL,NULL,NULL,'c10b2c5737fb60790225d65cfec3a18f',NULL,0,1,0,NULL,NULL,0,'2025-07-25 14:23:29','2025-07-28 06:24:15'),(21,1,'hardin','scott',NULL,'hardin@yopmail.com','9754858585',NULL,'$2b$12$PWoTesoN6FKzDURXgHYGo.r6yNvXfYXUJxhulf7i7H.Hl6dNka3zm','palacia','Indian',NULL,'2000-06-26',NULL,'Male','file1753453603269.jpg','',NULL,1,1,0,NULL,NULL,0,'2025-07-25 14:24:43','2025-07-25 14:27:34'),(22,1,'Samantha','Lara',NULL,'momaboboxa@mailinator.com',NULL,NULL,'$2b$12$Iwgbn5jofdPfIjcBr6MxOuZ17mmYpY.Zmuu7cMSECHkVvOIkQi9Um',NULL,NULL,NULL,NULL,NULL,NULL,NULL,'',NULL,1,0,0,NULL,NULL,0,'2025-07-25 15:57:16','2025-07-25 15:57:35'),(23,2,'Xantha','Dalton',NULL,'xantha@mailinator.com',NULL,NULL,'$2b$12$kpsUVpcYA9mqSKTkElU3w.sO8Ha1S0lNWb1p18Xwiah6pnf1Juj5.',NULL,NULL,NULL,NULL,NULL,NULL,NULL,'',NULL,1,1,0,NULL,NULL,0,'2025-07-28 10:00:01','2025-07-29 06:40:57'),(24,2,'Abhay','Mourya','VANYA','mourya18@mailinator.com','+919754854871',NULL,'$2b$12$65MOCOKQCYEaXIED1yLNg.U8Tky6yqF36qa3rCUTDkb3JMzPE5Jdi',NULL,NULL,'India',NULL,NULL,NULL,'file1771230514491.png','',NULL,1,1,0,NULL,NULL,0,'2025-08-01 12:57:36','2026-02-17 07:09:19'),(25,1,'Tate','Burris',NULL,'zejehi@mailinator.com',NULL,NULL,'$2b$12$OXQWdQRbsAWjVUJzAaYCweQKLJlGcnp7G8t/Gwxn9H/hilzNO/G7G',NULL,NULL,NULL,NULL,NULL,NULL,NULL,NULL,NULL,1,1,0,0,NULL,0,'2025-08-12 07:00:26',NULL),(26,1,'Jami','Gertz',NULL,'jami@mailinator.com','8839786863',NULL,'$2b$12$crw0bhPstX6tYJNuhfieBuiazqWipghXgDlfonX0aEXPE53bn9eSG','Indore','Indian',NULL,'2003-12-28',NULL,'Male','file1756984359189.png','',NULL,1,1,0,NULL,NULL,0,'2025-09-04 11:09:54','2025-09-04 11:12:39'),(27,1,'Dennis','Moss',NULL,'dennis@mailinator.com',NULL,NULL,'$2b$12$3KA1tfCbPOK5oCUI.R.CXuUlnEVea.7EowYU/GImHyledWlW5IR5i',NULL,NULL,NULL,NULL,NULL,NULL,NULL,'',NULL,1,1,0,NULL,NULL,0,'2025-09-17 08:29:20','2025-09-17 08:29:38'),(28,1,'clay','scott',NULL,'clay@mailinator.com',NULL,NULL,'$2b$12$XC9iVtEGfUFArPwdnrw8euVZYDQxIEKoHI8tMMa/mQGdibh9oPLam',NULL,NULL,NULL,NULL,NULL,NULL,NULL,'',NULL,1,1,0,NULL,NULL,0,'2025-09-17 12:02:11','2025-09-17 12:04:20'),(29,1,'White Clele','Ruth Barry',NULL,'hardin12@yopmail.com',NULL,NULL,'$2b$12$2p6SwA.BvlqM1SEKHNg30u/.AHVY9ic4TycakhPqfmMnZv7mEayRW',NULL,NULL,NULL,NULL,NULL,NULL,NULL,NULL,NULL,1,0,0,0,NULL,0,'2025-10-10 09:42:45',NULL),(30,1,'Noah','Johansson',NULL,'noah@yopmail.com','485968474',NULL,'$2b$12$lPYplGAxTaP.EhnoReBLyeliKTC03G8djiFCJxLaPCtNE0AsIF4yu','Qui qui quo dolor do','Indian',NULL,'2025-10-15',NULL,'Male','file1760527715776.png','',NULL,1,1,0,NULL,NULL,0,'2025-10-15 11:17:09','2025-10-15 11:30:15'),(31,1,'Hazel','Wood',NULL,'hazelwood@mailinator.com',NULL,NULL,'$2b$12$vvtgoKgM.kVuCKDHIyLN8uf./nIU9J2yfG7s9eLDXruqI/FUl6hrG',NULL,NULL,NULL,NULL,NULL,NULL,NULL,NULL,NULL,1,1,0,24,5,0,'2025-10-29 09:54:07','2025-10-30 08:01:24'),(32,1,'Jack','Jimenez',NULL,'Jack@mailinator.com',NULL,NULL,'$2b$12$9AF98rwzKYJcaEsQd0Xjl.MvIFfsC7lhmp8MgtnCc0l.L394aLhNG',NULL,NULL,NULL,NULL,NULL,NULL,NULL,NULL,NULL,1,1,0,24,2,0,'2025-10-30 07:57:18',NULL),(33,1,'harle','Delgado',NULL,'harle@gmail.com',NULL,NULL,'$2b$12$X.in0BKaUBYd2h7GErxoZeWqr9xwtWi7c9mLf7CfILU1j6WuLyod.',NULL,NULL,NULL,NULL,NULL,NULL,NULL,NULL,NULL,1,1,0,24,2,0,'2025-10-30 08:01:18','2025-10-31 10:22:24'),(34,1,'alison','burger',NULL,'alison@mailinator.com',NULL,NULL,'$2b$12$Zpj6bOuigas7yu7HjoIlzeNcjgFaTEGqqFxpTwaDT7venKioWuM/O',NULL,NULL,NULL,NULL,NULL,NULL,NULL,NULL,NULL,1,1,1,24,1,0,'2025-10-31 10:25:23','2025-11-03 07:48:23'),(35,1,'Boris','Howard',NULL,'boris@mailinator.com',NULL,NULL,'$2b$12$13EdH9o2cucAQc35O5n3YeO5AlNQSIls9FxJ0eeS0dnUWGASeWNsC',NULL,NULL,NULL,NULL,NULL,NULL,NULL,'',NULL,1,1,0,NULL,NULL,0,'2025-10-31 10:42:42','2025-10-31 10:42:56'),(36,2,'Tony','Stark','Stark Industries','tony.stark@mailinator.com','7854685424',NULL,'$2b$12$tzv50o1KZB38kSU.jQpfjuLenFWW/3JWo2SXvi4vYV5Tf8vh.yQsm',NULL,NULL,'India',NULL,NULL,NULL,NULL,'g6wRTnRlNNprjI0syNoUBc9BpTA',NULL,1,1,0,NULL,NULL,0,'2026-01-22 06:07:26','2026-01-23 07:39:48'),(37,1,'Doom','Strange',NULL,'doom.strange@mailinator.com','7854265895',NULL,'$2b$12$/nZqwT6RdKGf5QTdbuGqquSTd4LHyCPAjq0HqIRQirVXpcOGM1l7K','jetjdjr','Indian',NULL,'1990-06-25',NULL,'Male',NULL,'',NULL,1,1,0,NULL,NULL,0,'2026-01-22 06:14:14','2026-01-23 09:25:32'),(38,1,'Natasha','Brainstorm',NULL,'natasha.brainstrom@mailinator.com',NULL,NULL,'$2b$12$c63y62t.eVxczbSvrzhExOMJGP.ZR2wS5PLxLdh1/GN4YQEUj7vnu',NULL,NULL,NULL,NULL,NULL,NULL,NULL,NULL,NULL,1,1,0,36,3,0,'2026-01-23 07:57:29','2026-01-23 09:27:03'),(39,1,'Nita','Lock',NULL,'nita@mailinator.com','8529637415',NULL,'$2b$12$byQQkC4pir9Ce9EQKNDMr.w.PmGitKywFio2sUzT4CMlyQJYsu/RW','54, Station Road, Indore, Madhya pradesh, 455001','Indian',NULL,'1990-01-21',NULL,'Female',NULL,NULL,NULL,1,1,0,NULL,NULL,0,'2026-02-03 11:58:59','2026-02-05 11:09:18'),(40,2,'Mita','Lock','Mita''s Property','mita@mailinator.com','8527419634',NULL,'$2b$12$EDHxAmSiezXW2ok9pulXPOPusr4klHjn9LzimQHX6YGhLebsZY52a',NULL,NULL,'India',NULL,NULL,NULL,NULL,'',NULL,1,1,0,NULL,NULL,0,'2026-02-03 12:59:37','2026-02-03 13:02:04'),(41,1,'Harshit','Rajpal',NULL,'harshit12@mailinator.com','6456363356',NULL,'$2b$12$OaYafhTGRpWOJVXD57cLweEekPfpS498NIexfgrSYMDcNJ6MW990K','Indore MP','Indian',NULL,'2022-02-05',NULL,'Male',NULL,'',NULL,1,1,0,NULL,NULL,0,'2026-02-05 11:44:05','2026-02-05 11:52:41'),(42,1,'Harshit','Rajpal',NULL,'h123@mailinator.com',NULL,NULL,'$2b$12$UMNmffU8SBLFXDQkcxMOEey9IN6IleZYC9SNNfjzHFkuZVrRladDa',NULL,NULL,NULL,NULL,NULL,NULL,NULL,'0ecfd800b16f3af782b300fb3e9bfa7b',NULL,0,1,0,NULL,NULL,0,'2026-02-06 08:08:43',NULL),(43,1,'Amit','Yadav',NULL,'amit@mailinator.com',NULL,NULL,'$2b$12$FGZ5gCxOUiPB7NErWCXDUeWNe7CsVdnnpCsri4p9lgjRgY8Y6dseW',NULL,NULL,NULL,NULL,NULL,NULL,NULL,NULL,NULL,1,1,0,40,5,0,'2026-02-06 10:01:44','2026-03-12 13:38:10'),(44,1,'Hadley','Gilmore',NULL,'zekuzumasi@mailinator.com',NULL,NULL,'$2b$12$3evrSMSqc.Txf1ggwHhEZ.LE8VGXvZjHB1FEzkoFVkE//8kV72zaO',NULL,NULL,NULL,NULL,NULL,NULL,NULL,'',NULL,1,1,0,NULL,NULL,0,'2026-02-17 07:58:35','2026-02-17 07:58:47'),(45,1,'Aarav','Sharma',NULL,'aarav@mailinator.com','+919988776655',NULL,'$2b$12$ykMS7oHEYS2swkDPlAiNdenGNEEDO/S9fQ5x8MWLugvp7.5fCoJaa','120/B, Sector 70, New Delhi','Indian',NULL,'1990-01-21',NULL,'Male','file1776929612190.jpg','',NULL,1,1,0,NULL,NULL,0,'2026-04-23 07:12:18','2026-04-23 07:33:32'),(46,2,'Priya','Patel','Patel Buliders','priya@mailinator.com','+919900234515',NULL,'$2b$12$H2eEvRaWOzXTw2ts0tYWcOjsJxa6RkBKuMo3I1lKSdcy5RwZqmOzS',NULL,NULL,'India',NULL,NULL,NULL,'file1776929797668.jpg','',NULL,1,1,0,NULL,NULL,0,'2026-04-23 07:15:30','2026-04-23 07:36:37'),(47,1,'Harry','Singh',NULL,'harry123@mailinator.com',NULL,NULL,'$2b$12$0PmwDcX4d60/Y6FCdeXSWuZStcGrRVRzrTkGuuenRDEvut1odXLZW',NULL,NULL,NULL,NULL,NULL,NULL,NULL,NULL,NULL,1,1,0,46,10,0,'2026-04-23 11:13:13','2026-04-23 11:51:37'),(48,1,'Oren','Perkins',NULL,'oren@mailinator.com',NULL,NULL,'$2b$12$h4OMhwmvxCLy5OEdCePTWOOWsBpb36/BPdRn9npibMI8mslB3/rRK',NULL,NULL,NULL,NULL,NULL,NULL,NULL,'',NULL,1,1,0,NULL,NULL,0,'2026-04-24 06:37:41','2026-04-24 06:38:04'),(49,1,'Zachery','Lara',NULL,'zachery@mailinator.com',NULL,NULL,'$2b$12$DejN/BT3w3p2y.rywQcg5ODfqbWkPuE3YGYWORqdDWurqkce8rCQ2',NULL,NULL,NULL,NULL,NULL,NULL,NULL,'',NULL,1,1,0,NULL,NULL,0,'2026-04-24 06:39:25','2026-04-24 06:39:47'),(50,2,'harry','son',NULL,'harryson@yopmail.com',NULL,NULL,'$2b$12$mSC9MRYk/MBw8EuyA8XG4etwv./k1nkg7TQob/ktUWaAZ78sJqIhe',NULL,NULL,NULL,NULL,NULL,NULL,NULL,'',NULL,1,1,0,NULL,NULL,0,'2026-04-24 09:59:00','2026-04-24 09:59:53'),(51,2,'william','son',NULL,'williamson@yopmail.com',NULL,NULL,'$2b$12$fyT32XIPXBNidUSMUyKm2.A4EkOQpoTR7X/bPU1m6inMJVO/QCASO',NULL,NULL,NULL,NULL,NULL,NULL,NULL,'',NULL,1,1,0,NULL,NULL,0,'2026-04-24 11:26:53','2026-04-24 11:27:29'),(52,1,'lone','wane',NULL,'lone@yopmail.com',NULL,NULL,'$2b$12$w4d3A6iab.zVgY3XT3Z3B.Fa4YRG7nUBR7YVzny.Ig7bjoDFU0f0m',NULL,NULL,NULL,NULL,NULL,NULL,NULL,NULL,NULL,1,1,0,51,2,0,'2026-04-24 12:15:14',NULL);

--
-- Dumping routines for database 'flexsirent_db'
--

-- Dump completed on 2026-04-28 13:36:26
